time_stamp,group,sub_jap,sub_trad_en,sub_trad_sp
00:48.8,official,それでは,Now then...,"Muy bien, muchachos."
00:50.5,official,ホームルームを始めます,...let's get started.,Es hora de comenzar la clase.
00:52.7,official,日直の人は号令を,"Student on duty, on your command.","Estudiante a cargo, adelante."
00:54.9,official,き…起立,S-Stand up!,Sí. De pie.
01:00.1,official,気を付け,Attention!,Atención.
01:05.0,official,礼,Bow!,Ahora.
01:09.7,official,おはようございます,Good morning.,Buenos días a todos.
01:11.6,official,発砲したままで結構ですので　出欠をとります,Fire all you like--I'll just be taking attendance.,Sigan disparando mientras paso lista.
01:15.2,official,磯貝君,Isogai?,¿Yuma Isogai?
01:16.7,official,はい,Here!,Presente.
01:18.0,official,すみませんが　銃声の中なので　大きな声で,"I'm sorry, you'll have to speak up with all this gunfire.","Tienes que hablar más fuerte,  no te oigo con tantos disparos."
01:21.4,official,はい,Here!,Presente.
01:22.3,official,岡島君,Okajima?,¿Taiga Okajima?
01:23.6,official,はい,Here!,Presente.
01:24.3,official,奥田さん,Okuda!,
01:25.5,official,はい,Here!,Presente.
01:26.3,official,片岡さん,Kataoka?,¿Megu Kataoka?
01:27.4,official,はい,Here!,
01:28.0,official,茅野さん,Kayano?,¿Kaede Kayano?
01:28.9,official,はい,Here!,Presente.
01:29.5,official,神崎さん,Kanzaki!,¿Yukiko Kanzaki?
01:30.5,official,はい,Here!,Presente.
01:33.3,official,はい　遅刻なしっと,All right.,Listo.
01:36.0,official,素晴らしい　先生　とてもうれしいです,No tardies. Excellent! That makes me very happy.,Ninguno ha llegado tarde. Excelente. Eso es algo que me da mucho gusto.
01:39.4,official,速過ぎ,He's too fast.,Es muy rápido.
01:40.9,official,クラス一斉射撃で駄目なのかよ,So the whole class shooting at him doesn't work?,¿Con todos disparando y no pudimos darle?
01:43.5,official,僕らは,We,Somos...
01:45.0,official,殺し屋,are killers.,asesinos.
01:46.5,official,僕らのターゲットは,And our target,Y el objetivo es...
01:49.1,official,先生,is our teacher.,nuestro profesor.
01:50.1,official,残念ですねぇ,Too bad.,Muy mal
01:51.6,official,今日も命中弾ゼロです,Not a single bullet,Ni una bala dio en el blanco.
01:54.0,official,数に頼る戦術は　個々の思考を疎かにする,"hit its mark today, either.",Los métodos de números absolutos carecen de un enfoque individual.
01:57.6,official,目線　銃口の向き　指の動き,"Line of sight, barrel position, finger movement--","La línea de visión, la colocación del cañón, la posicion de los dedos."
02:01.4,official,一人一人が単純過ぎます,each of these is far too simple.,Fue fácil predecir sus movimientos.
02:04.0,official,もっと工夫しましょう,You've got to be more inventive!,Sean más creativos.
02:05.9,official,でないと,Otherwise...,"Si no, a mi velocidad máxima de Mach 20"
02:07.4,official,最高速度マッハ20の先生は　殺せませんよ,...you'll never be able to kill me at my max speed of Mach 20.,nunca podrán matarme.
02:12.2,official,いや　ていうかさ,"But, like, see...","No, eso no es posible."
02:14.4,official,本当に全部よけてんのかよ　先生,No way did you seriously dodge all of those!,No hay forma de que esquivara tantos disparos.
02:16.6,official,どう見ても これ　ただのBB弾だろ,"I mean, these are just BB's.","Solo son balines. Aunque le diéramos con ellos,"
02:19.8,official,当たってるのに　我慢してるだけじゃないの,You coulda just stood there grittin' your teeth as they hit you.,"podría aguantar el dolor, pero nunca lo matarían."
02:22.6,official,そうよ　そうだよ,Yeah! That's right!,Sí. Tienes razón. No son balas de verdad.
02:26.2,official,では　弾を込めて渡しなさい,Gather up the BB's and hand them over.,Pásenme un arma que esté cargada.
02:29.4,official,言ったでしょう,I told you: these may be harmless to you...,"Ya se los dije, quizás sean inofensivos para ustedes."
02:31.0,official,この弾は君たちにとっては無害ですが,,
02:36.6,official,国が開発した対先生用特殊弾です,...but they're special anti-me BB's developed by the government.,Pero son balines especiales desarrollados por el gobierno.
02:40.4,official,当たれば　先生の細胞を豆腐のように破壊できる,"If one hits me, it can slice through my cells like they were tofu.","Si uno me golpea, puede cortar mis células como si fueran tofu."
02:45.0,official,もちろん数秒あれば再生しますが,"Of course, they regenerate a few seconds later.",Aunque se regeneran unos segundos despúes.
02:48.5,official,だが　君たちも目に入ると危ない,"Then again, you could end up shooting your eyes out.",Me preocupa más que pudieran sacarse un ojo.
02:52.2,official,先生を殺す以外の目的で室内での発砲はしないように,No shooting in the classroom unless you're trying to kill me.,Por eso no deben disparar en el aula a menos que intenten matarme.
02:57.5,official,殺せるといいですね　卒業までに,"I do hope you can kill me before graduation, that is.",Y espero que puedan lograrlo antes del día de la graduación.
03:02.0,official,さあ　銃と弾を片付けましょう,"Now then, let's put away the guns and BB's and start on our work.",Ahora guardemos las armas y las municiones y comencemos la clase.
03:04.8,official,授業を始めます,,
03:08.1,official,椚ヶ丘中学校３-Eは　暗殺教室,Class 3-E of Kunugigaoka Junior High School: the assassination classroom.,La clase 3-E de la Secundaria Kunugigaoka: el aula de asesinatos.
03:13.6,official,始業のベルが　今日も鳴る,"Another day, another class bell rings.",Suena la campana y empieza la clase.
04:56.5,official,はい　ここで問題です,"Now, here's the question:","Bien, responde la pregunta,"
04:58.9,official,磯貝君,Isogai!,Isogai.
05:00.3,official,はい,"Y-Yes, sir?",Sí.
05:01.2,official,この4本の触手のうち　仲間外れは,Which of these four tentacles is not like the others?,Di qué tentáculo señala al pronombre diferente.
05:04.4,official,ええと　青い触手,Um... the blue one?,Creo que el azul.
05:06.7,official,正解　青の例文の「WHO」だけが関係詞です,"Correct! Only the ""who"" in the blue sentence is a relative pronoun."," Es correcto. Solo el ""quién"" en esa oración es un pronombre relativo."
05:11.4,official,関係代名詞は直前の名詞を修飾し,"A relative pronoun qualifies the noun right before it, so here,",
05:14.4,official,ここでは「who is standing over there」が,"""who is standing over there"" is describing ""boy"" over here.",
05:17.5,official,前の「the boy」少年を説明しています,,
05:12.2,official,ねえ　渚,"Hey, Nagisa.","Oye, Nagisa."
05:16.1,official,昼間だけど　出てるね　三日月,"The crescent moon's out, even though it's daytime.",La luna creciente puede verse aun de día.
05:21.4,official,何で僕らがこんな状態になったのか,How did we end up like this?,¿Cómo fue que terminamos metidos en esto?
05:25.5,official,３年生の始め,Two things happened at once as our third year began.,"En tercero de secundaria,"
05:27.4,official,僕らは二つの事件に同時に遭った,The first was the moon suddenly exploding into a crescent.,nos sorprendieron dos hechos extraordinarios.
05:45.8,official,一つ目は　その日突然　月が爆発して三日月形になってしまったこと,"""Breaking"" ""NASA Reporting: Most of Moon Missing?""",El primero: una explosión que dejó a la Luna convertida en una media luna permanente.
05:55.2,official,番組の途中ですが　ここで臨時ニュースです,We interrupt this program to bring you breaking news.,Interrumpimos este programa por noticias de última hora.
05:58.3,official,つい先ほど　月が７割方蒸発し　失われたとの情報が入りました,We've just gotten word that about 70 percent of the moon,Acabamos de recibir la noticia de que casi el 70% de la luna
06:04.5,official,繰り返します,has been vaporized into nothing. I repeat...,"fue destruida repentinamente. Repito, la..."
06:05.7,official,われわれはもう一生三日月しか見られないということでしょうか,Will we have only a crescent moon to look at for the rest of our lives?,¿Tendremos una luna creciente para el resto de nuestras vidas?
06:10.7,official,そして　二つ目の事件が　これ,And the second was this:,"Y el segundo, fue la llegada de este ser."
06:13.9,official,初めまして　私が月をやった犯人です,How do you do? I'm the one who blasted your moon.,"Tienen que saber, que fui yo quien destruyó su Luna."
06:20.9,official,来年には　地球もやる予定です,I plan to do the same to the Earth next year.,Y destruiré la Tierra el próximo año.
06:23.5,official,君たちの担任になったので　どうぞよろしく,Now I'm your teacher. Nice to meet you.,Pero ahora soy su profesor. Encantado de conocerlos.
06:28.1,official,まず五六カ所ツッコませろ,There are at least six things wrong with this picture!,Hay algo que está mal en todo esto.
06:30.4,official,クラス全員　そう思った,The feeling was unanimous.,El sentimiento fue unánime.
06:34.0,official,防衛省の烏間という者だ,I'm Karasuma from the Ministry of Defense.,Buen día. Soy Karasuma del Ministerio de Defensa.
06:36.5,official,まずは　ここからの話は国家機密だと理解いただきたい,"First, please understand that what I'm about to say is a state secret.","En primera, lo que voy a decirles es secreto de Estado."
06:43.7,official,単刀直入に言う,Let me be blunt:,Voy a ser contundente:
06:45.8,official,この怪物を君たちに殺してほしい,I want you to kill this creature.,"lo que estoy esperando, es que maten a esta criatura."
06:50.9,official,えっと　何っすか,Um...,Pero...¿qué es eso?
06:53.9,official,そいつ　攻めてきた宇宙人か何かっすか,What is that? Is that the alien or whatever that came to attack us?,¿Una clase de extraterrestre que ha venido a atacarnos?
06:56.4,official,失礼な,How rude! I'll have you know I was born and raised on Earth!,Qué grosero. Yo nací y crecí en la Tierra.
06:57.3,official,生まれも育ちも地球ですよ,,
07:00.2,official,地球,He was?,¿En la Tierra?
07:01.6,official,詳しいことを話せないのは申し訳ないが,"I'm afraid I can't discuss the details, but he's telling the truth.","Me temo que no puedo discutir detalles con ustedes,"
07:04.4,official,こいつが言ったことは真実だ,,pero lo que ha dicho es verdad.
07:06.8,official,月を壊したこの生物は,"Come March next year, this creature who smashed the moon","En marzo del próximo año, esta criatura que destrozó la Luna,"
07:09.0,official,来年の三月　地球をも破壊する,will destroy Earth as well.,también destruirá la Tierra.
07:14.3,official,このことを知っているのは各国首脳だけ,Only the world's leaders know about this.,Solo los líderes mundiales saben de todo esto.
07:18.1,official,こいつの存在が公になれば　世界はパニックに陥るだろう,"If news of this guy gets out there, we'd be looking at a global panic.","Si su existencia se hace pública, habrá pánico por todo el mundo."
07:23.2,official,そうなる前に秘密裏にこいつを殺さなければならない,You've got to kill him in secret before that happens.,Tienen que eliminarlo en secreto antes de que eso ocurra.
07:27.7,official,つまり　暗殺だ,In other words...an assassination.,Es decir: asesinarlo.
07:30.4,official,だが　こいつは…,But this guy...,Pero es muy veloz.
07:31.9,official,とにかく速い,...is extremely fast!,"Intentas matarlo,"
07:33.4,official,殺すどころか,You try to kill him...,"y mientras tanto,"
07:35.4,official,眉毛の手入れをされている始末だ,...and he ends up grooming your eyebrows instead--immaculately!,él termina arreglando tus cejas y te deja impecable.
07:38.0,official,丁寧にな,,
07:41.8,official,満月を三日月に変えるほどのパワーを持つ超生物だ,This superbeing has the power to turn a full moon into a crescent.,Un ser con el poder de convertir la luna llena en media luna.
07:45.9,official,最高速度はマッハ20,His speed tops out at Mach 20!,Alcanza una velocidad de Mach 20.
07:48.4,official,つまり　こいつが本気で逃げれば,"In short, if he gets away.","En resumen: si él llegara a escaparse,"
07:51.5,official,われわれは破滅の時まで　手も足も出ない,"we'll be left helpless, awaiting our destruction.",quedaríamos indefensos esperando nuestra destrucción.
07:55.9,official,まあ　それでは面白くないのでね,And that's no fun.,Y eso no sería divertido.
07:58.6,official,私から国に提案したのです,So I made your government an offer:,Por eso le hice una oferta a su gobierno:
08:01.2,official,殺されるのはごめんですが,No killing me.,"si no atentan contra mi vida,"
08:03.5,official,椚ヶ丘中学校　3年E組の担任ならやってもいいと,"Instead, I'll teach Class 3-E at Kunugigaoka Junior High School.",yo seré el profesor de la clase 3-E en la escuela secundaria Kunugigaoka.
08:08.1,official,いや　なんで,What? Why?,¿Por qué?
08:09.5,official,こいつの狙いは分からん,We don't know what he's after.,No sabemos lo que busca.
08:11.7,official,しかし　われわれ政府は,"But we were forced to agree,","Pero nos vimos obligados a aceptar,"
08:13.6,official,君たち生徒に危害を加えないことを条件にやむなく承諾した,on the condition that he doesn't harm any of you students.,"con la condición de que no dañe a ninguno de ustedes, los estudiantes."
08:18.9,official,理由は二つ,We have two reasons:,"Tenemos dos razones: Primera y más importante,"
08:20.4,official,教師として毎日教室に来るのなら　監視ができる,"First and foremost, coming to a classroom every day. ""lets us keep an eye on him",",si viene a clases todos los días podremos vigilarlo."""
08:24.2,official,何よりも,"and second, it gives some thirty people the opportunity to kill him","Y segunda, eso les da la oportunidad"
08:25.9,official,30人もの人間が　至近距離からこいつを殺すチャンスを得る,from extremely close range.,de tenerlo muy cerca para matarlo.
08:33.4,official,中村さん,Nakamura...,"Nakamura,"
08:35.4,official,暗殺は勉強の妨げにならないときにと言ったはずです,Didn't I tell you not to let assassination interfere with your studies?,dije que el asesinato no debe interferir con los estudios.
08:39.0,official,すみません,Sorry...,Perdón.
08:40.1,official,罰として後ろで立って受講しなさい,"As punishment, go stand in the back!",Ve atrás y piensa en lo que has hecho.
08:44.0,official,なんでこんな怪物がうちの担任に,Why did this creature become our teacher?,¿Por qué este ser se convirtió en nuestro profesor?
08:47.0,official,どうして僕らが暗殺なんか…,Why should we have to assassinate him?,¿Y por qué debemos asesinarlo?
08:49.7,official,そんな声は　この条件でかき消えた,"These cries faded with word of one final condition,",Las quejas cesaron al saber el pago por matarlo.
08:53.8,official,成功報酬は100億円,Success will be rewarded with ten billion yen.,Recibirán diez mil millones de yenes.
08:57.4,official,当然の額だ,It's only right!,Es lo más justo.
08:59.6,official,暗殺の成功は冗談抜きで地球を救うことなのだから,A successful assassination will literally save the Earth.,"Si logran asesinarlo, habrán salvado a la Tierra."
09:04.6,official,幸いなことに　こいつは君たちをなめきっている,"Luckily, he doesn't think much of you.","Afortunadamente, él no los cree capaces de conseguirlo."
09:08.3,official,見ろ　緑のしましまになったときは　なめている顔だ,See? Those green stripes mean he's looking down on you!,Vean. Esas rayas verdes significan que los está menospreciando.
09:12.0,official,どんな皮膚だよ,What the hell kind of skin is that?!,#NAME?
09:13.1,official,当然でしょう,,
09:14.7,official,国がやれない私を　君たちがやれるわけがない,"Obviously! If the government can't kill me, how could you?","Si el gobierno no pudo matarme, ¿cómo podrían hacerlo ustedes?"
09:18.5,official,最新鋭の戦闘機に襲われた時も,Even when they sent their cutting-edge fighter jets after me..,"Enviaron sus mejores aviones de combate detrás de mí,"
09:29.2,official,逆に空中でワックスをかけてやりましたよ,....I ended up giving them a coat of wax right there in midair!,y terminé dándoles una capa de cera en el aire.
09:32.1,official,だからなぜ手入れする,What's with all the grooming?,Lo obsesiona la limpieza.
09:34.1,official,君たちにはなめているこいつの隙をあわよくば突いてほしい,You must find a chink in his defenses and strike at it.,"Tienen que buscar un punto débil en sus defensas,"
09:38.9,official,人間には無害で　こいつには効く武器と弾を支給する,"You'll have weapons and ammo that won't hurt humans, but will work on him.","Tendrán armas y municionesque no dañan a los humanos, pero a él sí."
09:43.6,official,君たちの家族や友人には絶対秘密だ,You must keep this secret from your family and friends.,Deben guardar el secreto con su familia y amigos.
09:47.2,official,とにかく時間がない,There's no time to lose.,No hay tiempo que perder.
09:49.0,official,地球が消えれば　逃げる場所など　どこにもない,"If the Earth should disappear, we'll have nowhere left to run.","Si la Tierra desaparece, no tendremos a dónde huir."
09:52.9,official,そういうことです,And that's about it! Now let's make the most of your one remaining year!,"Eso es todo, muchachos."
09:54.6,official,さあ　皆さん　残された1年を有意義に過ごしましょう,,Espero que aprovechen al máximo su último año de secundaria.
10:02.1,official,残された時間は1年,We only have a year.,Solo tendremos un año.
10:04.7,official,僕たちがこいつの暗殺に成功しないと,"If we don't manage to assassinate this guy,","Si no logramos asesinarlo en ese tiempo,"
10:08.3,official,地球が壊される,Earth will be history,destruirá la Tierra.
10:16.9,official,昼休みですね,"Ah, lunchtime!",Hora del almuerzo.
10:18.8,official,先生　ちょっと中国に行ってマーボー豆腐を食べてきます,I'll just pop over to China for some mapo tofu.,Creo que hoy iré a China para comer mapo tofu.
10:23.5,official,暗殺希望者がもしいれば　携帯で呼んでください,Any aspiring assassins are welcome to hit me up on my cell.,"Si alguien quiere intentar asesinarme, que me llame a mi celular."
10:29.9,official,えーと　マッハ20だから,Let's see... if he's traveling at Mach 20...,"A ver, si viaja a Mach 20,"
10:33.0,official,マーボーの本場　四川省まで10分くらい,"...it'll take maybe ten minutes to get to Sichuan, home of mapo tofu.", tardará unos diez minutos
10:36.7,official,確かにあんなもん　ミサイルでも落とせんわな,Guess no missile could shoot that down.,Y supongo que ningún misil logró derribarlo.
10:40.5,official,しかも　あのタコ　音速飛行中にテストの採点までしてるんだぜ,"Heck, that octopus even grades tests while moving faster than sound!","No puede ser, ese pulpo iba calificando exámenes mientras volaba."
10:44.7,official,マジで,Seriously?!,¿En serio? 
10:46.0,official,俺なんかイラスト付きで返ってきた,"""English Quiz"" ""Perfect answer!! Double octopus!"" Mine came back with a drawing on it.",El mío viene con un dibujo suyo.
10:48.5,official,てか　あいつ　何げに教えてるの　うまくない,"Don't you think he's pretty good at teaching, though?",¿No les parece que es muy bueno enseñando?
10:51.3,official,わかる,Right? He taught me math after class and I did great on my test!,"Sí, a mí me estuvo enseñando matemáticas después de clases"
10:52.4,official,放課後に数学教わって　次のテストの点　よかったもん,,y me fue muy bien en mi examen.
10:56.9,official,まっ　でもさ,"Yeah, but...","Pero, aun así,"
10:59.6,official,しょせん俺ら　E組だしな,...we are the E Class.,todos seguimos siendo la clase E.
11:02.3,official,頑張っても仕方ねぇけど,Tryin' our best won't do much.,Esforzarnos no nos servirá de mucho.
11:05.1,official,そう　タコ型の超生物で暗殺のターゲット,"True, he was a super octopoid creature and our assassination target.",Sí. Esa criatura es un pulpo poderoso y nuestro objetivo de asesinato.
11:10.1,official,なのに,but...,"Pero,"
11:11.6,official,あの先生はなぜか普通に先生している,"...for whatever reason, he does a perfectly normal job of teaching.","por alguna razón, nos está enseñando como un profesor normal."
11:15.9,official,僕らも同じ　即席の殺し屋であるのを除けば　普通の生徒だ,"And though we're impromptu killers, we're perfectly normal students...","Y aunque somos asesinos improvisados, somos estudiantes normales."
11:21.8,official,けど　僕らE組は　少しだけ普通と違う,but the E Class is a little different from the rest.,Pero la clase E es bastante diferente del resto.
11:29.1,official,おい　渚,"Hey, Nagisa.","Oye, Nagisa."
11:31.3,official,ちょっと付き合えよ,Come with us.,Ven con nosotros.
11:32.9,official,暗殺の計画　進めようぜ,It's time to put our assassination plan into action.,Pondremos en marcha nuestro plan de asesinato.
11:39.9,official,あのタコ　機嫌によって顔の色が変わるだろ,"That octopus's face changes color according to his mood, right?",Su cara cambia de color según su estado de ánimo.
11:43.9,official,観察しとけって言ったやつ　できてるか,Did you do those observations I told you to?,¿Anotaste todo lo que observaste como te dije?
11:47.2,official,一応,,
11:48.8,official,余裕な時は　緑のしましまなのは知ってるよね,More or less. We know it's striped green when he's feeling confident.,Más o menos. Las rayas verdes aparecen cuando se siente confiado.
11:53.3,official,生徒の解答が間違っていたら暗い紫,"""A: A"" ""K: kiha"" ""B: bara"" When we give a wrong answer, it's dark purple.","Si damos una respuesta incorrecta, él se pone morado."
11:57.1,official,正解だったら明るい朱色,"""A. Akiyama"" ""K: Kiyohara"" ""B: Burkleo"" A right answer makes it go bright scarlet.","Con una respuesta correcta, se pone rojo."
12:00.0,official,面白いのは昼休みの後で…,But what's really interesting is after lunch..,Lo interesante es que tras el almuerzo...
12:02.1,official,俺は知らなくていいんだよ,I don't need to know all that.,No necesito saber todo eso.
12:05.0,official,作戦がある,"I have a plan... and when he lets his guard down the most,","Tengo un plan, y en el momento en que baje la guardia,"
12:06.8,official,あいつが一番油断してる顔の時に　お前がやりに行け,you are going to carry it out.,tú lo llevarás a cabo.
12:11.6,official,ぼ…僕が,M-Me? But...,¿Pero por qué yo?
12:13.2,official,でも…,,
12:13.8,official,いい子ぶってんじゃねえよ,Don't be such a goody-goody. We're the E Class,"No te hagas el bueno, Nagisa. También eres de la clase E."
12:16.0,official,俺らはE組だ,,
12:17.9,official,進学校で有名なこの学校のレベルについていけなかった脱落組,the misfits that can't keep up at this famous prep school,Los inadaptados que no pueden seguir el ritmo de esta prestigiosa escuela.
12:23.0,official,通称　エンドのE組,They call us... the End Class.,Nos llaman la clase End.
12:27.7,official,毎日山の上の隔離校舎まで通わされて,"""Old Campus"" Every day, they send us to this isolated","A diario nos envían a este campus aislado en esta montaña,"
12:31.3,official,あらゆる面でカスみたいに差別されてる,"mountaintop campus, discriminating against us like we're scum.",y todos nos discriminan como si fuéramos basura.
12:35.2,official,落ちこぼれの俺らが100億円稼ぐチャンスなんて,When would us losers ever in our lives get another chance,¿Crees que unos perdedores como nosotros
12:38.7,official,この先　一生回ってこねえぞ,to score alcool ten billion yen?,tendremos muchas oportunidades de conseguir diez mil millones de yenes?
12:41.9,official,抜け出すんだよ　このクソみてえな状況から,We're gonna make it--make it through this crappy situation...,Pero saldremos de esta mala situación a como dé lugar.
12:46.4,official,たとえ　どんな手を使ってもな,by any means necessary.,Con esto. Y tú vas a hacerlo.
12:51.0,official,しくじんなよ　渚君,"Just don't screw up, Nagisa.","No lo arruines, Nagisa."
12:54.7,official,渚のやつ　E組行きだってよ,I heard that Nagisa is headed for E Class.,Eso es terrible. Pobre.
12:58.9,official,終わったな　あいつ,"Ooh. Well, that's it for him.",
13:01.2,official,俺　あいつのアドレス消すわ,I'm gonna delete his contact info.,Voy a borrar su información de contacto.
13:03.5,official,俺も,"Me, too.",Y yo.
13:04.4,official,同じレベルだと思われたくないし,Can't have people thinking we're on the same level!,No quiero que crean que estamos en el mismo nivel.
13:15.9,official,ただ今　帰りました,I'm back!,Ya estoy de regreso.
13:17.4,official,お…　おかえり　先生,"H-Hello, sir...","Bienvenido, profesor."
13:20.1,official,どうしたの　そのミサイル,What's with the missile?,¿Por qué trae ese misil?
13:22.2,official,お土産です,A souvenir.,Es un recuerdo de las Fuerzas de Autodefensa
13:23.4,official,日本海で　自衛隊に待ち伏せされまして,The Self-Defense Force was waiting for me in the Sea of Japan.,en el Mar del Japón.
13:26.5,official,た…　大変ですね　ターゲットだと,"I-It must be terrible, being a target.",Debe ser terrible ser un objetivo.
13:29.4,official,いえいえ　皆から狙われるのは力を持つ者の証しですから,Not at all. You know you're powerful when everyone has it in for you.,De ningún modo. Sabes que eres poderoso cuando todo el mundo quiere eliminarte.
13:34.8,official,さっ　5時間目を始めますよ,Now let's begin fifth period.,"Ven, ya va a comenzar el quinto periodo."
13:41.9,official,はい,"Yes, sir.",Sí.
13:43.9,official,先生には　分からないよね,He doesn't understand.,Él nunca podría entenderlo.
13:46.6,official,みんなから　暗殺のターゲットにされるってことは,"If you're everyone's assassination target,","Si todos están intentando asesinarte, eso significa"
13:49.9,official,裏を返せば　みんなに力を認められているってことだ,that means they all acknowledge your power.,que todos reconocen que eres muy poderoso.
13:55.1,official,分からないよね　そんな怪物に,A creature like that wouldn't understand what it's like,Una criatura así
13:58.3,official,期待も警戒もされなくなった　認識さえされない人間の気持ちなんて…,"being unworthy of anyone's expectations or fear, or even their recognition...","no entendería cómo es que nadie espere nada de ti, y que no reconozcan tu existencia."
14:06.5,official,お前のおかげで　俺の評価まで　落とされたよ,"Thanks to you, my evaluation is in the gutter!","Gracias a ti, mi evaluación resultó ser muy mala."
14:10.3,official,唯一　よかったのは　もうお前を見ずに済むことだ,The only good thing about it is not having to see you anymore.,Lo único bueno de todo esto es que ya no tendré que volver a verte.
14:19.6,official,殺せるかもしれない,I might just be able to kill him.,Tal vez pueda matarlo.
14:21.6,official,だって　この先生にも僕の姿は　見えてないから,"After all... this teacher can't see me, either.","Después de todo, creo que este profesor tampoco va a ser capaz de verme."
14:36.5,official,はい　それでは　お題に沿って短歌を作ってみましょう,All Along all right then,"Bien, quiero que compongan un poema corto que tenga que ver con nuestro tema."
14:41.6,official,ラスト７文字を「触手なりけり」で締めてください,"The final line should be ""was tentacles all along.","Al final debe decir: unos hermosos tentáculos""."
14:46.6,official,「触手なりけり」ですか,"Huh? Was tentacles all along""?""","¿Qué? ¿Unos hermosos tentáculos""?"
14:48.9,official,はい　書けた人は先生の所へ持ってきなさい,"Indeed! When you're finished, bring them to me.",Sí. Entréguenmelo en cuanto hayan terminado.
14:52.7,official,チェックするのは　文法の正しさと触手を美しく表現できたか,I'm looking for proper grammar and whether you've conveyed the tentacle's beauty.,Estaré esperando una gramática adecuada y que logren transmitir la belleza de los tentáculos.
14:58.2,official,例文です,An example:,Por ejemplo:
14:59.8,official,花さそふ　嵐の庭の雪ならではえゆくものは触手なりけり,"Not the storm of garden's snow of flowers moving on But sprouting there instead was tentacles all along.""","No era la tormenta de nieve en el jardín ni las flores en movimiento Lo que brotaba ahí eran tentáculos."""
15:08.2,official,「触手だったのだなぁ」って…,"""It was tentacles""? Really?",¿Y qué tienen de hermosos unos tentáculos?
15:10.5,official,できた者から　今日は　帰ってよし,"Once you're done, you're free to go home!",Cuando terminen pueden irse a casa.
15:13.3,official,そんなの思い付かないよ,How are we gonna write about that?,¿Cómo vamos a escribir sobre eso?
15:15.3,official,ほーら　ほら　ヌルヌル　素晴らしい句が湧いてきませんか,"Now, now--aren't any marvelously slithery phrases coming to mind?","Veamos, ¿no les vienen a la mente ideas maravillosas?"
15:19.3,official,ヌルヌルヌルヌルヌルヌル…,Slither slither slither slither!,"Piensen, piensen, piensen, piensen, piensen, piensen..."
15:21.9,official,ヌルヌル　うるせえよ,Enough with the slithering! Slither slither slither slither!,¡Ya basta!
15:23.5,official,先生　質問,I have a question!,"Una pregunta, profesor."
15:26.1,official,何ですか　茅野さん,"Ah--yes, Kayano?","Dime, Kayano."
15:28.1,official,いまさらなんだけどさ　先生の名前　何ていうの,"This is a weird question to ask now, but... what's your name?","Tal vez sea raro preguntarlo a estas alturas, pero ¿cómo se llama?"
15:32.9,official,他の先生と区別するとき不便だよ,How else can we tell what teacher were talking about?,Debemos poder llamarle de alguna manera.
15:35.8,official,名前…　ですか,My... name?,¿Quieren saber mi nombre?
15:38.0,official,そういやぁ…,Now that you mention it...,Tiene razón.
15:39.2,official,名乗ってないね,...he never did tell us.,Nunca nos lo dijo.
15:41.9,official,名乗るような名前はありませんねぇ,Hmm... I don't really have the kind of name you tell people.,No tengo algo parecido a un nombre.
15:44.4,official,何なら　皆さんで　付けてください,Go ahead and give me one.,¿Por qué no me ponen uno ustedes?
15:46.8,official,付けていいんだ,You sure about that?,¿Está seguro?
15:48.1,official,でも　今は　課題に集中ですよ,"But right now, focus on your schoolwork.","Pero ahora, concéntrense en la tarea que les pedí."
15:50.9,official,はーい,"Yes, sir",Claro.
15:52.3,official,では　先生は　その間　一休みを,"Meanwhile, I'll just take a little break.","Mientras tanto, yo me tomaré un pequeño descanso."
16:03.0,official,おっ　もうできましたか　渚君,"Finished already, Nagisa?","¿Ya terminaste, Nagisa?"
16:12.4,official,昼食の後で　僕らが眠くなるころに,"After lunch, right around the time we get sleepy,","Después del almuerzo le da algo de sueño,"
16:15.2,official,先生の顔が薄いピンクになるときがある,his face sometimes goes light pink.,y su cara se vuelve de color rosa claro.
16:19.5,official,茅野の質問への反応も少し遅れた,"He was a little slow responding to Kayano's question, too.",También tardó en responder a la pregunta de Kayano.
16:22.8,official,たぶん　先生も一番　油断する時間なんだ,That might be when he's at his most vulnerable.,Eso podría ser cuando está en su punto más vulnerable.
16:29.4,official,この進学校で　落ちこぼれた僕らは思う,"Us prep-school failures are always thinking,",Todos los fracasados de la escuela siempre pensamos:
16:33.4,official,どこかで見返さなきゃ,"""We gotta get back at 'em somehow.""","""Tenemos que salir de aquí""."
16:35.4,official,やればできると　親や　友達や　先生たちを,You can do it if you try. That's what our parents and friends and teachers say.,"""Podemos lograrlo"". Demostrarlo a nuestros padres, amigos y maestros."
16:41.2,official,やればできると…,You can do it if you try.,Podemos conseguirlo.
16:46.9,official,言ったでしょう もっと　工夫を…,I told you: be more inventive!,Les dije que fueran más creativos.
16:50.1,official,認めさせなきゃ…,We have to prove ourselves...,Debemos demostrarlo.
16:52.9,official,どんな手を使っても…,...by any means necessary.,A como dé lugar.
17:02.6,official,しゃーっ,Yesss!,-¡Sí! ¡Lo logramos!
17:03.8,official,やったぜー,We did it!,
17:04.9,official,100億円いただき,Ten billion yen! Cha-ching! Nagisa!,
17:05.0,official,渚,,-Nagisa. -¡Por fin!
17:07.3,official,ざまあみろ,Serves you right!,
17:08.4,official,寺坂　何やったんだ,Terasaka! What have you done?!,#NAME?
17:10.9,official,こいつも自爆テロは予想してなかったろ,Bet he never expected a suicide bomber!,Nunca esperó a un terrorista suicida.
17:13.3,official,ちょっと　渚に　何　持たせたのよ,Hey! What'd you give Nagisa?!,"Oye, ¿qué le diste a Nagisa?"
17:16.8,official,おもちゃの手榴弾だよ,Huh? A toy grenade.,Era una granada de juguete.
17:19.2,official,ただし　火薬を使って威力を上げてある,But I beefed it up with gunpowder,Pero se me ocurrió llenarla con pólvora.
17:22.7,official,300発の対先生弾がすげえ速さで飛び散るようにな,so it'd shoot three hundred anti-Sensei bullets at crazy-high speed!,"Así dispararía 300 balines a gran velocidad para eliminar al profesor.,"
17:27.9,official,人間が死ぬ威力じゃねえよ,They're not strong enough to kill anybody.,Pero eso no mataría a una persona.
17:30.4,official,俺の100億で　治療費くらい…,My ten billion yen'll cover his medical bi--,Con el dinero cubriré sus gastos mé...
17:35.6,official,無傷　やけど一つ負ってねえのか,He's not hurt? Not even a single burn?,¿No está herido? ¿No tiene ni una quemadura?
17:38.6,official,それに　何だ　この膜,And... this membrane...,¿Y qué es esta membrana?
17:40.9,official,タコの死体に　つながっ…,is attached to that octopus's corpse?, ¿Está unida...?
17:41.8,official,実は　先生　月に１度ほど　脱皮をします,"As it happens, I shed my skin once a month.",Deben saber que mudo de piel una vez al mes.
17:45.9,official,脱いだ皮を渚君にかぶせて守りました,I protected Nagisa there by covering him with my old skin.,Protegi a Nagisa cubriendolo con mi piel vieja.
17:51.5,official,月1で使える　先生の奥の手です,It's my once-monthly ace in the hole.,Es un as bajo la manga que solo puedo usar una vez al mes.
17:58.2,official,寺坂　吉田　村松,"Terasaka, Yoshida, Muramatsu.","Terasaka, Yoshida, Muramatsu."
18:03.8,official,先生の顔は　顔色を見るまでもなく…,You don't have to look at the color of his face to know.,No hacía falta mirar el color de su cara para saber cómo estaba.
18:12.8,official,真っ黒,Pitch black! He is furious!,Estaba negro. Furioso.
18:14.6,official,ど怒りだ,,
18:15.7,official,首謀者は　君ら３人だろ,"You three...you're behind this, yes?",¿Ustedes tres...son los responsables de esto?
18:19.6,official,いっ　いや…,N-No!,No.
18:20.8,official,渚が勝手に…,It was all Nagisa's idea!,Fue idea de Nagisa.
18:29.1,official,いなく…,He's gone!,¿Qué?
18:34.0,official,俺らんちの表札,The nameplates off our houses?!,¿Las placas de nuestras casas?
18:36.2,official,政府との契約ですから　先生は　決して君たちに危害は加えない,My agreement with your government says I won't harm you.,"Mi acuerdo con su gobierno me prohíbe hacerles daño a los estudiantes."""
18:41.7,official,が　しかし…,But ,"Pero, cuidado,"
18:44.5,official,次　また　今のような方法で暗殺に来たら,if you try another assassination like that one…,si intentan otro asesinato como este
18:49.2,official,君たち以外には何をするか分かりませんよ,...I might just harm someone else.,podria dañar a alguna otra persona.
18:53.2,official,家族や友人…　いいや,"Your family, your friends...","Familia, amigos."
18:56.3,official,君たち以外を地球ごと消しますかね,Or I could wipe out the whole planet apart from you.,"O podria eliminar todo el planeta, excepto a ustedes."
19:01.6,official,5秒間で　皆　悟った,"Five seconds, and we all knew:",En cinco segundos entendimos todo.
19:04.6,official,地球の裏でも　逃げられないと,There was no running to the ends of the Earth for us.,No teníamos manera de escapar.
19:08.0,official,どうしても逃げたければ,If we really wanted to run..,"Si queríamos salir de esto,"
19:12.3,official,この先生を殺すしか…,...all we could do... was kill him!,debiamos matar al profesor.
19:16.7,official,何なんだよ　てめえ　迷惑なんだよ,"What the hell's your deal, anyway? You're just a giant pain!",¿Cuál es su problema? No es más que un fastidio.
19:20.1,official,いきなり来て　地球　爆破とか　暗殺しろとか,"Showing up all ""I'm gonna blow up Earth"" and ""Assassinate me""!",Dijo que iba a destruir la Tierra y que lo asesináramos.
19:23.5,official,迷惑なやつに　迷惑な殺し方して　何が悪いんだよ,What's so wrong with using an annoying method to kill an annoying guy?!,¿Es malo usar medidas desesperadas en una situación desesperada?
19:28.0,official,迷惑　とんでもない,Annoying? Hardly.,¿Qué hay de malo? Absolutamente nada.
19:30.2,official,君たちのアイデア自体は　すごくよかった,Your idea itself was a very good one.,"De hecho, tu idea fue realmente muy buena."
19:33.2,official,特に　渚君,"Especially you, Nagisa.",Te felicito.
19:34.9,official,君の肉薄までの自然な体運びは100点です,The way you carried yourself so naturally on your approach gets full marks.,Fue excelente la forma tan natural en que te acercaste a mí.
19:38.9,official,先生は　見事に　隙を突かれました,You made it right through the chink in my defenses.,Gran trabajo al tomarme desprevenido.
19:41.9,official,ただし,However!,"Sin embargo,"
19:43.5,official,寺坂君たちは　渚君を,"None of you looked out for Nagisa,",a ninguno le preocupó Nagisa.
19:45.9,official,渚君は　自分を大切にしなかった,not even Nagisa himself.,Ni siquiera él se preocupó por sí mismo.
19:49.4,official,そんな生徒に暗殺する資格はありません,Students like that aren't fit to assassinate anyone.,Estudiantes así no son aptos para asesinar a nadie.
19:53.1,official,人に笑顔で胸を張れる暗殺をしましょう,We need an assassination worth smiling about--one to be proud of!,Necesitamos un asesinato del que estén orgullosos.
19:56.3,official,君たち　全員　それができる力を秘めた有能なアサシンだ,You're all capable assassins who have that power within you.,Sé que son asesinos capaces con gran poder en su interior.
20:01.7,official,ターゲットである先生からのアドバイスです,Some advice from your teacher and your target.,Es un consejo de su profesor-objetivo.
20:06.3,official,マッハ20で怒られてうねる触手で褒められた,"Chewed out at Mach 20, then praised with waving tentacles...","Primero nos regaña a Mach 20, y luego nos elogia complacido."
20:11.5,official,この異常な教育が　僕は　普通に　うれしかった,This unusual education made me pretty happy.,Esta educación inusual me ha hecho sentir muy feliz.
20:16.3,official,この異常な先生は僕らのことを　正面から見てくれたから,All because this unusual teacher was actually looking at us head-on.,"Porque este profesor, aunque peculiar, siempre nos mira de frente."
20:30.8,official,あなたの…,If you...,Si pudieras...
20:33.3,official,あなたの時間をくれるなら,"If you would give your time,","Si pudieras regalarles tu tiempo,"
20:36.3,official,あの子たちを教えてあげて,go teach those children.,enséñales a esos niños.
20:40.8,official,なんて　すてきな触手…,What splendid tentacles...,Qué espléndidos tentáculos.
20:43.7,official,この手なら　きっと　あなたはすてきな教師に…,With hands like these... I'm sure you'll be a splendid teacher.,"Con estas manos, estoy segura de que serías un gran profesor."
20:51.0,official,さて　問題です　渚君,"Here's a question for you, Nagisa:","Hay algo que quiero preguntarte, Nagisa."
20:53.8,official,先生は　殺される気などみじんもない,I have not the slightest intention of being killed.,No tengo la menor intención de ser asesinado.
20:57.0,official,皆さんと　来年　3月までエンジョイしてから,"I will enjoy my time with you all until next March,","Estaré con ustedes hasta marzo,"
20:59.5,official,地球を爆破です,and then blow Earth up.,pero después destruiré la Tierra.
21:02.1,official,それが嫌なら君たちは　どうしますか,"If you don't like it, what are you going to do about it?",¿Qué harás si quieres evitar que eso ocurra?
21:06.6,official,暗殺なんて　したことないし,"We've never assassinated anyone before,",Nunca hemos asesinado a nadie.
21:09.3,official,僕らには　他に　すべきことがたくさんある,and there's plenty of other stuff we should be doing.,Y todavía nos quedan muchas otras cosas por hacer.
21:14.2,official,けど　思った,But you know...,"Pero creo que,"
21:16.7,official,この先生なら　殺意さえも受け止めてくれるって,I think this teacher might even accept my bloodlust.,este profesor incluso podría aceptar mi sed de sangre.
21:21.2,official,地球を爆破されるその前に　先生を殺します,Before you destroy Earth... I'll kill you.,"Antes de que destruya la Tierra, yo lo mataré."
21:27.4,official,ならば　今　やってみなさい,Then do it now!,¿Y qué estás esperando?
21:29.4,official,殺せた者から　今日は帰ってよし,"Once you've killed me, you're free to go home!",Podrán irse si me matan.
21:32.7,official,んな簡単に…,"Just like that, huh?",Como si fuera fácil. 
21:33.8,official,殺せるわけねえだろ,You know we can't kill you!,Sabe que no podemos.
21:35.9,official,僕らは　殺し屋,We are killers. And our target,Somos asesinos y nuestro objetivo:
21:37.9,official,ターゲットは　先生,is our teacher.,el profesor.
21:40.9,official,ふきふき　ふきふき,"Wipe, wipe, wipe it clean! Even if we shot him now...","-Limpiar, limpiar, limpiar. -Si le disparamos ahora,"
21:42.6,official,今　撃っても…,we'd just be polished up like those nameplates.,acabaríamos pulidos como esas placas.
21:43.7,official,表札と一緒に手入れされる…,,
21:46.0,official,帰れねえ…,We're never going home!,No saldremos nunca.
21:48.1,official,殺せない先生か…,An unkillable teacher...,"Invencible en japonés es ""koro""."
21:50.8,official,殺せない…　ころ…,"""Korosenai""... ""koro""","Y profesor, ""sensei""."
21:54.2,official,殺せんせーは,"Oh! How about ""Koro Sensei""?",Koro-sensei. Si.
21:56.3,official,殺せんせー,Koro Sensei?,¿Koro-sensei?
21:59.8,official,殺せんせーと　僕らの暗殺教室,"It's us and Koro Sensei, in our assassination classroom.","Koro-sensei y nosotros, en nuestra clase de asesinato."
22:05.0,official,始業のベルは　明日も鳴る,"Another day, another class bell rings.",Suena la campana y empieza la clase.
00:48.8,fansub,それでは,"Now, then.","Muy bien, entonces..."
00:50.5,fansub,ホームルームを始めます,Let's begin homeroom.,Vamos a empezar.
00:52.7,fansub,日直の人は号令を,"Class monitor, on your command.","Encargado de la clase, a su señal."
00:54.9,fansub,き…起立,S-Stand!,¡D-De pie!
01:00.1,fansub,気を付け,Attention!,¡Atención!
01:05.0,fansub,礼,Bow!,¡Saluden!
01:09.7,fansub,おはようございます,Good morning.,Buenos días.
01:11.6,fansub,発砲したままで結構ですので　出欠をとります,"I'll be taking attendance, so please, fire all you like.",Disparen todo lo que quieran... Sólo estaré tomando asistencia.
01:15.2,fansub,磯貝君,Isogai-kun?,¿Isogai?
01:16.7,fansub,はい,Present.,¡Aquí!
01:18.0,fansub,すみませんが　銃声の中なので　大きな声で,"My apologies. I'll need you to speak up,  what with all this gunfire.",Disculpa pero vas a tener que hablar más alto con todo este tiroteo.
01:21.4,fansub,はい,Present!,¡Aquí!
01:22.3,fansub,岡島君,Okajima-kun?,¿Okajima?
01:23.6,fansub,はい,Present!,¡Aquí!
01:24.3,fansub,奥田さん,Okuda-san?,¡Okuda!
01:25.5,fansub,はい,Present!,¡Aquí!
01:26.3,fansub,片岡さん,Kataoka-san?,¿Kataoka?
01:27.4,fansub,はい,Present!,¡Aquí!
01:28.0,fansub,茅野さん,Kayano-san?,¿Kayano?
01:28.9,fansub,はい,Present!,¡Aquí!
01:29.5,fansub,神崎さん,Kanzaki-san?,¡Kanzaki!
01:30.5,fansub,はい,Present!,¡Aquí!
01:33.3,fansub,はい　遅刻なしっと,All right.,Muy bien.
01:36.0,fansub,素晴らしい　先生　とてもうれしいです,"Everyone on time, I see. Excellent! That makes me very happy.","¡No hay tardanzas, Excelente! Eso me hace muy feliz."
01:39.4,fansub,速過ぎ,He's way too fast.,Es muy rápido.
01:40.9,fansub,クラス一斉射撃で駄目なのかよ,So even the whole class  at once can't bring him down?,¿La clase entera le disparó y no funciono?
01:43.5,fansub,僕らは,We...,Nosotros
01:45.0,fansub,殺し屋,are killers.,somos asesinos.
01:46.5,fansub,僕らのターゲットは,And our target...,Y nuestro blanco
01:49.1,fansub,先生,is our teacher.,es nuestro maestro.
01:50.1,fansub,残念ですねぇ,Too bad.,Lástima.
01:51.6,fansub,今日も命中弾ゼロです,"Not one of your bullets hit me today, either."," Ni una sola bala le atino a su objetivo hoy, igual que antes."
01:54.0,fansub,数に頼る戦術は　個々の思考を疎かにする,Tactics that rely on sheer numbers neglect individual focus.,Métodos que se basan en solo números carecen de cualquier pensamiento individual.
01:57.6,fansub,目線　銃口の向き　指の動き,"Be it line of sight, barrel position,  or finger movement,","Linea de visión, posición del cartucho, movimiento de los dedos..."
02:01.4,fansub,一人一人が単純過ぎます,each of you was far too easy to read.,Cada uno de ellos es demasiado simple.
02:04.0,fansub,もっと工夫しましょう,You need to be more inventive!,¡Tienen que ser mas originales!
02:05.9,fansub,でないと,"Otherwise,",De lo contrario...
02:07.4,fansub,最高速度マッハ20の先生は　殺せませんよ,"you'll never be able to kill me.  I can speed up to Mach 20, you know?",No seran capaces de matarme a mi máxima velocidad de Mach 20.
02:12.2,fansub,いや　ていうかさ,"But, like, see...",Pero sabes...
02:14.4,fansub,本当に全部よけてんのかよ　先生,There's no way you seriously  dodged all of those!,¡Es imposible que hayas evadido todo eso!
02:16.6,fansub,どう見ても これ　ただのBB弾だろ,"I mean, these are just BB pellets.","Quiero decir, son solo Balas de salva"
02:19.8,fansub,当たってるのに　我慢してるだけじゃないの,You coulda just taken them on the chin.,Pudiste estar parado ahí apretando los dientes mientras te golpeaban.
02:22.6,fansub,そうよ　そうだよ,Yeah! That's right!,¡Sí! ¡Es verdad!
02:26.2,fansub,では　弾を込めて渡しなさい,Very well. Gather up the BBs and hand them over.,Entonces pérmitanme utilizar una.
02:29.4,fansub,言ったでしょう,I told you: these may be harmless to you...,Se los dije: estas cosas pueden ser inofensivas para ustedes...
02:31.0,fansub,この弾は君たちにとっては無害ですが,,
02:36.6,fansub,国が開発した対先生用特殊弾です,but they're special anti-me BB pellets developed by the government.,Pero son especiales contra su maestro y fueron diseñadas por el gobierno.
02:40.4,fansub,当たれば　先生の細胞を豆腐のように破壊できる,"If one hits me, it'll slice  right through my cells like tofu.","Si una de ellas me golpea, puede atravesar mis células como si fueran tofu."
02:45.0,fansub,もちろん数秒あれば再生しますが,"They'll regenerate a few seconds later, of course.","Por supuesto, se regeneran varios segundos después."
02:48.5,fansub,だが　君たちも目に入ると危ない,I'm more concerned about you putting a classmate's eyes out.,"Pero tengan cuidado, pueden sacarse un ojo con eso."
02:52.2,fansub,先生を殺す以外の目的で室内での発砲はしないように,No shooting in the classroom unless you're trying to kill me.,No disparen en el salón a menos que intenten matarme.
02:57.5,fansub,殺せるといいですね　卒業までに,"And I do hope you can kill me— before graduation, that is.",Espero que puedan matarme antes de la graduación.
03:02.0,fansub,さあ　銃と弾を片付けましょう,"Now then, let's put away the arms and ammunition and begin class.","Bueno, déjen a un lado las armas y las balas de salva y empezemos la clase."
03:04.8,fansub,授業を始めます,,
03:08.1,fansub,椚ヶ丘中学校３-Eは　暗殺教室,"At Class 3-E of Kunugigaoka Junior High School, the assassination classroom","En la clase 3-E de la secundaria Kunugigaoka, la clase de asesinato..."
03:13.6,fansub,始業のベルが　今日も鳴る,the bell signals the start of another school day.,"Otro día, otra campana que marca el inicio de las clases."
04:56.5,fansub,はい　ここで問題です,"Now, here's the question:","Bien, esta es la pregunta:"
04:58.9,fansub,磯貝君,Isogai-kun!,¡Isogai!
05:00.3,fansub,はい,"Y-Yes, sir?","¿S-Si, señor?"
05:01.2,fansub,この4本の触手のうち　仲間外れは,Which of these four tentacles is not like the others?,¿Cúal de estos 4 tentáculos es diferente a los otros?
05:04.4,fansub,ええと　青い触手,Um... the blue one?,Um... ¿El azul
05:06.7,fansub,正解　青の例文の「WHO」だけが関係詞です,Correct!,¡Correcto! 
05:11.4,fansub,関係代名詞は直前の名詞を修飾し,"The only relative pronoun is ""who,"" in the blue sentence.","El único pronombre relativo es ""quién"", en la oración de azul."
05:14.4,fansub,ここでは「who is standing over there」が,"A relative pronoun modifies the noun right before it, so the clause","Un pronombre relativo califica al sustantivo justo antes de él, entonces…"
05:17.5,fansub,前の「the boy」少年を説明しています,"""who is standing over there"" describes the ""boy"" here.","Quién esta sentado por ahí está describiendo al chico"" de ahí."
05:12.2,fansub,ねえ　渚,"Hey, Nagisa.","Oye, Nagisa."
05:16.1,fansub,昼間だけど　出てるね　三日月,The crescent moon's out in broad daylight.,La luna creciente salió aunque aun es de día.
05:21.4,fansub,何で僕らがこんな状態になったのか,How did we end up in this mess?,¿Cómo es que terminamos así?
05:25.5,fansub,３年生の始め,"As we began our third year of junior high,  we were greeted by two extraordinary incidents.",Dos cosas pasaron cuando empezamos nuestro tercer año de secundaria...
05:27.4,fansub,僕らは二つの事件に同時に遭った,,El primero fue una explosión repentina que dejó a la Luna en la fase creciente.
05:45.8,fansub,一つ目は　その日突然　月が爆発して三日月形になってしまったこと,The first was the sudden explosion that left the moon permanently crescent-shaped.,
05:55.2,fansub,番組の途中ですが　ここで臨時ニュースです,We interrupt this program to bring you breaking news.,Interrumpimos este programa para traer las últimas noticias.
05:58.3,fansub,つい先ほど　月が７割方蒸発し　失われたとの情報が入りました,We've just gotten word that about seventy percent of the moon,Acabamos de recibir el informe de que casi el 70% de la luna
06:04.5,fansub,繰り返します,has been vaporized into nothing. I repeat...,ha sido destruida. Repito...
06:05.7,fansub,われわれはもう一生三日月しか見られないということでしょうか,Will we have only a crescent moon to look at for the rest of our lives?,¿Tendremos que mirar la luna creciente por el resto de nuestras vidas?
06:10.7,fansub,そして　二つ目の事件が　これ,And the second was his arrival.,Y lo segundo fué esto:
06:13.9,fansub,初めまして　私が月をやった犯人です,How do you do? I'm the one who tore that chunk out of your moon.,¿Cómo estan? Soy el que destruyó su luna.
06:20.9,fansub,来年には　地球もやる予定です,I plan to do the same to the Earth next year.,Planeo hacer lo mismo con la Tierra el año que viene.
06:23.5,fansub,君たちの担任になったので　どうぞよろしく,"But until then, I'll be your teacher. Nice to meet you.",Pero ahora seré su maestro. Mucho gusto.
06:28.1,fansub,まず五六カ所ツッコませろ,There are at least six things wrong with this picture!,¡Hay al menos seis cosas mal con esto!
06:30.4,fansub,クラス全員　そう思った,The feeling was unanimous.,El sentimiento fue unánime.
06:34.0,fansub,防衛省の烏間という者だ,"I'm Karasuma, from the Ministry of Defense.","Soy Karasuma, del Ministerio de Defensa."
06:36.5,fansub,まずは　ここからの話は国家機密だと理解いただきたい,"First, please understand that what I'm about to say is classified information.","Primero, quiero que entiendan que lo que les voy decir es información clasificada."
06:43.7,fansub,単刀直入に言う,Allow me to be blunt:,Iré al grano.
06:45.8,fansub,この怪物を君たちに殺してほしい,I want you to kill this creature.,Quiero que ustedes asesinen a estra criatura.
06:50.9,fansub,えっと　何っすか,Um...,Disculpe...
06:53.9,fansub,そいつ　攻めてきた宇宙人か何かっすか,What's the deal? Is he an alien invader or something?,¿Qué es eso? ¿Es un alien o algo así que vino a atacarnos?
06:56.4,fansub,失礼な,How rude!,¡Qué grosero! 
06:57.3,fansub,生まれも育ちも地球ですよ,I'll have you know I was born and raised on Earth!,¡Sepan que nací y fui criado aquí en la Tierra!
07:00.2,fansub,地球,He was?,¿En serio?
07:01.6,fansub,詳しいことを話せないのは申し訳ないが,"I'm afraid I can't discuss the details, but he's telling the truth.","Temo que no puedo dar más detalles, pero lo que dice es cierto."
07:04.4,fansub,こいつが言ったことは真実だ,,
07:06.8,fansub,月を壊したこの生物は,"And as he said, he won't stop at the moon. Next year...","Y como dijo, lo de la Luna no fue todo. En marzo del año entrante..."
07:09.0,fansub,来年の三月　地球をも破壊する,he will destroy the Earth as well.,...destruirá la tierra también.
07:14.3,fansub,このことを知っているのは各国首脳だけ,Only the world's leaders know about this.,Sólo los lideres del mundo saben de esto.
07:18.1,fansub,こいつの存在が公になれば　世界はパニックに陥るだろう,"If news of this guy got out there, we'd be looking at a global panic.","Si lo de este sujeto se llega a saber, crearía un pánico a nivel mundial."
07:23.2,fansub,そうなる前に秘密裏にこいつを殺さなければならない,That's why we have to kill him in secret before that happens.,Tienen que matarlo en secreto antes de que eso pase.
07:27.7,fansub,つまり　暗殺だ,In other words: an assassination.,En otras palabras...un asesinato.
07:30.4,fansub,だが　こいつは…,But here's the catch.,Pero este tipo...
07:31.9,fansub,とにかく速い,His speed is unmatched!,...es extremadamente rápido.
07:33.4,fansub,殺すどころか,"You try to kill him,",Así que intentarán asesinarlo...
07:35.4,fansub,眉毛の手入れをされている始末だ,and he ends up grooming your eyebrows instead—immaculately!,y él terminará limpiando sus cejas... ¡impecablemente!
07:38.0,fansub,丁寧にな,,
07:41.8,fansub,満月を三日月に変えるほどのパワーを持つ超生物だ,He's a superbeing with enough power to reduce the full moon to a crescent.,Es un ente sobrenatural con poder suficiente como para reducir la Luna a solo una cuarta parte.
07:45.9,fansub,最高速度はマッハ20,His speed tops out at Mach 20!,¡Su velocidad máxima es de mach 20!
07:48.4,fansub,つまり　こいつが本気で逃げれば,"In short, if he actually wanted to get away from us,","En resumen, si el decidiera escapar,"
07:51.5,fansub,われわれは破滅の時まで　手も足も出ない,we wouldn't be able to do a thing to stop him.,estaríamos indefensos esperando nuestra destrucción.
07:55.9,fansub,まあ　それでは面白くないのでね,But where's the fun in that?,Y eso no es divertido.
07:58.6,fansub,私から国に提案したのです,So I made your government an offer.,Así que le hice una oferta a su gobierno.
08:01.2,fansub,殺されるのはごめんですが,They will refrain from attempts on my life.,En vez de matarme.
08:03.5,fansub,椚ヶ丘中学校　3年E組の担任ならやってもいいと,"And in return, I'll teach Class 3-E at Kunigigaoka Junior High School.",Yo daré clases a la clase 3 - E 3 - E de la secundaria Kunigigaoka.
08:08.1,fansub,いや　なんで,What? Why?,¿Qué? ¿Por qué?
08:09.5,fansub,こいつの狙いは分からん,We don't know what he's after.,No sabemos cuál es su objetivo.
08:11.7,fansub,しかし　われわれ政府は,"But we had no choice but to agree,","Pero nos vimos forzados a aceptar,"
08:13.6,fansub,君たち生徒に危害を加えないことを条件にやむなく承諾した,on the condition that he doesn't  harm any of you students.,con la condición de no agredir a los estudiantes.
08:18.9,fansub,理由は二つ,We have two reasons for this.,Tenemos dos razones:
08:20.4,fansub,教師として毎日教室に来るのなら　監視ができる,"First and foremost, if he's coming to a classroom every day to teach, we can keep an eye on him.","Primera y más importante, asistir a un salón de clases todos los días nos permitirá tenerlo vigilado,"
08:24.2,fansub,何よりも,"And second, it gives some thirty people the  opportunity to kill him from extremely close range.","y segundo, le dará la oportunidad a 30 personas de asesinarlo"
08:25.9,fansub,30人もの人間が　至近距離からこいつを殺すチャンスを得る,,de un rango extremadamente cercano.
08:33.4,fansub,中村さん,Nakamura-san.,Nakamura...
08:35.4,fansub,暗殺は勉強の妨げにならないときにと言ったはずです,Didn't I tell you not to let assassination interfere with your studies?,¿No te dije que no dejaras que el asesinato interfiriera con tus estudios?
08:39.0,fansub,すみません,Sorry.,Perdón...
08:40.1,fansub,罰として後ろで立って受講しなさい,Stand at the back for the rest of this lesson and think about what you've done!,¡Como castigo ve y siéntate al fondo!
08:44.0,fansub,なんでこんな怪物がうちの担任に,"""How could you make this creature our teacher?""",¿Cómo esta criatura puede ser nuestro maestro?
08:47.0,fansub,どうして僕らが暗殺なんか…,"""And why are you making  us assassinate him?""",¿Y cómo podremos asesinarlo?
08:49.7,fansub,そんな声は　この条件でかき消えた,These cries faded as one  final condition was announced.,Todos los llantos desaparecieron cuando nos dijeron la condición final.
08:53.8,fansub,成功報酬は100億円,Your success will be rewarded with ten billion yen.,"Si tienen éxito, serán recompensados con diez billones de yenes."
08:57.4,fansub,当然の額だ,It's only fair.,Es lo justo.
08:59.6,fansub,暗殺の成功は冗談抜きで地球を救うことなのだから,"If you can assassinate him, you will literally save the Earth.","Un asesinato exitoso, literalmente habrá salvado a la Tierra."
09:04.6,fansub,幸いなことに　こいつは君たちをなめきっている,"Fortunately, he doesn't think much of you.","Afortunadamente, no cree mucho en ustedes."
09:08.3,fansub,見ろ　緑のしましまになったときは　なめている顔だ,See? Those green stripes mean he's looking down on you!,¿Lo ven? Esas rayas verdes significan que los ve inferiores.
09:12.0,fansub,どんな皮膚だよ,"What is he, a chameleon?!",¿Qué clase de piel es esa?
09:13.1,fansub,当然でしょう,Of course I am!,¡Por supuesto! 
09:14.7,fansub,国がやれない私を　君たちがやれるわけがない,"If the government can't  kill me, how could you?","Si el gobierno no pudo asesinarme, ¿cómo podrían ustedes?"
09:18.5,fansub,最新鋭の戦闘機に襲われた時も,"Even when they sent their very  newest fighter jet after me,",Incluso cuando enviaron su raptor de caza más nuevo contra mí...
09:29.2,fansub,逆に空中でワックスをかけてやりましたよ,all it got was a good  waxing right there in midair!,...¡Terminé con una buena encerada en pleno vuelo!
09:32.1,fansub,だからなぜ手入れする,What's with all the grooming?,¿Por qué le interesa tanto limpiar?
09:34.1,fansub,君たちにはなめているこいつの隙をあわよくば突いてほしい,"So while this guy looks down on you, your job is to find an opening in his defenses and strike it.",Deberán encontrar un punto bajo en sus defensas y atacarlo.
09:38.9,fansub,人間には無害で　こいつには効く武器と弾を支給する,We'll provide you with weapons and ammo  that won't hurt humans but will work on him.,"Tendrán armas y municiones que no pueden herir a humanos, pero sí a él."
09:43.6,fansub,君たちの家族や友人には絶対秘密だ,You must keep this absolutely secret from your family and friends.,Deben mantenerlo en secreto de sus amigos y familiares.
09:47.2,fansub,とにかく時間がない,There's no time to lose.,No hay tiempo que perder.
09:49.0,fansub,地球が消えれば　逃げる場所など　どこにもない,"If the Earth is destroyed,  we'll have nowhere left to run.","Si la Tierra es destruida, no tendremos a dónde huir."
09:52.9,fansub,そういうことです,And that's about it.,¡Y eso es todo!
09:54.6,fansub,さあ　皆さん　残された1年を有意義に過ごしましょう,"Well then, I hope you'll make the most  of your one remaining year!",¡Hay que dar lo mejor de cada uno durante el año que queda!
10:02.1,fansub,残された時間は1年,We only have one year.,Solo nos queda un año.
10:04.7,fansub,僕たちがこいつの暗殺に成功しないと,"If we can't assassinate him by then,",Si no podemos asesinarlo para entonces...
10:08.3,fansub,地球が壊される,the Earth will be history.,La tierra será historia.
10:16.9,fansub,昼休みですね,"Ah, lunchtime!","Ah, ¡La hora del almuerzo!"
10:18.8,fansub,先生　ちょっと中国に行ってマーボー豆腐を食べてきます,I'll just pop over to China for some mapo tofu.,Iré un momento a China por un poco de mapo tofu.
10:23.5,fansub,暗殺希望者がもしいれば　携帯で呼んでください,"If anyone would like to try assassinating me,  just call me on my cell.",Cualquier aspirante a asesino es bienvenido sólo llamen a mi celular.
10:29.9,fansub,えーと　マッハ20だから,"Uh, let's see...if he's traveling at Mach 20…",Veamos. Si viaja a mach 20...
10:33.0,fansub,マーボーの本場　四川省まで10分くらい,"...it'll take maybe ten minutes to get to Sichuan, the home of mapo tofu.","le tomará más o menos diez minutos llegar a Sichuan, la tierra del mapo tofu."
10:36.7,fansub,確かにあんなもん　ミサイルでも落とせんわな,Guess no missile could shoot that down.,Supongo que no hay misil que pueda alcanzarlo.
10:40.5,fansub,しかも　あのタコ　音速飛行中にテストの採点までしてるんだぜ,"Heck, that octopus even grades tests while he breaks the sound barrier!","Maldición, ese pulpo incluso califica los exámenes mientras viaja a la velocidad del sonido."
10:44.7,fansub,マジで,Seriously?!,¿En serio?
10:46.0,fansub,俺なんかイラスト付きで返ってきた,He even did a little drawing on mine.,Hasta hizo un dibujo en el mio.
10:48.5,fansub,てか　あいつ　何げに教えてるの　うまくない,"Isn't he actually a pretty good teacher, though?","De echo, ¿no crees que es muy bueno enseñando?"
10:51.3,fansub,わかる,He is!,¿Verdad?
10:52.4,fansub,放課後に数学教わって　次のテストの点　よかったもん,I aced my math test thanks to his after-school tutoring!, El me enseñó matemáticas y me fue muy bien en el examen.
10:56.9,fansub,まっ　でもさ,"Yeah, but...","Si, pero..."
10:59.6,fansub,しょせん俺ら　E組だしな,we are the E Class.,...estámos en la clase E.
11:02.3,fansub,頑張っても仕方ねぇけど,Tryin' our best won't do much.,Esforzarnos no hará gran diferencia.
11:05.1,fansub,そう　タコ型の超生物で暗殺のターゲット,Yeah...He might be an octopoid superbeing not to mention our target,Es verdad él es un super pulpo y es nuestro blanco de asesinato
11:10.1,fansub,なのに,but...,pero...
11:11.6,fansub,あの先生はなぜか普通に先生している,"for whatever reason, he's teaching us just like any other teacher would.","...por alguna razón, como maestro, es realmente bueno."
11:15.9,fansub,僕らも同じ　即席の殺し屋であるのを除けば　普通の生徒だ,"Likewise, we're perfectly normal students outside of the whole killer thing,","Somos estudiantes perfectamente normales, salvo por lo de asesinos,"
11:21.8,fansub,けど　僕らE組は　少しだけ普通と違う,but E Class is a little different from the rest.,pero la clase E es diferente al resto.
11:29.1,fansub,おい　渚,"Hey, Nagisa.","Oye, Nagisa."
11:31.3,fansub,ちょっと付き合えよ,Come with us.,Ven con nosotros.
11:32.9,fansub,暗殺の計画　進めようぜ,It's time to put our assassination plan into action.,Es hora de que pongamos en acción nuestro plan de asesinato.
11:39.9,fansub,あのタコ　機嫌によって顔の色が変わるだろ,"That octopus's face changes color according to his mood, right?","La cara del pulpo cambia de acuerdo a su humor, ¿cierto?"
11:43.9,fansub,観察しとけって言ったやつ　できてるか,Did you note down all the variations like I asked?,¿Has echo las observaciones que te dije?
11:47.2,fansub,一応,More or less.,Más o menos.
11:48.8,fansub,余裕な時は　緑のしましまなのは知ってるよね,"It's striped green when he's feeling confident, as we all know.",Sabemos que las lineas verdes aparecen cuando esta confiado.
11:53.3,fansub,生徒の解答が間違っていたら暗い紫,"When we give an incorrect answer, it's dark purple.","Cuándo damos una respuesta incorrecta, se pone de color púrpura oscuro."
11:57.1,fansub,正解だったら明るい朱色,A correct answer makes it go bright scarlet.,Una respuesta correcta hace que se ponga de color rojo.
12:00.0,fansub,面白いのは昼休みの後で…,"But what's really interesting is after lunch, when—",Pero lo que en verdad es interesante es después del almuerzo...
12:02.1,fansub,俺は知らなくていいんだよ,I don't need to know all that.,No necesito saber eso.
12:05.0,fansub,作戦がある,I have a plan.,Tengo un plan.
12:06.8,fansub,あいつが一番油断してる顔の時に　お前がやりに行け,"And at the moment he least expects it,you are going to carry it out.",Y en el momento que menos se lo espera...tú lo llevarás a cabo.
12:11.6,fansub,ぼ…僕が,M-Me? But...,¿Y-Yo? Pero...
12:13.2,fansub,でも…,,
12:13.8,fansub,いい子ぶってんじゃねえよ,Don't be such a goody-goody.,No seas tan cobarde. Somos la clase E...
12:16.0,fansub,俺らはE組だ,We're the E Class—,
12:17.9,fansub,進学校で有名なこの学校のレベルについていけなかった脱落組,the rejects that failed to keep up at this famous prep school.,...los rechazados que no pudimos estar a la altura de esta secundaria tan famosa.
12:23.0,fansub,通称　エンドのE組,They call us...the End Class.,Nos llaman... La clase Final.
12:27.7,fansub,毎日山の上の隔離校舎まで通わされて,"Every day, they send us to this isolated mountaintop campus","Todos los días, nos envían a este campus en la cima de una colina olvidada..."
12:31.3,fansub,あらゆる面でカスみたいに差別されてる,and discriminate against us in every way like we're scum.,"...y nos discriminan de todas las formas, como si fuéramos basura."
12:35.2,fansub,落ちこぼれの俺らが100億円稼ぐチャンスなんて,You think us losers are ever gonna get  another chance to score a cool ten billion yen?,¿Cuándo crées que perdedores como nosotros tendrán otra oportunidad
12:38.7,fansub,この先　一生回ってこねえぞ,,de tener 10 billones de llenes?
12:41.9,fansub,抜け出すんだよ　このクソみてえな状況から,We're gonna climb our way out of this shithole...,Vámos a poder salir de esta horrible situación...
12:46.4,fansub,たとえ　どんな手を使ってもな,any way we can.,sea cual sea el precio.
12:51.0,fansub,しくじんなよ　渚君,Just don't screw up Nagisa-kun.,No lo eches a perder Nagisa.
12:54.7,fansub,渚のやつ　E組行きだってよ,I heard Nagisa's headed for E Class.,Escuché que Nagisa es el representante de la clase E.
12:58.9,fansub,終わったな　あいつ,"Ooh. Well, that's it for him.","Bueno, hasta ahí llegó."
13:01.2,fansub,俺　あいつのアドレス消すわ,I better delete him from my address book.,Voy a borrar su información de contacto.
13:03.5,fansub,俺も,Same.,"¡Yo igual, no quiero ni pensar que estámos al mismo nivel!"
13:04.4,fansub,同じレベルだと思われたくないし,I don't want anybody to think I'm on his level!,
13:15.9,fansub,ただ今　帰りました,I'm back!,¡Estoy de regreso!
13:17.4,fansub,お…　おかえり　先生,"H-Hello, sir...","B-Bienvenido, maestro..."
13:20.1,fansub,どうしたの　そのミサイル,What's with the missile?,¿Qué pasó con ese misil?
13:22.2,fansub,お土産です,A souvenir.,Un regalo.
13:23.4,fansub,日本海で　自衛隊に待ち伏せされまして,The Self-Defense Force ambushed me over the Sea of Japan.,La fuerza de autodefensa estába esperando por mi en el mar de Japón.
13:26.5,fansub,た…　大変ですね　ターゲットだと,"I-It must be tough, having everyone after your life.",D-Debe ser terrible ser un blanco.
13:29.4,fansub,いえいえ　皆から狙われるのは力を持つ者の証しですから,Not at all! You know you're truly powerful when everyone has it in for you.,No del todo. Sabes que eres poderoso cuando todos van tras de ti.
13:34.8,fansub,さっ　5時間目を始めますよ,"Now, I do believe it's time for fifth period.",Empecemos con el quinto periodo.
13:41.9,fansub,はい,"Yes, sir.",Si.
13:43.9,fansub,先生には　分からないよね,He doesn't understand.,El maestro no lo entiende.
13:46.6,fansub,みんなから　暗殺のターゲットにされるってことは,"If you're everyone's assassination target,","Si eres el blanco de asesinato de todos,"
13:49.9,fansub,裏を返せば　みんなに力を認められているってことだ,that means they all acknowledge your power.,significa que todos ya conocen tu poder.
13:55.1,fansub,分からないよね　そんな怪物に,A creature like that wouldn't understand what it's like,Una criatura como esa no podrá entender como se siente
13:58.3,fansub,期待も警戒もされなくなった　認識さえされない人間の気持ちなんて…,"for no one to expect or fear anything from you, or even acknowledge your existence...","ser indigno de las espectativas de otros o del miedo, o siquiera el ser reconocido…"
14:06.5,fansub,お前のおかげで　俺の評価まで　落とされたよ,"Thanks to you, my evaluation's in the gutter!","Gracias a ti, ¡mi evaluación esta en el caño!"
14:10.3,fansub,唯一　よかったのは　もうお前を見ずに済むことだ,The only silver lining is I'll never have to see you again.,Lo único bueno es que no voy a poder verte nunca más.
14:19.6,fansub,殺せるかもしれない,I might just be able to kill him.,Quizá logre asesinarlo.
14:21.6,fansub,だって　この先生にも僕の姿は　見えてないから,"After all, this teacher can't see me, either.","Después de todo, tampoco es que me note."
14:36.5,fansub,はい　それでは　お題に沿って短歌を作ってみましょう,"All right, then, compose a short poem to go along with our theme.","Muy bien, chicos. Compongan un poema corto con el tema que estamos utilizando."
14:41.6,fansub,ラスト７文字を「触手なりけり」で締めてください,"The final line should be ""was tentacles all along.""",La linea final debe ser eran tentáculos todo el tiempo.
14:46.6,fansub,「触手なりけり」ですか,"Huh? ""Was tentacles all along""?","¿""Eran tentáculos todo el tiempo""?"
14:48.9,fansub,はい　書けた人は先生の所へ持ってきなさい,"Indeed! When you're finished, bring them to me.","¡Así es! Cuando terminen, entreguenlos."
14:52.7,fansub,チェックするのは　文法の正しさと触手を美しく表現できたか,I'll be looking for proper grammar and whether you've aptly  conveyed the tentacle's beauty.,Revisane la gramática......y qué tan bien expresen la belleza de los tentáculos.
14:58.2,fansub,例文です,An example:,Un ejemplo:
14:59.8,fansub,花さそふ　嵐の庭の雪ならではえゆくものは触手なりけり,Not the storm of garden's snow or flowers moving on but sprouting there instead Was tentacles all along.,La tormenta llega en destiempo o las flores tienen contratiempos pero germinando siempre están los tentaculos todo el tiempo.
15:08.2,fansub,「触手だったのだなぁ」って…,We have to write it was tentacles? Really?,¿Eran tentáculos? ¿En serio?
15:10.5,fansub,できた者から　今日は　帰ってよし,"Once you're done, you're free to go home!",¡Una vez que terminen pueden irse a casa!
15:13.3,fansub,そんなの思い付かないよ,How are we gonna write about that?,¿Cómo se supone que escríbamos sobre eso?
15:15.3,fansub,ほーら　ほら　ヌルヌル　素晴らしい句が湧いてきませんか,"Now, now...Aren't any marvelously  slithery phrases coming to mind?","Vamos, vamos. ¿No se les viene ninguna frase maravillosa y escurridiza a la mente?"
15:19.3,fansub,ヌルヌルヌルヌルヌルヌル…,Slither slither slither slither!,"¡Escurridiza, escurridiza, escurridiza!"
15:21.9,fansub,ヌルヌル　うるせえよ,Enough with the slithering!,¡Deja de repetirlo!
15:23.5,fansub,先生　質問,I have a question!,¡Tengo una pregunta!
15:26.1,fansub,何ですか　茅野さん,"Yes, Kayano-san?","Ah. ¿Si, Kayano?"
15:28.1,fansub,いまさらなんだけどさ　先生の名前　何ていうの,"It feels weird to only ask this now, but... what's your name?","Es una pregunta extraña a estas alturas, pero... ¿Cual es su nombre?"
15:32.9,fansub,他の先生と区別するとき不便だよ,How else are we supposed to refer to you specifically?,¿De qué otro modo podemos referirnos a usted maestro?
15:35.8,fansub,名前…　ですか,My... name?,¿Mi... nombre?
15:38.0,fansub,そういやぁ…,Now that you mention it...,Ahora que lo mencionas...
15:39.2,fansub,名乗ってないね,He never did tell us.,...el núnca nos lo ha dicho.
15:41.9,fansub,名乗るような名前はありませんねぇ,Hmm... I don't really have the kind of name you tell people.,Hmm... En verdad no tengo el tipo de nombre para contarle a la gente.
15:44.4,fansub,何なら　皆さんで　付けてください,Go ahead and give me one.,"Adelante, denme uno."
15:46.8,fansub,付けていいんだ,You sure about that?,¿Está seguro de eso?
15:48.1,fansub,でも　今は　課題に集中ですよ,"But right now, focus on your schoolwork.","Pero por ahora, concéntrence en su tarea."
15:50.9,fansub,はーい,"Yes, sir.",Si...
15:52.3,fansub,では　先生は　その間　一休みを,"Meanwhile, I'll just take a little break.","Mientras tanto, tomaré un pequeño descanzo."
16:03.0,fansub,おっ　もうできましたか　渚君,"Finished already, Nagisa-kun?","¿Terminaste, Nagisa?"
16:12.4,fansub,昼食の後で　僕らが眠くなるころに,"After lunch, right around the time we get sleepy,","Después del almuerzo, justo después empieza a sentirse adormilado,"
16:15.2,fansub,先生の顔が薄いピンクになるときがある,his face sometimes goes light pink.,y su cara se pone de un color rosado.
16:19.5,fansub,茅野の質問への反応も少し遅れた,"He was a little slow responding to Kayano's question, too.",Además estuvo un poco lento al responderle a Kayano.
16:22.8,fansub,たぶん　先生も一番　油断する時間なんだ,That might be when he's at his most vulnerable.,Eso significa qué es cuando esta más vulnerable.
16:29.4,fansub,この進学校で　落ちこぼれた僕らは思う,"We prep-school failures are always thinking,","Nosotros, los perdedores de la secundaria, siempre pensamos,"
16:33.4,fansub,どこかで見返さなきゃ,We gotta get back at 'em somehow.," ""Tenemos que vengarnos de ellos de alguna manera."""
16:35.4,fansub,やればできると　親や　友達や　先生たちを,"""We'll show our parents, friends, and teachers that we can do it if we try.""","Es lo que nuestros padres, amigos y maestros siempre dicen."
16:41.2,fansub,やればできると…,We can do it if we try.,Puedes hacerlo si lo intentas.
16:46.9,fansub,言ったでしょう もっと　工夫を…,Didn't I tell you to be more inventive?,¡Te lo dije: se más original!
16:50.1,fansub,認めさせなきゃ…,We have to prove ourselves...,Tenemos que probarnos a nosotros mismos...
16:52.9,fansub,どんな手を使っても…,by any means necessary.,...por cualquier medio necesario.
17:02.6,fansub,しゃーっ,Hell yeah!,¡Siii!
17:03.8,fansub,やったぜー,We did it!,¡Lo hicimos!
17:04.9,fansub,100億円いただき,Ten billion yen! Cha-ching!,¡10 billones de yenes! ¡Genial!
17:05.0,fansub,渚,Nagisa!,¡Nagisa!
17:07.3,fansub,ざまあみろ,Serves you right!,¡Bien echo!
17:08.4,fansub,寺坂　何やったんだ,Terasaka! What have you done?!,¡Terasaka! ¡¿Qué has echo?!
17:10.9,fansub,こいつも自爆テロは予想してなかったろ,Bet he never expected a suicide bomber!,¡El no esperába un acto suicida!
17:13.3,fansub,ちょっと　渚に　何　持たせたのよ,Hey! What'd you give Nagisa?!,¡Oye!¡¿Qué le has dado a Nagisa?!
17:16.8,fansub,おもちゃの手榴弾だよ,Huh? A toy grenade.,¿Eh? Una granada de juguete.
17:19.2,fansub,ただし　火薬を使って威力を上げてある,But I beefed it up with gunpowder,¡Pero le vacié la polvora
17:22.7,fansub,300発の対先生弾がすげえ速さで飛び散るようにな,so it'd shoot three hundred anti-teacher bullets at crazy-high speed!,y entonces explotó con 300 balas anti-maestro a una increible velocidad!
17:27.9,fansub,人間が死ぬ威力じゃねえよ,"Nothin' strong enough to kill human beings, all right?",No son tan fuertes como para matar a alguien.
17:30.4,fansub,俺の100億で　治療費くらい…,My ten billion yen'll cover his medical bills no prob—,Mis diez billones de llenes van a cubrir sus gastos medi-
17:35.6,fansub,無傷　やけど一つ負ってねえのか,He's not hurt? Not even a single burn?,¿No está herido? ¿Ni una sola quemadura?
17:38.6,fansub,それに　何だ　この膜,And what's with this membrane?,¿Y... esta membrana...
17:40.9,fansub,タコの死体に　つながっ…,It's attached to that octopus's corpse?,está adherida al cadaver del pulpo?
17:41.8,fansub,実は　先生　月に１度ほど　脱皮をします,"As it happens, I shed my skin about once a month.",Como sucede. Cambio mi piel una vez al mes.
17:45.9,fansub,脱いだ皮を渚君にかぶせて守りました,I protected Nagisa-kun there by covering him with my old skin.,Protegi a Nagisa cubriéndolo con mi vieja piel.
17:51.5,fansub,月1で使える　先生の奥の手です,It's my once-monthly ace-in-the-hole.,Cada mes es mi as bajo la manga.
17:58.2,fansub,寺坂　吉田　村松,"Terasaka, Yoshida, Muramatsu.","Terasaka, Yoshida, Muramatsu."
18:03.8,fansub,先生の顔は　顔色を見るまでもなく…,You don't have to look at the color of his face to know.,No hay necesidad de verle el color del rostro para saberlo.
18:12.8,fansub,真っ黒,Pitch black! He is furious!,¡Negro puro! ¡Está furioso!
18:14.6,fansub,ど怒りだ,,
18:15.7,fansub,首謀者は　君ら３人だろ,"You three...are responsible for this, aren't you?",Ustedes tres...están detras de todo esto ¿verdad?
18:19.6,fansub,いっ　いや…,N-No!,¡N-No!
18:20.8,fansub,渚が勝手に…,It was all Nagisa's idea!,¡Todo fué idea de Nagisa!
18:29.1,fansub,いなく…,He's gone!,¡Se fué!
18:34.0,fansub,俺らんちの表札,The nameplates from our houses?!,¡¿Las placas de sus casas?!
18:36.2,fansub,政府との契約ですから　先生は　決して君たちに危害は加えない,My agreement with your government prohibits me from harming you.,Mi contrato con el gobierno no me permite lastimarlos.
18:41.7,fansub,が　しかし…,But if you try another assassination like that one...,Pero si intentan otro asesinato igual que este...
18:44.5,fansub,次　また　今のような方法で暗殺に来たら,,
18:49.2,fansub,君たち以外には何をするか分かりませんよ,I might just harm someone else.,Tal vez dañe a alguien mas
18:53.2,fansub,家族や友人…　いいや,"Your family, your friends...","Su familia, sus amigos..."
18:56.3,fansub,君たち以外を地球ごと消しますかね,Maybe I'll kill everyone on the planet except you.,O inclusive acabar con todos en el planeta menos a ustedes.
19:01.6,fansub,5秒間で　皆　悟った,It only took five seconds for everyone to understand.,Solo tomó cinco segundos para que todos entendieran...
19:04.6,fansub,地球の裏でも　逃げられないと,Nowhere on this planet was safe.,...que ningún lugar de este planeta es seguro.
19:08.0,fansub,どうしても逃げたければ,Our only escape from this situation...,Si de verdad queremos escapar...
19:12.3,fansub,この先生を殺すしか…,was to kill him!,...todo lo que podemos hacer es asesinarlo.
19:16.7,fansub,何なんだよ　てめえ　迷惑なんだよ,"What the hell's your deal, anyway? You're a real pain in the ass!",¿Qué diablos quieres entonces? ¡Solo eres una enorme molestia!
19:20.1,fansub,いきなり来て　地球　爆破とか　暗殺しろとか,"Showing up all ""I'm gonna blow up the Earth"" and ""Assassinate me""!","¡Mostrando todo eso de ""voy a destruir la tierra"" o ""asesinenme""!"
19:23.5,fansub,迷惑なやつに　迷惑な殺し方して　何が悪いんだよ,What's wrong with using an annoying method to kill an annoying guy?!,¡¿Qué tiene de malo utilizar un metodo aburrido para acabar con un tipo aburrido?!
19:28.0,fansub,迷惑　とんでもない,Annoying? Hardly.,¿Aburrido? Al contrario.
19:30.2,fansub,君たちのアイデア自体は　すごくよかった,Your idea itself was a very good one.,La idea fue bastante buena.
19:33.2,fansub,特に　渚君,"Especially you, Nagisa-kun.","Especialmente tú, Nagisa."
19:34.9,fansub,君の肉薄までの自然な体運びは100点です,The way you carried yourself so naturally on your approach gets full marks from me.,La forma en la que naturalmente te acercaste merece la máxima puntuación.
19:38.9,fansub,先生は　見事に　隙を突かれました,You did an excellent job making it past my defenses.,Hiciste bien en aprovechar la debilidad en mis defensas.
19:41.9,fansub,ただし,However!,¡Sin embargo!
19:43.5,fansub,寺坂君たちは　渚君を,None of you looked out for Nagisa-kun—,Ninguno de ustedes se preocupó por Nagisa
19:45.9,fansub,渚君は　自分を大切にしなかった,not even Nagisa-kun himself.,ni siquiera él mismo…
19:49.4,fansub,そんな生徒に暗殺する資格はありません,Students like that aren't fit to assassinate anyone.,Estudiantes como ustedes no pueden asesinar a nadie.
19:53.1,fansub,人に笑顔で胸を張れる暗殺をしましょう,We need an assassination worth smiling about—one to be proud of!,Necesitamos un asesinato que valga la pena. ¡Uno del cual estar orgullosos!
19:56.3,fansub,君たち　全員　それができる力を秘めた有能なアサシンだ,You're all capable assassins who have that power within you.,Todos son asesinos capaces que tienen el poder en su interior.
20:01.7,fansub,ターゲットである先生からのアドバイスです,Just a few words of advice from your teacher-cum-target.,Es un consejo de su maestro y de su blanco.
20:06.3,fansub,マッハ20で怒られてうねる触手で褒められた,"One moment we were being chewed out at Mach 20, and the next we were being praised with waving tentacles.","Nos molestába a Mach 20, y ahora nos alaba con todos sus tentáculos."
20:11.5,fansub,この異常な教育が　僕は　普通に　うれしかった,"It wasn't your average education, but it made me pretty happy.",Esta inusual educación me pone un poco feliz.
20:16.3,fansub,この異常な先生は僕らのことを　正面から見てくれたから,All because this unusual teacher was actually willing to look us in the eye.,Todo a causa de este inusual maestro y actualmente nos estába mirando cara a cara
20:30.8,fansub,あなたの…,If you...,Si tu...
20:33.3,fansub,あなたの時間をくれるなら,"If you're willing to give up your time,",Si tú estas dispuesto a dar tu tiempo...
20:36.3,fansub,あの子たちを教えてあげて,go teach those children.,úsalo para enseñarle a esos chicos.
20:40.8,fansub,なんて　すてきな触手…,What splendid tentacles.,Qué espléndidos tentáculos...
20:43.7,fansub,この手なら　きっと　あなたはすてきな教師に…,"With hands like these, I'm sure you'll be a splendid teacher.",Con manos como estas...Estoy segura de que serás un gran maestro.
20:51.0,fansub,さて　問題です　渚君,"Let me pose you a question, Nagisa-kun.",Tengo una pregunta para ti Nagisa:
20:53.8,fansub,先生は　殺される気などみじんもない,I have not the slightest intention of being killed.,No tenia la mínima intención de ser asesinado.
20:57.0,fansub,皆さんと　来年　3月までエンジョイしてから,"I will enjoy my time with you all until next March,","Disfrutaré mi tiempo con ustedes hasta marzo,"
20:59.5,fansub,地球を爆破です,and then I will blow up the Earth.,y entonces destuiré la tierra.
21:02.1,fansub,それが嫌なら君たちは　どうしますか,"If you don't like that idea, what do you plan to do about it?",Si no les gusta la idea. ¿Qué van a hacer al respecto?
21:06.6,fansub,暗殺なんて　したことないし,"We've never assassinated anyone before,","Nunca hemos asesinado a nadie antes,"
21:09.3,fansub,僕らには　他に　すべきことがたくさんある,and there's plenty of other stuff we should be doing.,y estoy segura que haremos muchas más cosas.
21:14.2,fansub,けど　思った,"But, you know...",Pero sabes...
21:16.7,fansub,この先生なら　殺意さえも受け止めてくれるって,I think this teacher might even accept us trying to kill him.,Creo que este maestro tal vez pueda aceptar mi sed de sangre.
21:21.2,fansub,地球を爆破されるその前に　先生を殺します,Before you destroy Earth...,Antes de que destruyas la tierra... Te mataré.
21:27.4,fansub,ならば　今　やってみなさい,Then what are you waiting for?,¡Entonces hazlo!
21:29.4,fansub,殺せた者から　今日は帰ってよし,"Once you've killed me, you're free to go home!","¡Una vez que acaben conmigo, podran irse a casa!"
21:32.7,fansub,んな簡単に…,"Just like that, huh?",¿Solo así?
21:33.8,fansub,殺せるわけねえだろ,You know we can't kill you!,¡Sabes que no podemos hacerlo!
21:35.9,fansub,僕らは　殺し屋,We are killers.,Somos asesinos.
21:37.9,fansub,ターゲットは　先生,And our target...is our teacher.,Y nuestro blanco....es nuestro maestro.
21:40.9,fansub,ふきふき　ふきふき,"Wipe, wipe, wipe it clean!","¡Limpia, limpia, limpia!"
21:42.6,fansub,今　撃っても…,If we tried to shoot him now...,Si le disparamos ahora...
21:43.7,fansub,表札と一緒に手入れされる…,we'd just get polished like those nameplates.,...nos terminará puliendo como esas placas.
21:46.0,fansub,帰れねえ…,We're never getting out of here!,¡Nunca iremos a casal
21:48.1,fansub,殺せない先生か…,An unkillable teacher...,Un maestro imposible de matar...
21:50.8,fansub,殺せない…　ころ…,"Korosenai for ""unkillable and ""sensei"" for ""teacher""...""","Korosenai... ""Koro"".."
21:54.2,fansub,殺せんせーは,"Oh! What about ""Korosensei""?","¡Oh! ¿Qué tal ""Maestro Koro""?"
21:56.3,fansub,殺せんせー,Korosensei?,¿Maestro Koro?
21:59.8,fansub,殺せんせーと　僕らの暗殺教室,So here we are with Korosensei...in our assassination classroom.,"Somos nosotros y nuestro maestro Koro, en nuestro salón de asesinato."
22:05.0,fansub,始業のベルは　明日も鳴る,The bell signals the start of another school day.,Otro día y otra campana que suena.
00:48.8,ai,それでは,"Well then,","Bien,"
00:50.5,ai,ホームルームを始めます,Let's begin homeroom.,empezaremos la clase.
00:52.7,ai,日直の人は号令を,"Class monitor, give the command.","El encargado, por favor, dé la orden."
00:54.9,ai,き…起立,St… stand.,¡Se… levanten!
01:00.1,ai,気を付け,Attention.,¡Atención!
01:05.0,ai,礼,Bow.,¡Saludad!
01:09.7,ai,おはようございます,Good morning.,Buenos días.
01:11.6,ai,発砲したままで結構ですので　出欠をとります,You may keep your weapons raised; I'll take attendance.,Pueden mantener las armas cargadas; tomaré la asistencia.
01:15.2,ai,磯貝君,Isogai.,Isogai-kun.
01:16.7,ai,はい,Yes.,Sí.
01:18.0,ai,すみませんが　銃声の中なので　大きな声で,"Sorry — it's noisy with gunfire, so speak loudly.","Perdón, pero con los disparos de fondo, habla más fuerte."
01:21.4,ai,はい,Yes.,Sí.
01:22.3,ai,岡島君,Okajima.,Okajima-kun.
01:23.6,ai,はい,Yes.,Sí.
01:24.3,ai,奥田さん,Okuda.,Okuda-san.
01:25.5,ai,はい,Yes.,Sí.
01:26.3,ai,片岡さん,Kataoka.,Kataoka-san.
01:27.4,ai,はい,Yes.,Sí.
01:28.0,ai,茅野さん,Chino.,Chino-san.
01:28.9,ai,はい,Yes.,Sí.
01:29.5,ai,神崎さん,Kanzaki.,Kanzaki-san.
01:30.5,ai,はい,Yes.,Sí.
01:33.3,ai,はい　遅刻なしっと,Yes — no tardies.,"Bien, sin tardanzas."
01:36.0,ai,素晴らしい　先生　とてもうれしいです,"Wonderful. Teacher, I'm very pleased.","Excelente. Profesor, estoy muy contento."
01:39.4,ai,速過ぎ,Too fast.,Demasiado rápido.
01:40.9,ai,クラス一斉射撃で駄目なのかよ,Is a class-wide volley that hopeless?,¿No sirve disparar todos a la vez?
01:43.5,ai,僕らは,We are,Nosotros somos…
01:45.0,ai,殺し屋,assassins.,asesinos.
01:46.5,ai,僕らのターゲットは,Our target is,Nuestro objetivo es…
01:49.1,ai,先生,the teacher.,el profesor.
01:50.1,ai,残念ですねぇ,"That's unfortunate, isn't it.",Qué lástima.
01:51.6,ai,今日も命中弾ゼロです,Zero hits again today.,Hoy tampoco hay impactos.
01:54.0,ai,数に頼る戦術は　個々の思考を疎かにする,Tactics that rely on numbers neglect individual thinking.,La táctica de confiar en la cantidad descuida el pensamiento individual.
01:57.6,ai,目線　銃口の向き　指の動き,"Gaze, muzzle direction, finger movement.","La mirada, la dirección del cañón, el movimiento de los dedos."
02:01.4,ai,一人一人が単純過ぎます,Each one of you is too simple.,Cada uno es demasiado simple.
02:04.0,ai,もっと工夫しましょう,Use more ingenuity.,Sean más ingeniosos.
02:05.9,ai,でないと,Otherwise,Si no…
02:07.4,ai,最高速度マッハ20の先生は　殺せませんよ,you won't be able to kill a teacher who can hit Mach 20.,no podrán matar al profesor que alcanza Mach 20.
02:12.2,ai,いや　ていうかさ,"I mean, seriously—","O sea,"
02:14.4,ai,本当に全部よけてんのかよ　先生,"Are you really dodging everything, Sensei?","¿Realmente lo estás esquivando todo, profesor?"
02:16.6,ai,どう見ても これ　ただのBB弾だろ,"From any angle, these are just BB pellets.",A todas luces esto son solo perdigones BB.
02:19.8,ai,当たってるのに　我慢してるだけじゃないの,"They're hitting you — you're just holding back, aren't you?","Está siendo alcanzado pero solo lo toleras, ¿no?"
02:22.6,ai,そうよ　そうだよ,"Yeah, that's it.","Eso es, así es."
02:26.2,ai,では　弾を込めて渡しなさい,"Now, load the rounds and pass them along.","Entonces, carguen las balas y pásenlas."
02:29.4,ai,言ったでしょう,"I told you, remember?",¿No les dije?
02:31.0,ai,この弾は君たちにとっては無害ですが,"These rounds are harmless to you,","Estas balas son inofensivas para ustedes,"
02:36.6,ai,国が開発した対先生用特殊弾です,developed by the government specifically for use against Sensei.,son munición especial desarrollada por el país para usar contra el profesor.
02:40.4,ai,当たれば　先生の細胞を豆腐のように破壊できる,"If they hit, they can destroy Sensei's cells like tofu.","Si impactan, pueden destrozar las células del profesor como tofu."
02:45.0,ai,もちろん数秒あれば再生しますが,"Of course, he regenerates in a few seconds,","Claro, se regenerará en segundos,"
02:48.5,ai,だが　君たちも目に入ると危ない,but if it gets in your eyes it's dangerous for you too.,pero si les entra a ustedes en los ojos es peligroso.
02:52.2,ai,先生を殺す以外の目的で室内での発砲はしないように,Do not fire indoors for any purpose other than killing Sensei.,No disparen dentro del aula con otro fin que no sea matar al profesor.
02:57.5,ai,殺せるといいですね　卒業までに,Hopefully you'll be able to kill him before graduation.,Ojalá lo maten antes de graduarse.
03:02.0,ai,さあ　銃と弾を片付けましょう,"Now, put away your guns and ammo.","Bien, guarden las armas y las balas."
03:04.8,ai,授業を始めます,Class will begin.,Empezaremos la clase.
03:08.1,ai,椚ヶ丘中学校３-Eは　暗殺教室,"Kunugigaoka Middle School, Class 3-E: Assassination Classroom.",La clase 3-E de la escuela Kunugigaoka es… el aula de asesinato.
03:13.6,ai,始業のベルが　今日も鳴る,The starting bell rings again today.,Suena la campana; otro día comienza.
04:56.5,ai,はい　ここで問題です,"All right, question time.","Bien, pregunta ahora."
04:58.9,ai,磯貝君,Isogai.,Isogai-kun.
05:00.3,ai,はい,Yes.,Sí.
05:01.2,ai,この4本の触手のうち　仲間外れは,Which of these four tentacles is the odd one out?,"De estos cuatro tentáculos, ¿cuál es el intruso?"
05:04.4,ai,ええと　青い触手,Um… the blue tentacle.,Eh… el tentáculo azul.
05:06.7,ai,正解　青の例文の「WHO」だけが関係詞です,"Correct. In the blue example, only ""WHO"" is a relative pronoun.","Correcto. En la frase azul, ""WHO"" es el único pronombre relativo."
05:11.4,ai,関係代名詞は直前の名詞を修飾し,"A relative pronoun modifies the noun immediately before it,",El pronombre relativo modifica el sustantivo inmediatamente anterior
05:14.4,ai,ここでは「who is standing over there」が,"here, ""who is standing over there""","aquí ""who is standing over there"""
05:17.5,ai,前の「the boy」少年を説明しています,"describes the preceding ""the boy.""","describe al sustantivo anterior ""the boy""."
05:12.2,ai,ねえ　渚,"Hey, Nagisa.","Oye, Nagisa."
05:16.1,ai,昼間だけど　出てるね　三日月,"It's daytime, but the crescent moon is out.","Es de día, pero la media luna está ahí."
05:21.4,ai,何で僕らがこんな状態になったのか,How did we end up like this?,Por qué estamos así…
05:25.5,ai,３年生の始め,"At the start of our third year,",A comienzos de tercero.
05:27.4,ai,僕らは二つの事件に同時に遭った,we experienced two incidents at once.,Sufrimos dos incidentes al mismo tiempo.
05:45.8,ai,一つ目は　その日突然　月が爆発して三日月形になってしまったこと,The first was that the moon suddenly exploded and became a crescent.,Primero: ese día la luna explotó de repente y quedó en forma de media luna.
05:55.2,ai,番組の途中ですが　ここで臨時ニュースです,We interrupt this program for breaking news.,Interrumpimos la programación con noticias de última hora.
05:58.3,ai,つい先ほど　月が７割方蒸発し　失われたとの情報が入りました,Just now we received reports that roughly 70% of the moon has evaporated and been lost.,Hace un momento llegó información: la luna se ha evaporado en un 70% y se ha perdido.
06:04.5,ai,繰り返します,We repeat —,Repito:
06:05.7,ai,われわれはもう一生三日月しか見られないということでしょうか,does this mean we'll only ever see a crescent moon for the rest of our lives?,¿Significa esto que solo veremos medias lunas por el resto de nuestras vidas?
06:10.7,ai,そして　二つ目の事件が　これ,And the second incident is this:,Y el segundo incidente es esto:
06:13.9,ai,初めまして　私が月をやった犯人です,Nice to meet you. I am the one who did the moon.,Mucho gusto. Yo soy el que destruyó la luna.
06:20.9,ai,来年には　地球もやる予定です,I plan to do the Earth next year.,El próximo año planeo hacer lo mismo con la Tierra.
06:23.5,ai,君たちの担任になったので　どうぞよろしく,"Since I'm your homeroom teacher now, pleased to meet you.",Soy su nuevo profesor; un gusto.
06:28.1,ai,まず五六カ所ツッコませろ,"First, let me poke a few holes in that.","Primero, déjenme hacer unas cuantas aclaraciones."
06:30.4,ai,クラス全員　そう思った,The whole class thought so.,Toda la clase pensó lo mismo.
06:34.0,ai,防衛省の烏間という者だ,I'm a man named Kuruma from the Defense Ministry.,Soy Kuruma del Ministerio de Defensa.
06:36.5,ai,まずは　ここからの話は国家機密だと理解いただきたい,"First, understand that what's about to be said is a state secret.",Entiendan que lo que diré es secreto de estado.
06:43.7,ai,単刀直入に言う,I'll be blunt.,Iré al grano.
06:45.8,ai,この怪物を君たちに殺してほしい,I want you to kill this creature.,Quiero que maten a este monstruo.
06:50.9,ai,えっと　何っすか,Uh… what?,Eh… ¿qué?
06:53.9,ai,そいつ　攻めてきた宇宙人か何かっすか,Is that thing an alien invader or something?,¿Es un alienígena invasor o qué?
06:56.4,ai,失礼な,How rude.,Qué falta de respeto.
06:57.3,ai,生まれも育ちも地球ですよ,"It was born and raised on Earth, you know.","Nació y creció en la Tierra, ¿sabes?"
07:00.2,ai,地球,Earth.,En la Tierra.
07:01.6,ai,詳しいことを話せないのは申し訳ないが,"Sorry I can't explain details, but","Lamento no poder dar más detalles,"
07:04.4,ai,こいつが言ったことは真実だ,what he says is true.,pero lo que él dice es verdad.
07:06.8,ai,月を壊したこの生物は,The being that destroyed the moon,Esta criatura que destruyó la luna
07:09.0,ai,来年の三月　地球をも破壊する,will destroy the Earth in March next year.,destruirá la Tierra en marzo del próximo año.
07:14.3,ai,このことを知っているのは各国首脳だけ,Only world leaders know this.,Solo los líderes mundiales lo saben.
07:18.1,ai,こいつの存在が公になれば　世界はパニックに陥るだろう,"If its existence became public, the world would panic.","Si su existencia se hace pública, el mundo entraría en pánico."
07:23.2,ai,そうなる前に秘密裏にこいつを殺さなければならない,"Before that happens, we must secretly kill it.",Debemos matarlo en secreto antes de que eso ocurra.
07:27.7,ai,つまり　暗殺だ,In other words: assassination.,Es decir: asesinato.
07:30.4,ai,だが　こいつは…,"However, this thing…",Pero este ser…
07:31.9,ai,とにかく速い,is unbelievably fast.,es extremadamente rápido.
07:33.4,ai,殺すどころか,"Far from being killable,","Ni siquiera matarlo,"
07:35.4,ai,眉毛の手入れをされている始末だ,it's grooming its eyebrows while we're at it.,terminó arreglándole las cejas (mientras lo atacaban).
07:38.0,ai,丁寧にな,Very polite about it.,Con delicadeza.
07:41.8,ai,満月を三日月に変えるほどのパワーを持つ超生物だ,It's a super-being with power enough to turn a full moon into a crescent.,Es un superser con poder suficiente para convertir luna llena en media luna.
07:45.9,ai,最高速度はマッハ20,Its top speed is Mach 20.,Su velocidad máxima es Mach 20.
07:48.4,ai,つまり　こいつが本気で逃げれば,"So if it really tries to escape,","Es decir, si se esfuerza por huir,"
07:51.5,ai,われわれは破滅の時まで　手も足も出ない,we won't be able to stop it until the end of the world.,no podremos alcanzarlo jamás.
07:55.9,ai,まあ　それでは面白くないのでね,"Well, that wouldn't be interesting, so—","Pero eso sería aburrido, así que…"
07:58.6,ai,私から国に提案したのです,I made a proposal to the government.,propuse algo al gobierno.
08:01.2,ai,殺されるのはごめんですが,"I don't want to be killed myself, but","No quiero que me maten,"
08:03.5,ai,椚ヶ丘中学校　3年E組の担任ならやってもいいと,I'd be willing to be the homeroom teacher of Kunugigaoka Middle School's 3-E.,pero acepté ser profesor de la 3-E de Kunugigaoka.
08:08.1,ai,いや　なんで,"Wait, why?",¿Por qué?
08:09.5,ai,こいつの狙いは分からん,We don't know its motives.,No sabemos cuál es su objetivo.
08:11.7,ai,しかし　われわれ政府は,"However, our government","Sin embargo, nosotros en el gobierno"
08:13.6,ai,君たち生徒に危害を加えないことを条件にやむなく承諾した,reluctantly agreed on the condition it wouldn't harm you students.,aceptamos con reserva con la condición de no dañar a los alumnos.
08:18.9,ai,理由は二つ,There are two reasons.,Hay dos razones.
08:20.4,ai,教師として毎日教室に来るのなら　監視ができる,"If it comes to class every day as a teacher, we can monitor it.","Si viene a clase todos los días como profesor, podemos vigilarlo."
08:24.2,ai,何よりも,And more importantly—,"Y, sobre todo,"
08:25.9,ai,30人もの人間が　至近距離からこいつを殺すチャンスを得る,thirty people get a chance to kill it from close range.,treinta personas tendrían la oportunidad de matarlo desde muy cerca.
08:33.4,ai,中村さん,Nakamura.,Nakamura-san.
08:35.4,ai,暗殺は勉強の妨げにならないときにと言ったはずです,I said assassinations should not interfere with studies.,Dije que el asesinato no debe interferir con los estudios.
08:39.0,ai,すみません,Sorry.,Lo siento.
08:40.1,ai,罰として後ろで立って受講しなさい,"As punishment, stand at the back and observe class.","Como castigo, quédate de pie atrás durante la clase."
08:44.0,ai,なんでこんな怪物がうちの担任に,Why did a monster like this become our teacher?,¿Por qué un monstruo así es nuestro profesor?
08:47.0,ai,どうして僕らが暗殺なんか…,Why are we supposed to assassinate…,¿Por qué tenemos que asesinar?
08:49.7,ai,そんな声は　この条件でかき消えた,Those protests were drowned out by the terms.,Esa protesta se apagó con las condiciones impuestas.
08:53.8,ai,成功報酬は100億円,The success reward is 10 billion yen.,La recompensa por el éxito es de 10 mil millones de yenes.
08:57.4,ai,当然の額だ,A natural amount.,Una suma justa.
08:59.6,ai,暗殺の成功は冗談抜きで地球を救うことなのだから,Succeeding in the assassination literally saves the Earth.,"Porque matar al objetivo significaría, sin broma, salvar la Tierra."
09:04.6,ai,幸いなことに　こいつは君たちをなめきっている,"Fortunately, it underestimates you.","Afortunadamente, este tipo subestima a ustedes."
09:08.3,ai,見ろ　緑のしましまになったときは　なめている顔だ,"Look — when its stripes turn green, that's a face of mockery.","Miren, cuando su cara se torna rayada de verde, está despreciándolos."
09:12.0,ai,どんな皮膚だよ,What kind of skin is that?,Qué tipo de piel es esa…
09:13.1,ai,当然でしょう,Naturally.,Naturalmente.
09:14.7,ai,国がやれない私を　君たちがやれるわけがない,"If the country couldn't do it, you certainly can't.","Si el país no pudo, menos aún ustedes podrían."
09:18.5,ai,最新鋭の戦闘機に襲われた時も,"Even when attacked by the latest fighter jets,","Incluso cuando fue atacado por cazas de última generación,"
09:29.2,ai,逆に空中でワックスをかけてやりましたよ,it was waxing itself midair.,él me dio una manicura en pleno aire.
09:32.1,ai,だからなぜ手入れする,So why is it grooming itself?,"Entonces, ¿por qué lo arregla?"
09:34.1,ai,君たちにはなめているこいつの隙をあわよくば突いてほしい,I want you to exploit any opening where it underestimates you.,Quiero que aprovechen cualquier descuido de ese que los desprecia.
09:38.9,ai,人間には無害で　こいつには効く武器と弾を支給する,We'll supply weapons and rounds that are harmless to humans but effective on it.,Les daremos armas y balas que son inofensivas para humanos pero eficaces contra él.
09:43.6,ai,君たちの家族や友人には絶対秘密だ,Keep this absolutely secret from family and friends.,Esto debe permanecer absolutamente en secreto para sus familias y amigos.
09:47.2,ai,とにかく時間がない,"In any case, there's no time.",No hay tiempo.
09:49.0,ai,地球が消えれば　逃げる場所など　どこにもない,"If Earth is gone, there will be nowhere to run.","Si la Tierra se destruye, no habrá lugar a donde huir."
09:52.9,ai,そういうことです,That's the situation.,Eso es todo.
09:54.6,ai,さあ　皆さん　残された1年を有意義に過ごしましょう,"Now then, spend the remaining year meaningfully.","Bien, pasen el año que les queda de manera significativa."
10:02.1,ai,残された時間は1年,The time left is one year.,Les queda un año.
10:04.7,ai,僕たちがこいつの暗殺に成功しないと,"If we don't succeed in assassinating it,","Si no logramos asesinarlo,"
10:08.3,ai,地球が壊される,the Earth will be destroyed.,la Tierra será destruida.
10:16.9,ai,昼休みですね,It's lunch break.,Es hora del recreo.
10:18.8,ai,先生　ちょっと中国に行ってマーボー豆腐を食べてきます,"Teacher, I'm going to China for a bit to eat mapo tofu.","Profesor, voy a China un momento a comer mapo tofu."
10:23.5,ai,暗殺希望者がもしいれば　携帯で呼んでください,"If anyone wants to attempt an assassination, call me on your cell.","Si alguien quiere intentar el asesinato, llámenme al móvil."
10:29.9,ai,えーと　マッハ20だから,"Um, it's Mach 20, so—",Eh… porque va a Mach 20.
10:33.0,ai,マーボーの本場　四川省まで10分くらい,"The mapo capital, Sichuan, is about ten minutes away.","Tardaría como 10 minutos en ir a Sichuan, la cuna del mapo."
10:36.7,ai,確かにあんなもん　ミサイルでも落とせんわな,"Indeed, you can't take something like that down with missiles.","Cierto, ni un misil podría con eso."
10:40.5,ai,しかも　あのタコ　音速飛行中にテストの採点までしてるんだぜ,And that octopus grades tests even while flying at supersonic speed.,"Además, ese pulpo corrige exámenes mientras vuela a velocidad supersónica."
10:44.7,ai,マジで,Seriously.,En serio.
10:46.0,ai,俺なんかイラスト付きで返ってきた,Mine came back with illustrations.,A mí me devolvió el examen con ilustraciones.
10:48.5,ai,てか　あいつ　何げに教えてるの　うまくない,"By the way, he's actually pretty good at teaching.","Y en realidad, da clase sorprendentemente bien."
10:51.3,ai,わかる,I know.,Sí.
10:52.4,ai,放課後に数学教わって　次のテストの点　よかったもん,I got math help after school and did better on the next test.,Me enseñó matemáticas después de clase y me fue mejor en el examen.
10:56.9,ai,まっ　でもさ,"Still,","Bueno, pero"
10:59.6,ai,しょせん俺ら　E組だしな,we're after all Class E.,al fin y al cabo somos la clase E.
11:02.3,ai,頑張っても仕方ねぇけど,"Even if we try, it might not help.","No tiene sentido esforzarse, supongo."
11:05.1,ai,そう　タコ型の超生物で暗殺のターゲット,Yeah — an octopus-like super-being is our assassination target.,Sí: un superser con forma de pulpo es nuestro objetivo.
11:10.1,ai,なのに,Yet,"Y sin embargo,"
11:11.6,ai,あの先生はなぜか普通に先生している,that teacher somehow just acts like a normal teacher.,ese profesor actúa como un profesor normal.
11:15.9,ai,僕らも同じ　即席の殺し屋であるのを除けば　普通の生徒だ,"We're normal students, except that we're amateur assassins.","Nosotros también somos estudiantes normales, salvo que somos asesinos improvisados."
11:21.8,ai,けど　僕らE組は　少しだけ普通と違う,But Class E is a little different from normal.,Pero la clase E es un poco distinta al resto.
11:29.1,ai,おい　渚,"Hey, Nagisa.","Oye, Nagisa."
11:31.3,ai,ちょっと付き合えよ,Come with me for a bit.,Vente conmigo un momento.
11:32.9,ai,暗殺の計画　進めようぜ,Let's move the assassination plan forward.,Avancemos con el plan de asesinato.
11:39.9,ai,あのタコ　機嫌によって顔の色が変わるだろ,"That octopus changes facial color depending on its mood, right?",Ese pulpo cambia el color de su cara según su humor.
11:43.9,ai,観察しとけって言ったやつ　できてるか,Did the person I told to observe do it?,"¿El que dijo ""obsérvalo"", lo hizo?"
11:47.2,ai,一応,Sort of.,Más o menos.
11:48.8,ai,余裕な時は　緑のしましまなのは知ってるよね,"You know when it's relaxed, it's green-striped, right?","Sabemos que cuando está relajado tiene rayas verdes, ¿no?"
11:53.3,ai,生徒の解答が間違っていたら暗い紫,"If a student's answer is wrong, it's dark purple.","Si un alumno se equivoca, su color es púrpura oscuro."
11:57.1,ai,正解だったら明るい朱色,"If correct, a bright vermilion.","Si aciertan, se pone rojo brillante."
12:00.0,ai,面白いのは昼休みの後で…,The interesting part is after lunch…,Lo interesante es después del recreo…
12:02.1,ai,俺は知らなくていいんだよ,I don't need to know.,No necesito saberlo.
12:05.0,ai,作戦がある,I have a plan.,Tengo un plan.
12:06.8,ai,あいつが一番油断してる顔の時に　お前がやりに行け,Go for it when it's showing its most careless expression.,Ve cuando tenga la cara más despreocupada y tú atácale.
12:11.6,ai,ぼ…僕が,M-me?,Y-yo…
12:13.2,ai,でも…,But…,Pero…
12:13.8,ai,いい子ぶってんじゃねえよ,Don't act like a goody-two-shoes.,Deja de hacerte el buen chico.
12:16.0,ai,俺らはE組だ,We're Class E.,Somos la clase E.
12:17.9,ai,進学校で有名なこの学校のレベルについていけなかった脱落組,We're the dropouts who couldn't keep up at this prestigious school.,Somos los rezagados que no pudieron seguir el ritmo de esta prestigiosa escuela.
12:23.0,ai,通称　エンドのE組,"Commonly known as the ""End"" — Class E.",Conocidos como la clase E del fin.
12:27.7,ai,毎日山の上の隔離校舎まで通わされて,"We're forced to commute every day to the isolated campus on the hill,",Nos obligan a ir cada día al edificio aislado en la cima.
12:31.3,ai,あらゆる面でカスみたいに差別されてる,and discriminated against in every way like trash.,Somos discriminados en todo aspecto.
12:35.2,ai,落ちこぼれの俺らが100億円稼ぐチャンスなんて,A chance for us dropouts to earn 10 billion yen,"Una oportunidad de ganar 10 mil millones no volverá para nosotros, los fracasados."
12:38.7,ai,この先　一生回ってこねえぞ,will never come around again in our lives.,No nos va a volver a ocurrir en la vida.
12:41.9,ai,抜け出すんだよ　このクソみてえな状況から,Get out of this shitty situation.,Hay que escapar de esta situación de mierda.
12:46.4,ai,たとえ　どんな手を使ってもな,By any means necessary.,Aunque sea por cualquier medio.
12:51.0,ai,しくじんなよ　渚君,"Don't screw up, Nagisa.","No la cagues, Nagisa."
12:54.7,ai,渚のやつ　E組行きだってよ,Nagisa's been sent to Class E.,Dicen que mandaron a Nagisa a la clase E.
12:58.9,ai,終わったな　あいつ,That's it for him.,Se jodió.
13:01.2,ai,俺　あいつのアドレス消すわ,I'm deleting his contact.,Voy a borrar su contacto.
13:03.5,ai,俺も,Me too.,Yo también.
13:04.4,ai,同じレベルだと思われたくないし,I don't want to be thought of as on the same level.,No quiero que me comparen con él.
13:15.9,ai,ただ今　帰りました,I'm back.,Acabo de volver.
13:17.4,ai,お…　おかえり　先生,"O-oh, welcome back, Sensei.","B-bienvenido de nuevo, profesor."
13:20.1,ai,どうしたの　そのミサイル,What's with that missile?,"¿Qué es eso, ese misil?"
13:22.2,ai,お土産です,It's a souvenir.,Un souvenir.
13:23.4,ai,日本海で　自衛隊に待ち伏せされまして,I was ambushed by the Self-Defense Forces in the Sea of Japan.,Me tendieron una emboscada las Fuerzas de Autodefensa en el Mar de Japón.
13:26.5,ai,た…　大変ですね　ターゲットだと,Th-that's terrible if you're a target.,"Q-qué grave, si eras el objetivo."
13:29.4,ai,いえいえ　皆から狙われるのは力を持つ者の証しですから,"No, no — being targeted by everyone is proof of power.","No, ser blanco de todos es señal de tener poder."
13:34.8,ai,さっ　5時間目を始めますよ,"Now then, let's start fifth period.","Bien, empezaremos la quinta hora."
13:41.9,ai,はい,Yes.,Sí.
13:43.9,ai,先生には　分からないよね,"You wouldn't understand, Sensei.","El profesor no lo entiende, ¿verdad?"
13:46.6,ai,みんなから　暗殺のターゲットにされるってことは,Being the target of everyone's assassination attempts,Ser objetivo de intentos de asesinato por parte de todos
13:49.9,ai,裏を返せば　みんなに力を認められているってことだ,on the flip side means everyone acknowledges your strength.,implica que todos reconocen tu poder.
13:55.1,ai,分からないよね　そんな怪物に,You wouldn't understand the feelings of someone who is no longer expected or feared by such a monster…,No lo entendería esa criatura.
13:58.3,ai,期待も警戒もされなくなった　認識さえされない人間の気持ちなんて…,"the feelings of a person who is no longer expected, watched, or even recognized…",Lo que siente una persona ignorada — sin expectativas ni vigilancia — es…
14:06.5,ai,お前のおかげで　俺の評価まで　落とされたよ,Because of you my reputation dropped too.,"Por tu culpa, hasta mi reputación ha caído."
14:10.3,ai,唯一　よかったのは　もうお前を見ずに済むことだ,The only good thing is I don't have to see you anymore.,La única ventaja es no tener que verte más.
14:19.6,ai,殺せるかもしれない,Maybe I could kill him.,Puede que pueda matarlo.
14:21.6,ai,だって　この先生にも僕の姿は　見えてないから,"After all, this teacher can't even see me.",Porque este profesor tampoco puede verme.
14:36.5,ai,はい　それでは　お題に沿って短歌を作ってみましょう,"All right then, let's compose a tanka following the theme.","Bien, ahora compongan un tanka acorde al tema."
14:41.6,ai,ラスト７文字を「触手なりけり」で締めてください,"End the last seven syllables with ""shokushu narikeri"" (""…are tentacles"").","Terminen los últimos siete caracteres con ""触手なりけり"" (ser tentáculos)."
14:46.6,ai,「触手なりけり」ですか,"""…are tentacles,"" huh?","¿""触手なりけり""?"
14:48.9,ai,はい　書けた人は先生の所へ持ってきなさい,"Yes. Those who finished, bring them to Sensei.","Sí. Quien lo haya escrito, tráigalo al profesor."
14:52.7,ai,チェックするのは　文法の正しさと触手を美しく表現できたか,I'll check for grammatical correctness and whether the tentacles were expressed beautifully.,Verificaré la gramática y si logran expresar la belleza de los tentáculos.
14:58.2,ai,例文です,Here's an example.,Ejemplo:
14:59.8,ai,花さそふ　嵐の庭の雪ならではえゆくものは触手なりけり,"Flower-inviting / In the storm-garden's snow, what departs is / indeed tentacles.","Invitando flores, la nieve del jardín tempestuoso — lo que se va es un tentáculo."
15:08.2,ai,「触手だったのだなぁ」って…,"Like, ""So it was tentacles, huh…""","""¡Ah, era un tentáculo..."""
15:10.5,ai,できた者から　今日は　帰ってよし,Those who finish may go home today.,Los que lo terminen pueden irse a casa hoy.
15:13.3,ai,そんなの思い付かないよ,I can't think of anything like that.,No se me ocurre nada así.
15:15.3,ai,ほーら　ほら　ヌルヌル　素晴らしい句が湧いてきませんか,"Come on, slime, won't a wonderful verse rise up?","Venga, venga, ¿no les surge un verso resbaladizo y magnífico?"
15:19.3,ai,ヌルヌルヌルヌルヌルヌル…,Slime slime slime slime slime…,"Resbaloso, resbaloso…"
15:21.9,ai,ヌルヌル　うるせえよ,Shut up with the slime.,"""Resbaloso"", cállate."
15:23.5,ai,先生　質問,"Teacher, question.","Profesor, pregunta."
15:26.1,ai,何ですか　茅野さん,Yes? Chino?,"¿Sí, Chino?"
15:28.1,ai,いまさらなんだけどさ　先生の名前　何ていうの,"It's late to ask, but what's your name, Sensei?","Es tarde, pero ¿cómo se llama el profesor?"
15:32.9,ai,他の先生と区別するとき不便だよ,It's inconvenient when distinguishing from other teachers.,Es incómodo distinguirlo de otros profesores.
15:35.8,ai,名前…　ですか,A name… huh?,Un nombre... ¿eh?
15:38.0,ai,そういやぁ…,Now that you mention it…,Ahora que lo dices...
15:39.2,ai,名乗ってないね,I haven't introduced myself.,No se ha presentado.
15:41.9,ai,名乗るような名前はありませんねぇ,There's no name worth announcing.,No tiene un nombre digno de presentarse.
15:44.4,ai,何なら　皆さんで　付けてください,"If you like, you may give me one.","Si quieren, pónganle uno ustedes."
15:46.8,ai,付けていいんだ,We can name you?,¿Podemos ponerle nombre?
15:48.1,ai,でも　今は　課題に集中ですよ,"But for now, focus on the assignment.",Pero ahora concéntrense en la tarea.
15:50.9,ai,はーい,Okay.,¡Sí!
15:52.3,ai,では　先生は　その間　一休みを,Then I'll take a little rest in the meantime.,"Bien, el profesor descansará mientras tanto."
16:03.0,ai,おっ　もうできましたか　渚君,"Oh — already done, Nagisa?","Oh, ¿ya terminaste, Nagisa?"
16:12.4,ai,昼食の後で　僕らが眠くなるころに,"After lunch, when we begin to get sleepy,","Después del almuerzo, cuando nos dé sueño,"
16:15.2,ai,先生の顔が薄いピンクになるときがある,there are times when Sensei's face turns a pale pink.,hay momentos en que la cara del profesor se vuelve rosa pálido.
16:19.5,ai,茅野の質問への反応も少し遅れた,His reaction to Chino's question was also a bit delayed.,Su reacción a la pregunta de Chino también fue algo tardía.
16:22.8,ai,たぶん　先生も一番　油断する時間なんだ,That’s probably when Sensei is most off guard.,Probablemente ese es el momento en que el profesor más se confía.
16:29.4,ai,この進学校で　落ちこぼれた僕らは思う,We dropouts at this elite school think—,"Nosotros, los rezagados de esta escuela de élite, pensamos"
16:33.4,ai,どこかで見返さなきゃ,we need to get our revenge somewhere.,que debemos demostrar algo en algún lugar.
16:35.4,ai,やればできると　親や　友達や　先生たちを,"To make our parents, friends, and teachers say ""You can do it.""","Para que padres, amigos y profesores crean que podemos lograrlo."
16:41.2,ai,やればできると…,"""You can do it…""","""Si te esfuerzas, puedes..."""
16:46.9,ai,言ったでしょう もっと　工夫を…,You said it — be more creative…,Te dijeron: sé más ingenioso…
16:50.1,ai,認めさせなきゃ…,We must make them recognize us…,Debemos hacer que nos reconozcan.
16:52.9,ai,どんな手を使っても…,By any means…,Por cualquier medio…
17:02.6,ai,しゃーっ,Ha—!,¡Sí!
17:03.8,ai,やったぜー,Nailed it!,¡Lo hice!
17:04.9,ai,100億円いただき,Got the 10 billion yen.,Conseguí los 10 mil millones.
17:05.0,ai,渚,Nagisa.,Nagisa.
17:07.3,ai,ざまあみろ,Serves him right.,Toma eso.
17:08.4,ai,寺坂　何やったんだ,"Terasaka, what did you do?","Terasaka, ¿qué hiciste?"
17:10.9,ai,こいつも自爆テロは予想してなかったろ,He probably didn't expect a suicide bombing either.,Él tampoco esperaba un suicidio explosivo.
17:13.3,ai,ちょっと　渚に　何　持たせたのよ,What did you make Nagisa carry?,¿Qué le diste a Nagisa para que lo llevara?
17:16.8,ai,おもちゃの手榴弾だよ,A toy grenade.,Era una granada de juguete.
17:19.2,ai,ただし　火薬を使って威力を上げてある,Although we increased its power with real powder.,Pero con pólvora para aumentar su efecto.
17:22.7,ai,300発の対先生弾がすげえ速さで飛び散るようにな,It made 300 anti-Sensei rounds scatter at crazy speed.,Hizo que 300 balas contra el profesor estallaran a enorme velocidad.
17:27.9,ai,人間が死ぬ威力じゃねえよ,It's not lethal to humans.,No tiene poder para matar a un humano.
17:30.4,ai,俺の100億で　治療費くらい…,"My 10 billion covers treatment costs, at least…","Con mis 10 mil millones cubriría gastos médicos, más o menos…"
17:35.6,ai,無傷　やけど一つ負ってねえのか,"No injuries, not a single burn?","Está ileso, ni una quemadura."
17:38.6,ai,それに　何だ　この膜,And what's with this membrane?,"Y además, ¿qué es esta membrana?"
17:40.9,ai,タコの死体に　つながっ…,It's connected to the octopus's corpse…,Conectada al cadáver del pulpo…
17:41.8,ai,実は　先生　月に１度ほど　脱皮をします,"Actually, Sensei sheds his skin about once a month.","En realidad, el profesor muda la piel aproximadamente una vez al mes."
17:45.9,ai,脱いだ皮を渚君にかぶせて守りました,I covered Nagisa with the shed skin to protect him.,Le puse la piel que mudó sobre Nagisa para protegerlo.
17:51.5,ai,月1で使える　先生の奥の手です,It's Sensei's secret technique usable once a month.,"Es el recurso secreto del profesor, usable una vez al mes."
17:58.2,ai,寺坂　吉田　村松,"Terasaka, Yoshida, Muramatsu.","Terasaka, Yoshida, Muramatsu."
18:03.8,ai,先生の顔は　顔色を見るまでもなく…,You could tell Sensei's mood without checking his complexion…,"El rostro del profesor, sin siquiera mirar su color…"
18:12.8,ai,真っ黒,pitch black.,está completamente negro.
18:14.6,ai,ど怒りだ,Furious.,Está furioso.
18:15.7,ai,首謀者は　君ら３人だろ,"You three are the ringleaders, right?","Ustedes tres son los instigadores, ¿no?"
18:19.6,ai,いっ　いや…,N-no…,N-no…
18:20.8,ai,渚が勝手に…,Nagisa acted on his own…,Nagisa actuó por su cuenta…
18:29.1,ai,いなく…,He's gone…,No está…
18:34.0,ai,俺らんちの表札,Our family nameplate—,El nombre de mi casa…
18:36.2,ai,政府との契約ですから　先生は　決して君たちに危害は加えない,"By contract with the government, Sensei will never harm you.",Hay un contrato con el gobierno: el profesor jamás dañará a los estudiantes.
18:41.7,ai,が　しかし…,But — however…,"Pero, sin embargo…"
18:44.5,ai,次　また　今のような方法で暗殺に来たら,"Next time you try an assassination the way you did just now,","Si vienen la próxima vez con un método como el anterior,"
18:49.2,ai,君たち以外には何をするか分かりませんよ,I don't know what he'll do to anyone else.,no sé qué hará con otros que no sean ustedes.
18:53.2,ai,家族や友人…　いいや,"Family or friends… no,","Sus familias y amigos… mejor dicho,"
18:56.3,ai,君たち以外を地球ごと消しますかね,maybe he'll erase everything but you from the Earth.,quizá borraría del planeta a quienes no sean ustedes.
19:01.6,ai,5秒間で　皆　悟った,In five seconds everyone understood.,"En cinco segundos, todos entendieron."
19:04.6,ai,地球の裏でも　逃げられないと,You can't escape even to the other side of the planet.,Que no habrá escape ni al otro lado del planeta.
19:08.0,ai,どうしても逃げたければ,"If you really wanted to run,","Si realmente quieren huir,"
19:12.3,ai,この先生を殺すしか…,you'd have to kill this teacher…,solo les queda matar a este profesor.
19:16.7,ai,何なんだよ　てめえ　迷惑なんだよ,"What the hell, you're a nuisance.",¿Qué te pasa? Eres un problema.
19:20.1,ai,いきなり来て　地球　爆破とか　暗殺しろとか,"Suddenly showing up and saying ""blow up the Earth"" or ""assassinate"" —",Llegas de repente y hablas de explotar la Tierra y de asesinatos.
19:23.5,ai,迷惑なやつに　迷惑な殺し方して　何が悪いんだよ,Doing annoying things to an annoying guy — what's wrong with that?,¿Qué tiene de malo darles a los molestos una muerte molesta?
19:28.0,ai,迷惑　とんでもない,Nuisance? That's outrageous.,"Molesto, no, de ninguna manera."
19:30.2,ai,君たちのアイデア自体は　すごくよかった,Your idea itself was actually quite good.,Sus ideas en sí fueron bastante buenas.
19:33.2,ai,特に　渚君,"Especially you, Nagisa.","Especialmente tú, Nagisa."
19:34.9,ai,君の肉薄までの自然な体運びは100点です,Your natural movement to get close to him scored a hundred points.,Tu acercamiento corporal natural hasta el punto de impacto fue perfecto.
19:38.9,ai,先生は　見事に　隙を突かれました,Sensei was superbly caught off guard.,El profesor fue alcanzado por su descuido con gran maestría.
19:41.9,ai,ただし,However—,"Sin embargo,"
19:43.5,ai,寺坂君たちは　渚君を,Terasaka and the others,Terasaka y compañía
19:45.9,ai,渚君は　自分を大切にしなかった,Nagisa didn't value himself.,Nagisa no se cuidó a sí mismo.
19:49.4,ai,そんな生徒に暗殺する資格はありません,Such a student has no right to assassinate.,Un estudiante así no merece intentar un asesinato.
19:53.1,ai,人に笑顔で胸を張れる暗殺をしましょう,Perform an assassination you can do with a smile and pride.,Realicen un asesinato del que puedan estar orgullosos y sonreír.
19:56.3,ai,君たち　全員　それができる力を秘めた有能なアサシンだ,All of you are capable assassins with that potential.,"Ustedes, todos, son asesinos capaces con ese potencial."
20:01.7,ai,ターゲットである先生からのアドバイスです,"Advice from the target, your teacher.","Es un consejo del objetivo, el profesor."
20:06.3,ai,マッハ20で怒られてうねる触手で褒められた,"Scolded at Mach 20, praised by writhing tentacles.",Fui reprendidos por alguien a Mach 20 y elogiados por sus retorcidos tentáculos.
20:11.5,ai,この異常な教育が　僕は　普通に　うれしかった,I was oddly genuinely happy for this abnormal education.,"Extrañamente, me gustó esta educación tan fuera de lo común."
20:16.3,ai,この異常な先生は僕らのことを　正面から見てくれたから,Because this abnormal teacher looked at us directly.,Porque este profesor anómalo nos miró de frente.
20:30.8,ai,あなたの…,Your…,Tu…
20:33.3,ai,あなたの時間をくれるなら,If you would give your time—,"Si me das tu tiempo,"
20:36.3,ai,あの子たちを教えてあげて,teach those kids.,enséñales a esos chicos.
20:40.8,ai,なんて　すてきな触手…,What wonderful tentacles…,Qué tentáculo tan maravilloso…
20:43.7,ai,この手なら　きっと　あなたはすてきな教師に…,"With these hands, surely you would be a wonderful teacher…","Con esta mano, seguro serías un gran profesor…"
20:51.0,ai,さて　問題です　渚君,"Now, question, Nagisa.","Ahora, pregunta: Nagisa."
20:53.8,ai,先生は　殺される気などみじんもない,Sensei has not the slightest intention of being killed.,El profesor no tiene intención alguna de dejarse matar.
20:57.0,ai,皆さんと　来年　3月までエンジョイしてから,"He intends to enjoy time with you until March next year,","Disfrutará con ustedes hasta marzo del próximo año,"
20:59.5,ai,地球を爆破です,then blow up the Earth.,y después destruirá la Tierra.
21:02.1,ai,それが嫌なら君たちは　どうしますか,"If you don't like that, what will you do?","Si no les gusta eso, ¿qué harán?"
21:06.6,ai,暗殺なんて　したことないし,We've never done assassination before.,Nunca hemos asesinado antes.
21:09.3,ai,僕らには　他に　すべきことがたくさんある,We have plenty of other things to do.,Tenemos muchas otras cosas que hacer.
21:14.2,ai,けど　思った,But I thought—,Pero pensé:
21:16.7,ai,この先生なら　殺意さえも受け止めてくれるって,this teacher would accept even murderous intent.,que este profesor incluso aceptaría la intención de matarlo.
21:21.2,ai,地球を爆破されるその前に　先生を殺します,"Before the Earth is destroyed, we'll kill Sensei.","Antes de que destruya la Tierra, mataremos al profesor."
21:27.4,ai,ならば　今　やってみなさい,Then try it now.,Entonces háganlo ahora.
21:29.4,ai,殺せた者から　今日は帰ってよし,Whoever succeeds in killing him may go home today.,Los que lo consigan pueden irse a casa hoy.
21:32.7,ai,んな簡単に…,It's not that easy…,No es tan fácil…
21:33.8,ai,殺せるわけねえだろ,There's no way we can kill him.,No hay forma de matarlo.
21:35.9,ai,僕らは　殺し屋,We're assassins.,Somos asesinos.
21:37.9,ai,ターゲットは　先生,The target is Sensei.,El objetivo es el profesor.
21:40.9,ai,ふきふき　ふきふき,"Wipe wipe, wipe wipe.","(Onomatopeya: frotar, frotar)"
21:42.6,ai,今　撃っても…,Even if you shoot now…,Aunque disparen ahora…
21:43.7,ai,表札と一緒に手入れされる…,you'll be groomed along with the nameplate…,serán arreglados junto con la placa de nombre…
21:46.0,ai,帰れねえ…,Can't go home…,No podemos volver a casa…
21:48.1,ai,殺せない先生か…,A teacher you can't kill…,¿Un profesor al que no se le puede matar…?
21:50.8,ai,殺せない…　ころ…,Can't kill… die…,Imposible de matar…
21:54.2,ai,殺せんせーは,Koro-sensei is—,¡Koro-sensei es…!
21:56.3,ai,殺せんせー,Koro-sensei.,¡Koro-sensei!
21:59.8,ai,殺せんせーと　僕らの暗殺教室,Koro-sensei and our Assassination Classroom.,Y así es nuestra clase de asesinato.
22:05.0,ai,始業のベルは　明日も鳴る,The starting bell will ring again tomorrow.,La campana sonará mañana también.
