time_stamp,time_stamp,sbert_jap_en__ai,sbert_jap_en__fansub,sbert_jap_en__official,sbert_jap_sp__ai,sbert_jap_sp__fansub,sbert_jap_sp__official,comet_jap_en__ai,comet_jap_en__fansub,comet_jap_en__official,comet_jap_sp__ai,comet_jap_sp__fansub,comet_jap_sp__official,sub_jap__ai,sub_jap__fansub,sub_jap__official,sub_jap__ai,sub_jap__fansub,sub_jap__official,sub_jap__ai,sub_jap__fansub,sub_jap__official,sub_jap__ai,sub_jap__fansub,sub_jap__official
0,00:48.8,0.8913604021072388,0.7738968729972839,0.7421566843986511,0.907798171043396,0.8782626390457153,0.7755374908447266,0.0664395242929458,-0.078838050365448,-0.0696607828140258,-0.1396816968917846,0.1886918693780899,-0.031928714364767,それでは,それでは,それでは,それでは,それでは,それでは,それでは,それでは,それでは,それでは,それでは,それでは
1,00:50.5,0.9257075190544128,0.9257075190544128,0.5539675951004028,0.5300703048706055,0.5917078256607056,0.4866988956928253,0.0626327991485595,0.0626327991485595,-0.0233065448701381,-0.086269274353981,0.0994733124971389,0.0686573982238769,ホームルームを始めます,ホームルームを始めます,ホームルームを始めます,ホームルームを始めます,ホームルームを始めます,ホームルームを始めます,ホームルームを始めます,ホームルームを始めます,ホームルームを始めます,ホームルームを始めます,ホームルームを始めます,ホームルームを始めます
2,00:52.7,0.2238071262836456,0.2207968533039093,0.4994016885757446,0.6099977493286133,0.618968665599823,0.5307581424713135,-0.5759016275405884,-0.7441355586051941,-0.7604429721832275,-0.2583689093589782,-0.8497681021690369,-0.864732563495636,日直の人は号令を,日直の人は号令を,日直の人は号令を,日直の人は号令を,日直の人は号令を,日直の人は号令を,日直の人は号令を,日直の人は号令を,日直の人は号令を,日直の人は号令を,日直の人は号令を,日直の人は号令を
3,00:54.9,0.5819592475891113,0.7081558704376221,0.8060203790664673,0.8845287561416626,0.5741325616836548,0.7792813777923584,-0.9239704012870787,-0.5448397397994995,-0.2533109486103058,0.1433054208755493,-1.0933880805969238,-0.9665896892547609,き…起立,き…起立,き…起立,き…起立,き…起立,き…起立,き…起立,き…起立,き…起立,き…起立,き…起立,き…起立
4,01:00.1,0.7549595832824707,0.6835134029388428,0.6835134029388428,0.8109493255615234,0.8109493255615234,0.901506781578064,0.1404774636030197,0.0601981841027736,0.0601981841027736,0.20204658806324,0.2020467072725296,0.2087952047586441,気を付け,気を付け,気を付け,気を付け,気を付け,気を付け,気を付け,気を付け,気を付け,気を付け,気を付け,気を付け
5,01:05.0,0.5262377858161926,0.5555449724197388,0.5555450320243835,0.877743124961853,0.8780123591423035,0.7690893411636353,-0.3859200179576874,-0.4966436922550201,-0.4966436922550201,-0.3938423097133636,-0.3832584917545318,-0.2855705320835113,礼,礼,礼,礼,礼,礼,礼,礼,礼,礼,礼,礼
6,01:09.7,0.9813265800476074,0.9813265800476074,0.981326460838318,0.4819416105747223,0.4819416105747223,0.905894696712494,0.2976537644863128,0.2976537644863128,0.2976537644863128,0.2692902982234955,0.2692902982234955,0.3769934773445129,おはようございます,おはようございます,おはようございます,おはようございます,おはようございます,おはようございます,おはようございます,おはようございます,おはようございます,おはようございます,おはようございます,おはようございます
7,01:11.6,0.5265847444534302,0.47319296002388,0.494623601436615,0.6507267355918884,0.5178149342536926,0.714388370513916,-0.5488451719284058,-0.5376898050308228,-0.5574007630348206,-0.5302972197532654,-0.6675190925598145,-0.7608820796012878,発砲したままで結構ですので　出欠をとります,発砲したままで結構ですので　出欠をとります,発砲したままで結構ですので　出欠をとります,発砲したままで結構ですので　出欠をとります,発砲したままで結構ですので　出欠をとります,発砲したままで結構ですので　出欠をとります,発砲したままで結構ですので　出欠をとります,発砲したままで結構ですので　出欠をとります,発砲したままで結構ですので　出欠をとります,発砲したままで結構ですので　出欠をとります,発砲したままで結構ですので　出欠をとります,発砲したままで結構ですので　出欠をとります
8,01:15.2,0.7433658838272095,0.3851848244667053,0.4886087477207184,0.5099204182624817,0.6566786766052246,0.411402553319931,-0.4496602714061737,-0.4739008247852325,-0.5482216477394104,-0.179245039820671,-0.3863074779510498,-0.3613274991512298,磯貝君,磯貝君,磯貝君,磯貝君,磯貝君,磯貝君,磯貝君,磯貝君,磯貝君,磯貝君,磯貝君,磯貝君
9,01:16.7,0.920177400112152,0.5556487441062927,0.6556112766265869,0.9837301969528198,0.7900916337966919,0.6868909597396851,0.5176655054092407,-0.3070428967475891,-0.4169120192527771,0.5430670976638794,-0.3760998547077179,-0.2599498331546783,はい,はい,はい,はい,はい,はい,はい,はい,はい,はい,はい,はい
10,01:18.0,0.8281478881835938,0.7630771398544312,0.7740845680236816,0.8503115773200989,0.8326612114906311,0.7177878022193909,0.431281179189682,0.0644750744104385,-0.0952000319957733,-0.2311504781246185,0.1938365399837494,0.0504448153078556,すみませんが　銃声の中なので　大きな声で,すみませんが　銃声の中なので　大きな声で,すみませんが　銃声の中なので　大きな声で,すみませんが　銃声の中なので　大きな声で,すみませんが　銃声の中なので　大きな声で,すみませんが　銃声の中なので　大きな声で,すみませんが　銃声の中なので　大きな声で,すみませんが　銃声の中なので　大きな声で,すみませんが　銃声の中なので　大きな声で,すみませんが　銃声の中なので　大きな声で,すみませんが　銃声の中なので　大きな声で,すみませんが　銃声の中なので　大きな声で
11,01:21.4,0.920177400112152,0.4531035125255584,0.6556112766265869,0.9837301969528198,0.7900916337966919,0.6868909597396851,0.5176655054092407,-0.4882237017154693,-0.4169120192527771,0.5430670976638794,-0.3760998547077179,-0.2599498331546783,はい,はい,はい,はい,はい,はい,はい,はい,はい,はい,はい,はい
12,01:22.3,0.7239060401916504,0.6251728534698486,0.620229184627533,0.7222786545753479,0.5866427421569824,0.6365818977355957,-0.1334727257490158,-0.3386047780513763,-0.3544633686542511,0.020988505333662,-0.3859671056270599,-0.2854920625686645,岡島君,岡島君,岡島君,岡島君,岡島君,岡島君,岡島君,岡島君,岡島君,岡島君,岡島君,岡島君
13,01:23.6,0.920177400112152,0.4531035125255584,0.6556112766265869,0.9837301969528198,0.7900916337966919,0.6868909597396851,0.5176655650138855,-0.4882238209247589,-0.4169122278690338,0.5430671572685242,-0.376099944114685,-0.2599502503871918,はい,はい,はい,はい,はい,はい,はい,はい,はい,はい,はい,はい
14,01:24.3,0.546360969543457,0.4629349410533905,0.5393139123916626,0.5688773393630981,0.6745045781135559,0.5952267050743103,-0.1733647584915161,-0.540440559387207,-0.2604912519454956,0.0976329892873764,-0.1932280957698822,-0.3950054943561554,奥田さん,奥田さん,奥田さん,奥田さん,奥田さん,奥田さん,奥田さん,奥田さん,奥田さん,奥田さん,奥田さん,奥田さん
15,01:25.5,0.920177400112152,0.4531035125255584,0.6556112766265869,0.9837301969528198,0.7900916337966919,0.6868909597396851,0.5176655650138855,-0.4882237017154693,-0.4169120192527771,0.5430671572685242,-0.3760998547077179,-0.2599501311779022,はい,はい,はい,はい,はい,はい,はい,はい,はい,はい,はい,はい
16,01:26.3,0.7144824266433716,0.5574039816856384,0.6136754751205444,0.6406020522117615,0.6223973035812378,0.6618625521659851,-0.3116441965103149,-0.4470634758472442,-0.5127750039100647,0.0637154579162597,-0.4550293087959289,-0.4854010045528412,片岡さん,片岡さん,片岡さん,片岡さん,片岡さん,片岡さん,片岡さん,片岡さん,片岡さん,片岡さん,片岡さん,片岡さん
17,01:27.4,0.920177400112152,0.4531035125255584,0.6556112766265869,0.9837301969528198,0.7900916337966919,0.7537775039672852,0.5176655054092407,-0.4882237613201141,-0.4169120192527771,0.5430670976638794,-0.3760998547077179,0.0850058495998382,はい,はい,はい,はい,はい,はい,はい,はい,はい,はい,はい,はい
18,01:28.0,0.6263061165809631,0.3703028559684753,0.4788899719715118,0.4530165195465088,0.671635091304779,0.4852474927902221,-0.6424282193183899,-0.5141821503639221,-0.4913346469402313,-0.0292283408343791,-0.5777102112770081,-0.3895032107830047,茅野さん,茅野さん,茅野さん,茅野さん,茅野さん,茅野さん,茅野さん,茅野さん,茅野さん,茅野さん,茅野さん,茅野さん
19,01:28.9,0.920177400112152,0.4531035125255584,0.6556112766265869,0.9837301969528198,0.7900916337966919,0.6868909597396851,0.5176655650138855,-0.4882236421108246,-0.4169120192527771,0.5430671572685242,-0.3760998547077179,-0.2599498033523559,はい,はい,はい,はい,はい,はい,はい,はい,はい,はい,はい,はい
20,01:29.5,0.7208826541900635,0.6534175276756287,0.7223232388496399,0.6973143815994263,0.7648826837539673,0.6962364912033081,-0.1147214472293853,-0.2109272480010986,0.0409285686910152,0.2498556673526764,-0.0342038758099079,-0.0059125088155269,神崎さん,神崎さん,神崎さん,神崎さん,神崎さん,神崎さん,神崎さん,神崎さん,神崎さん,神崎さん,神崎さん,神崎さん
21,01:30.5,0.920177400112152,0.4531035125255584,0.6556112766265869,0.9837301969528198,0.7900916337966919,0.6868909597396851,0.5176655054092407,-0.4882237613201141,-0.4169120192527771,0.5430670976638794,-0.3760998547077179,-0.2599501013755798,はい,はい,はい,はい,はい,はい,はい,はい,はい,はい,はい,はい
22,01:33.3,0.4969077110290527,0.5753032565116882,0.5753032565116882,0.8499559164047241,0.6827134490013123,0.6845827102661133,-0.0982298552989959,-0.22407066822052,-0.22407066822052,0.1394964903593063,-0.4065267145633697,-0.5679629445075989,はい　遅刻なしっと,はい　遅刻なしっと,はい　遅刻なしっと,はい　遅刻なしっと,はい　遅刻なしっと,はい　遅刻なしっと,はい　遅刻なしっと,はい　遅刻なしっと,はい　遅刻なしっと,はい　遅刻なしっと,はい　遅刻なしっと,はい　遅刻なしっと
23,01:36.0,0.9278618097305298,0.5194498896598816,0.5378115773200989,0.8909522891044617,0.6081029176712036,0.4695039987564087,0.4560740888118744,0.1673373132944107,0.3241651356220245,0.6104047894477844,0.2977523505687713,0.2221211194992065,素晴らしい　先生　とてもうれしいです,素晴らしい　先生　とてもうれしいです,素晴らしい　先生　とてもうれしいです,素晴らしい　先生　とてもうれしいです,素晴らしい　先生　とてもうれしいです,素晴らしい　先生　とてもうれしいです,素晴らしい　先生　とてもうれしいです,素晴らしい　先生　とてもうれしいです,素晴らしい　先生　とてもうれしいです,素晴らしい　先生　とてもうれしいです,素晴らしい　先生　とてもうれしいです,素晴らしい　先生　とてもうれしいです
24,01:39.4,0.979304850101471,0.7664476633071899,0.8070348501205444,0.9787968993186952,0.7455983757972717,0.7455983757972717,0.3800305128097534,-0.1745363622903823,-0.3598156273365021,0.3663654029369354,0.0540844611823558,0.0540842376649379,速過ぎ,速過ぎ,速過ぎ,速過ぎ,速過ぎ,速過ぎ,速過ぎ,速過ぎ,速過ぎ,速過ぎ,速過ぎ,速過ぎ
25,01:40.9,0.5706267356872559,0.5760270357131958,0.6564720869064331,0.7234900593757629,0.7390530109405518,0.6610456705093384,-0.3565104603767395,-0.6059494614601135,-0.5082933306694031,-0.482061892747879,-0.623866856098175,-1.1023181676864624,クラス一斉射撃で駄目なのかよ,クラス一斉射撃で駄目なのかよ,クラス一斉射撃で駄目なのかよ,クラス一斉射撃で駄目なのかよ,クラス一斉射撃で駄目なのかよ,クラス一斉射撃で駄目なのかよ,クラス一斉射撃で駄目なのかよ,クラス一斉射撃で駄目なのかよ,クラス一斉射撃で駄目なのかよ,クラス一斉射撃で駄目なのかよ,クラス一斉射撃で駄目なのかよ,クラス一斉射撃で駄目なのかよ
26,01:43.5,0.9350438117980956,0.9014973640441896,0.892834484577179,0.9264596700668336,0.918181836605072,0.938965916633606,-0.761064350605011,-0.3942138254642486,-0.0087739862501621,-0.4073091447353363,-0.021054733544588,-0.3165109753608703,僕らは,僕らは,僕らは,僕らは,僕らは,僕らは,僕らは,僕らは,僕らは,僕らは,僕らは,僕らは
27,01:45.0,0.8486102819442749,0.8248209953308105,0.8248211145401001,0.9608263969421388,0.7281240224838257,0.9608263969421388,-0.3661284446716308,-0.4864343106746673,-0.486434131860733,-0.4512547850608825,-0.1235300600528717,-0.4512547254562378,殺し屋,殺し屋,殺し屋,殺し屋,殺し屋,殺し屋,殺し屋,殺し屋,殺し屋,殺し屋,殺し屋,殺し屋
28,01:46.5,0.9491439461708068,0.9134405255317688,0.925603210926056,0.9035634994506836,0.5792776942253113,0.7710858583450317,-0.0723216086626052,0.2201448678970337,0.101112812757492,-0.0510138384997844,-0.0048374198377132,-0.1461188793182373,僕らのターゲットは,僕らのターゲットは,僕らのターゲットは,僕らのターゲットは,僕らのターゲットは,僕らのターゲットは,僕らのターゲットは,僕らのターゲットは,僕らのターゲットは,僕らのターゲットは,僕らのターゲットは,僕らのターゲットは
29,01:49.1,0.4106075167655945,0.4576826095581054,0.4576826095581054,0.5982636213302612,0.5073880553245544,0.6144220232963562,-0.4877897799015045,-0.5345638394355774,-0.5345638990402222,-0.3680944144725799,-0.2965958416461944,-0.2808130383491516,先生,先生,先生,先生,先生,先生,先生,先生,先生,先生,先生,先生
30,01:50.1,0.7093304991722107,0.7737926244735718,0.7737927436828613,0.8609867095947266,0.8849708437919617,0.7345952987670898,0.2417686879634857,0.1570854187011718,0.1570854187011718,0.3876436650753021,0.2641999125480652,0.1037454307079315,残念ですねぇ,残念ですねぇ,残念ですねぇ,残念ですねぇ,残念ですねぇ,残念ですねぇ,残念ですねぇ,残念ですねぇ,残念ですねぇ,残念ですねぇ,残念ですねぇ,残念ですねぇ
31,01:51.6,0.7162579298019409,0.5954907536506653,0.618073582649231,0.5884972214698792,0.6905241012573242,0.571176290512085,-0.1921371817588806,-0.1975117176771164,-0.3104436099529266,-0.3977610468864441,-0.3418667614459991,-0.2845042049884796,今日も命中弾ゼロです,今日も命中弾ゼロです,今日も命中弾ゼロです,今日も命中弾ゼロです,今日も命中弾ゼロです,今日も命中弾ゼロです,今日も命中弾ゼロです,今日も命中弾ゼロです,今日も命中弾ゼロです,今日も命中弾ゼロです,今日も命中弾ゼロです,今日も命中弾ゼロです
32,01:54.0,0.8545708656311035,0.7798707485198975,0.0232123918831348,0.7164431810379028,0.5353091359138489,0.5059880018234253,0.3505113422870636,0.4254085123538971,-0.8889937996864319,-0.0065440647304058,0.0371400378644466,-0.1577531695365905,数に頼る戦術は　個々の思考を疎かにする,数に頼る戦術は　個々の思考を疎かにする,数に頼る戦術は　個々の思考を疎かにする,数に頼る戦術は　個々の思考を疎かにする,数に頼る戦術は　個々の思考を疎かにする,数に頼る戦術は　個々の思考を疎かにする,数に頼る戦術は　個々の思考を疎かにする,数に頼る戦術は　個々の思考を疎かにする,数に頼る戦術は　個々の思考を疎かにする,数に頼る戦術は　個々の思考を疎かにする,数に頼る戦術は　個々の思考を疎かにする,数に頼る戦術は　個々の思考を疎かにする
33,01:57.6,0.7618880271911621,0.7455331683158875,0.7833612561225891,0.8219775557518005,0.7949157953262329,0.800497829914093,-0.0742096900939941,0.0400366820394992,0.2265588939189911,0.3035363852977752,0.2187218219041824,-0.0612350292503833,目線　銃口の向き　指の動き,目線　銃口の向き　指の動き,目線　銃口の向き　指の動き,目線　銃口の向き　指の動き,目線　銃口の向き　指の動き,目線　銃口の向き　指の動き,目線　銃口の向き　指の動き,目線　銃口の向き　指の動き,目線　銃口の向き　指の動き,目線　銃口の向き　指の動き,目線　銃口の向き　指の動き,目線　銃口の向き　指の動き
34,02:01.4,0.8413947820663452,0.4754266440868377,0.7933824062347412,0.9382146596908568,0.9075534343719482,0.1331314593553543,0.0500076822936534,-0.5914986729621887,0.2367111444473266,0.2262701094150543,0.2148803174495697,-0.0140176676213741,一人一人が単純過ぎます,一人一人が単純過ぎます,一人一人が単純過ぎます,一人一人が単純過ぎます,一人一人が単純過ぎます,一人一人が単純過ぎます,一人一人が単純過ぎます,一人一人が単純過ぎます,一人一人が単純過ぎます,一人一人が単純過ぎます,一人一人が単純過ぎます,一人一人が単純過ぎます
35,02:04.0,0.6785619854927063,0.5846897959709167,0.6199494004249573,0.8150233626365662,0.445339173078537,0.7701066136360168,0.1396339833736419,0.4258663654327392,0.3030485808849334,0.3130472898483276,0.3720810115337372,0.4627704918384552,もっと工夫しましょう,もっと工夫しましょう,もっと工夫しましょう,もっと工夫しましょう,もっと工夫しましょう,もっと工夫しましょう,もっと工夫しましょう,もっと工夫しましょう,もっと工夫しましょう,もっと工夫しましょう,もっと工夫しましょう,もっと工夫しましょう
36,02:05.9,0.6137433648109436,0.670146644115448,0.681979775428772,0.7215356826782227,0.6375506520271301,0.292354941368103,-0.7010083794593811,-0.6682875752449036,-0.6727368235588074,-0.7639767527580261,-0.665942370891571,-0.7329540848731995,でないと,でないと,でないと,でないと,でないと,でないと,でないと,でないと,でないと,でないと,でないと,でないと
37,02:07.4,0.7871810793876648,0.5665512084960938,0.5734232664108276,0.8060582280158997,0.5264869928359985,0.5036572813987732,-0.3853635191917419,-0.3108455836772918,-0.2498743832111358,-0.5265273451805115,-0.186839297413826,-0.4487932324409485,最高速度マッハ20の先生は　殺せませんよ,最高速度マッハ20の先生は　殺せませんよ,最高速度マッハ20の先生は　殺せませんよ,最高速度マッハ20の先生は　殺せませんよ,最高速度マッハ20の先生は　殺せませんよ,最高速度マッハ20の先生は　殺せませんよ,最高速度マッハ20の先生は　殺せませんよ,最高速度マッハ20の先生は　殺せませんよ,最高速度マッハ20の先生は　殺せませんよ,最高速度マッハ20の先生は　殺せませんよ,最高速度マッハ20の先生は　殺せませんよ,最高速度マッハ20の先生は　殺せませんよ
38,02:12.2,0.542327344417572,0.583289623260498,0.583289623260498,0.7166159152984619,0.6439345479011536,0.6238653659820557,0.1022811532020568,-0.0526763163506984,-0.0526763163506984,0.0087429992854595,-0.0704874247312545,-0.1943669021129608,いや　ていうかさ,いや　ていうかさ,いや　ていうかさ,いや　ていうかさ,いや　ていうかさ,いや　ていうかさ,いや　ていうかさ,いや　ていうかさ,いや　ていうかさ,いや　ていうかさ,いや　ていうかさ,いや　ていうかさ
39,02:14.4,0.5413032174110413,0.4487977921962738,0.453705221414566,0.7221280932426453,0.486969530582428,0.3143798410892486,-0.2084139287471771,-0.5068046450614929,-0.5641922354698181,-0.1899121850728988,-0.2364802658557891,-0.3947483599185943,本当に全部よけてんのかよ　先生,本当に全部よけてんのかよ　先生,本当に全部よけてんのかよ　先生,本当に全部よけてんのかよ　先生,本当に全部よけてんのかよ　先生,本当に全部よけてんのかよ　先生,本当に全部よけてんのかよ　先生,本当に全部よけてんのかよ　先生,本当に全部よけてんのかよ　先生,本当に全部よけてんのかよ　先生,本当に全部よけてんのかよ　先生,本当に全部よけてんのかよ　先生
40,02:16.6,0.5878685712814331,0.6412028074264526,0.6185067296028137,0.6198574304580688,0.5473597645759583,0.1580189019441604,-0.2358330190181732,-0.1667415201663971,-0.439492791891098,-0.5288205742835999,-0.7336750626564026,-1.0801762342453003,どう見ても これ　ただのBB弾だろ,どう見ても これ　ただのBB弾だろ,どう見ても これ　ただのBB弾だろ,どう見ても これ　ただのBB弾だろ,どう見ても これ　ただのBB弾だろ,どう見ても これ　ただのBB弾だろ,どう見ても これ　ただのBB弾だろ,どう見ても これ　ただのBB弾だろ,どう見ても これ　ただのBB弾だろ,どう見ても これ　ただのBB弾だろ,どう見ても これ　ただのBB弾だろ,どう見ても これ　ただのBB弾だろ
41,02:19.8,0.5752067565917969,0.4061238169670105,0.499333381652832,0.7318788766860962,0.6032871007919312,0.400485634803772,-0.4423542320728302,-0.7443280816078186,-0.4623957574367523,-0.6716612577438354,-0.1367456316947937,-0.7195057272911072,当たってるのに　我慢してるだけじゃないの,当たってるのに　我慢してるだけじゃないの,当たってるのに　我慢してるだけじゃないの,当たってるのに　我慢してるだけじゃないの,当たってるのに　我慢してるだけじゃないの,当たってるのに　我慢してるだけじゃないの,当たってるのに　我慢してるだけじゃないの,当たってるのに　我慢してるだけじゃないの,当たってるのに　我慢してるだけじゃないの,当たってるのに　我慢してるだけじゃないの,当たってるのに　我慢してるだけじゃないの,当たってるのに　我慢してるだけじゃないの
42,02:22.6,0.8128564357757568,0.7793502807617188,0.7793502807617188,0.8554993271827698,0.8316813111305237,0.4672960638999939,0.228385716676712,0.4528091251850128,0.4528091251850128,0.1909395456314087,0.5455004572868347,-0.4353721141815185,そうよ　そうだよ,そうよ　そうだよ,そうよ　そうだよ,そうよ　そうだよ,そうよ　そうだよ,そうよ　そうだよ,そうよ　そうだよ,そうよ　そうだよ,そうよ　そうだよ,そうよ　そうだよ,そうよ　そうだよ,そうよ　そうだよ
43,02:26.2,0.4992350935935974,0.501598060131073,0.4294124841690063,0.8663303852081299,0.6161385178565979,0.8763473033905029,-0.1933697611093521,-0.2438342571258545,-0.4343936145305633,-0.5016737580299377,-0.920765459537506,-0.7821164727210999,では　弾を込めて渡しなさい,では　弾を込めて渡しなさい,では　弾を込めて渡しなさい,では　弾を込めて渡しなさい,では　弾を込めて渡しなさい,では　弾を込めて渡しなさい,では　弾を込めて渡しなさい,では　弾を込めて渡しなさい,では　弾を込めて渡しなさい,では　弾を込めて渡しなさい,では　弾を込めて渡しなさい,では　弾を込めて渡しなさい
44,02:29.4,0.6926053762435913,0.4730413556098938,0.4730413556098938,0.5611605644226074,0.5107729434967041,0.5319461822509766,-0.3466261923313141,-0.4576140940189361,-0.4576140940189361,-0.5859013199806213,-0.2799865305423736,-0.2641485929489136,言ったでしょう,言ったでしょう,言ったでしょう,言ったでしょう,言ったでしょう,言ったでしょう,言ったでしょう,言ったでしょう,言ったでしょう,言ったでしょう,言ったでしょう,言ったでしょう
45,02:31.0,0.6800769567489624,0.2800828516483307,0.2800828218460083,0.887315034866333,0.2800828516483307,0.2800828516483307,-0.2426038086414337,-0.5748589634895325,-0.5748589634895325,0.4500152468681335,-0.5748589634895325,-0.5748589634895325,この弾は君たちにとっては無害ですが,この弾は君たちにとっては無害ですが,この弾は君たちにとっては無害ですが,この弾は君たちにとっては無害ですが,この弾は君たちにとっては無害ですが,この弾は君たちにとっては無害ですが,この弾は君たちにとっては無害ですが,この弾は君たちにとっては無害ですが,この弾は君たちにとっては無害ですが,この弾は君たちにとっては無害ですが,この弾は君たちにとっては無害ですが,この弾は君たちにとっては無害ですが
46,02:36.6,0.3326563537120819,0.5704805254936218,0.4512243270874023,0.8267579078674316,0.4287835657596588,0.3695504665374756,-0.2235606014728546,-0.4590184390544891,-0.5837485194206238,-0.2470060288906097,-0.6795658469200134,-0.4534543752670288,国が開発した対先生用特殊弾です,国が開発した対先生用特殊弾です,国が開発した対先生用特殊弾です,国が開発した対先生用特殊弾です,国が開発した対先生用特殊弾です,国が開発した対先生用特殊弾です,国が開発した対先生用特殊弾です,国が開発した対先生用特殊弾です,国が開発した対先生用特殊弾です,国が開発した対先生用特殊弾です,国が開発した対先生用特殊弾です,国が開発した対先生用特殊弾です
47,02:40.4,0.5692521929740906,0.5051100254058838,0.5421149134635925,0.8521952629089355,0.5225907564163208,0.573082447052002,-0.4547885358333587,-0.2527965605258941,-0.3482342660427093,-0.616243302822113,-0.3654992878437042,-0.205034852027893,当たれば　先生の細胞を豆腐のように破壊できる,当たれば　先生の細胞を豆腐のように破壊できる,当たれば　先生の細胞を豆腐のように破壊できる,当たれば　先生の細胞を豆腐のように破壊できる,当たれば　先生の細胞を豆腐のように破壊できる,当たれば　先生の細胞を豆腐のように破壊できる,当たれば　先生の細胞を豆腐のように破壊できる,当たれば　先生の細胞を豆腐のように破壊できる,当たれば　先生の細胞を豆腐のように破壊できる,当たれば　先生の細胞を豆腐のように破壊できる,当たれば　先生の細胞を豆腐のように破壊できる,当たれば　先生の細胞を豆腐のように破壊できる
48,02:45.0,0.6388728618621826,0.7105367183685303,0.6787323951721191,0.8024834394454956,0.7528970241546631,0.7031869292259216,0.1911672204732895,0.1862425506114959,0.3288412392139435,0.2524938881397247,0.3240576088428497,0.0842930227518081,もちろん数秒あれば再生しますが,もちろん数秒あれば再生しますが,もちろん数秒あれば再生しますが,もちろん数秒あれば再生しますが,もちろん数秒あれば再生しますが,もちろん数秒あれば再生しますが,もちろん数秒あれば再生しますが,もちろん数秒あれば再生しますが,もちろん数秒あれば再生しますが,もちろん数秒あれば再生しますが,もちろん数秒あれば再生しますが,もちろん数秒あれば再生しますが
49,02:48.5,0.7281826138496399,0.5754545331001282,0.6942997574806213,0.808256208896637,0.7949078679084778,0.6735068559646606,-0.4931606948375702,-0.5391497015953064,-0.6184576749801636,-0.5149917602539062,-0.5775023102760315,-0.8314053416252136,だが　君たちも目に入ると危ない,だが　君たちも目に入ると危ない,だが　君たちも目に入ると危ない,だが　君たちも目に入ると危ない,だが　君たちも目に入ると危ない,だが　君たちも目に入ると危ない,だが　君たちも目に入ると危ない,だが　君たちも目に入ると危ない,だが　君たちも目に入ると危ない,だが　君たちも目に入ると危ない,だが　君たちも目に入ると危ない,だが　君たちも目に入ると危ない
50,02:52.2,0.5557792782783508,0.7908629775047302,0.7908629775047302,0.9056845903396606,0.6637623310089111,0.7895164489746094,0.2948396503925323,-0.052506435662508,-0.052506435662508,-0.0269238464534282,0.0832430273294448,0.1022809892892837,先生を殺す以外の目的で室内での発砲はしないように,先生を殺す以外の目的で室内での発砲はしないように,先生を殺す以外の目的で室内での発砲はしないように,先生を殺す以外の目的で室内での発砲はしないように,先生を殺す以外の目的で室内での発砲はしないように,先生を殺す以外の目的で室内での発砲はしないように,先生を殺す以外の目的で室内での発砲はしないように,先生を殺す以外の目的で室内での発砲はしないように,先生を殺す以外の目的で室内での発砲はしないように,先生を殺す以外の目的で室内での発砲はしないように,先生を殺す以外の目的で室内での発砲はしないように,先生を殺す以外の目的で室内での発砲はしないように
51,02:57.5,0.8059476613998413,0.8396729230880737,0.7972345948219299,0.7502337098121643,0.816411018371582,0.4680787622928619,-0.3941191434860229,-0.4400539100170135,-0.5798887610435486,-0.5204907655715942,-0.13436920940876,-0.0985666364431381,殺せるといいですね　卒業までに,殺せるといいですね　卒業までに,殺せるといいですね　卒業までに,殺せるといいですね　卒業までに,殺せるといいですね　卒業までに,殺せるといいですね　卒業までに,殺せるといいですね　卒業までに,殺せるといいですね　卒業までに,殺せるといいですね　卒業までに,殺せるといいですね　卒業までに,殺せるといいですね　卒業までに,殺せるといいですね　卒業までに
52,03:02.0,0.770488977432251,0.687290370464325,0.8209124803543091,0.8140116333961487,0.7754853963851929,0.6542533040046692,0.2678564488887787,0.1648966968059539,0.2896433174610138,-0.2717367708683014,-0.3379925191402435,-0.0324352569878101,さあ　銃と弾を片付けましょう,さあ　銃と弾を片付けましょう,さあ　銃と弾を片付けましょう,さあ　銃と弾を片付けましょう,さあ　銃と弾を片付けましょう,さあ　銃と弾を片付けましょう,さあ　銃と弾を片付けましょう,さあ　銃と弾を片付けましょう,さあ　銃と弾を片付けましょう,さあ　銃と弾を片付けましょう,さあ　銃と弾を片付けましょう,さあ　銃と弾を片付けましょう
53,03:04.8,0.8594250082969666,0.4495857357978821,0.4495856463909149,0.9300573468208312,0.4495857357978821,0.4495857357978821,0.4135238528251648,-0.2704256474971771,-0.2704256474971771,0.1504729092121124,-0.2704256474971771,-0.2704256474971771,授業を始めます,授業を始めます,授業を始めます,授業を始めます,授業を始めます,授業を始めます,授業を始めます,授業を始めます,授業を始めます,授業を始めます,授業を始めます,授業を始めます
54,03:08.1,0.8035157322883606,0.808519184589386,0.7895275950431824,0.7645570039749146,0.7485880255699158,0.7679963111877441,-0.0455785430967807,0.0034990794956684,0.2254776060581207,0.0226305462419986,-0.5285893678665161,-0.1410106122493744,椚ヶ丘中学校３-Eは　暗殺教室,椚ヶ丘中学校３-Eは　暗殺教室,椚ヶ丘中学校３-Eは　暗殺教室,椚ヶ丘中学校３-Eは　暗殺教室,椚ヶ丘中学校３-Eは　暗殺教室,椚ヶ丘中学校３-Eは　暗殺教室,椚ヶ丘中学校３-Eは　暗殺教室,椚ヶ丘中学校３-Eは　暗殺教室,椚ヶ丘中学校３-Eは　暗殺教室,椚ヶ丘中学校３-Eは　暗殺教室,椚ヶ丘中学校３-Eは　暗殺教室,椚ヶ丘中学校３-Eは　暗殺教室
55,03:13.6,0.8447549939155579,0.7144705057144165,0.6885576248168945,0.8770074248313904,0.7418535351753235,0.6704113483428955,0.2388301193714141,0.4126594364643097,-0.4537303745746612,-0.1528483480215072,0.1182841062545776,0.1374052911996841,始業のベルが　今日も鳴る,始業のベルが　今日も鳴る,始業のベルが　今日も鳴る,始業のベルが　今日も鳴る,始業のベルが　今日も鳴る,始業のベルが　今日も鳴る,始業のベルが　今日も鳴る,始業のベルが　今日も鳴る,始業のベルが　今日も鳴る,始業のベルが　今日も鳴る,始業のベルが　今日も鳴る,始業のベルが　今日も鳴る
56,04:56.5,0.5939089059829712,0.748860239982605,0.748860239982605,0.659010112285614,0.7808958292007446,0.7036063075065613,0.0194325111806392,0.438028484582901,0.438028484582901,0.1929932832717895,0.3308671414852142,-0.0170438252389431,はい　ここで問題です,はい　ここで問題です,はい　ここで問題です,はい　ここで問題です,はい　ここで問題です,はい　ここで問題です,はい　ここで問題です,はい　ここで問題です,はい　ここで問題です,はい　ここで問題です,はい　ここで問題です,はい　ここで問題です
57,04:58.9,0.7433658838272095,0.5565941333770752,0.690923273563385,0.5099204182624817,0.7935482859611511,0.7433658838272095,-0.4496606588363647,-0.4246365129947662,-0.3615715801715851,-0.1792456060647964,-0.2780410349369049,-0.4496606588363647,磯貝君,磯貝君,磯貝君,磯貝君,磯貝君,磯貝君,磯貝君,磯貝君,磯貝君,磯貝君,磯貝君,磯貝君
58,05:00.3,0.920177400112152,0.7029933929443359,0.7029933929443359,0.9837301969528198,0.7848859429359436,0.9837301969528198,0.5176655054092407,-0.2762896120548248,-0.2762896120548248,0.5430670976638794,-0.1534425914287567,0.5430671572685242,はい,はい,はい,はい,はい,はい,はい,はい,はい,はい,はい,はい
59,05:01.2,0.6724262237548828,0.6766167879104614,0.6766167879104614,0.7064743041992188,0.7829599976539612,0.4256776869297027,-0.374629259109497,-0.2859033048152923,-0.2859033048152923,-0.6027571558952332,-0.3047367632389068,-1.0768553018569946,この4本の触手のうち　仲間外れは,この4本の触手のうち　仲間外れは,この4本の触手のうち　仲間外れは,この4本の触手のうち　仲間外れは,この4本の触手のうち　仲間外れは,この4本の触手のうち　仲間外れは,この4本の触手のうち　仲間外れは,この4本の触手のうち　仲間外れは,この4本の触手のうち　仲間外れは,この4本の触手のうち　仲間外れは,この4本の触手のうち　仲間外れは,この4本の触手のうち　仲間外れは
60,05:04.4,0.7491687536239624,0.8048126697540283,0.8048126697540283,0.911486566066742,0.906715989112854,0.8749305605888367,-0.2526415288448334,-0.3098295331001282,-0.3098295331001282,-0.4358775317668915,-0.423184722661972,-0.642187237739563,ええと　青い触手,ええと　青い触手,ええと　青い触手,ええと　青い触手,ええと　青い触手,ええと　青い触手,ええと　青い触手,ええと　青い触手,ええと　青い触手,ええと　青い触手,ええと　青い触手,ええと　青い触手
61,05:06.7,0.9013217091560364,0.3642033040523529,0.8956665396690369,0.9343599081039428,0.3856472969055176,0.6298675537109375,-0.2389480769634246,-0.2515795826911926,-0.2476743459701538,-0.0895908027887344,-0.407985657453537,-0.0861980617046356,正解　青の例文の「WHO」だけが関係詞です,正解　青の例文の「WHO」だけが関係詞です,正解　青の例文の「WHO」だけが関係詞です,正解　青の例文の「WHO」だけが関係詞です,正解　青の例文の「WHO」だけが関係詞です,正解　青の例文の「WHO」だけが関係詞です,正解　青の例文の「WHO」だけが関係詞です,正解　青の例文の「WHO」だけが関係詞です,正解　青の例文の「WHO」だけが関係詞です,正解　青の例文の「WHO」だけが関係詞です,正解　青の例文の「WHO」だけが関係詞です,正解　青の例文の「WHO」だけが関係詞です
62,05:11.4,0.7229135036468506,0.4093069434165954,0.6491162776947021,0.7469392418861389,0.2963097989559173,0.343168705701828,-0.7431219220161438,-0.8626602292060852,-0.8045042753219604,-0.672353208065033,-1.1069146394729614,-0.7915938496589661,関係代名詞は直前の名詞を修飾し,関係代名詞は直前の名詞を修飾し,関係代名詞は直前の名詞を修飾し,関係代名詞は直前の名詞を修飾し,関係代名詞は直前の名詞を修飾し,関係代名詞は直前の名詞を修飾し,関係代名詞は直前の名詞を修飾し,関係代名詞は直前の名詞を修飾し,関係代名詞は直前の名詞を修飾し,関係代名詞は直前の名詞を修飾し,関係代名詞は直前の名詞を修飾し,関係代名詞は直前の名詞を修飾し
63,05:12.2,0.6970676183700562,0.6970676183700562,0.6970676183700562,0.7044910192489624,0.7044910192489624,0.7044910192489624,0.2150308787822723,0.2150308191776275,0.2150308191776275,0.2198476493358612,0.2198474705219268,0.2198474705219268,ねえ　渚,ねえ　渚,ねえ　渚,ねえ　渚,ねえ　渚,ねえ　渚,ねえ　渚,ねえ　渚,ねえ　渚,ねえ　渚,ねえ　渚,ねえ　渚
64,05:14.4,0.9662007093429564,0.4572762846946716,0.8760748505592346,0.9558547139167786,0.5536574721336365,0.4160031974315643,-0.0786022543907165,-0.8930265307426453,-0.3773455917835235,-0.1656006425619125,-0.7608168125152588,-0.5730323195457458,ここでは「who is standing over there」が,ここでは「who is standing over there」が,ここでは「who is standing over there」が,ここでは「who is standing over there」が,ここでは「who is standing over there」が,ここでは「who is standing over there」が,ここでは「who is standing over there」が,ここでは「who is standing over there」が,ここでは「who is standing over there」が,ここでは「who is standing over there」が,ここでは「who is standing over there」が,ここでは「who is standing over there」が
65,05:16.1,0.4386722147464752,0.3187713623046875,0.4113348424434662,0.5637306571006775,0.3131735026836395,0.3210179805755615,-0.5342488884925842,-0.5819008946418762,-0.531904399394989,-0.7873510718345642,-0.7405838966369629,-0.5783481597900391,昼間だけど　出てるね　三日月,昼間だけど　出てるね　三日月,昼間だけど　出てるね　三日月,昼間だけど　出てるね　三日月,昼間だけど　出てるね　三日月,昼間だけど　出てるね　三日月,昼間だけど　出てるね　三日月,昼間だけど　出てるね　三日月,昼間だけど　出てるね　三日月,昼間だけど　出てるね　三日月,昼間だけど　出てるね　三日月,昼間だけど　出てるね　三日月
66,05:17.5,0.927152931690216,0.6983131766319275,0.3371456861495971,0.8863731622695923,0.7568468451499939,0.3371456861495971,-0.265419602394104,-0.3562048673629761,-0.2933397889137268,-0.4302813112735748,-0.3934085667133331,-0.2933397889137268,前の「the boy」少年を説明しています,前の「the boy」少年を説明しています,前の「the boy」少年を説明しています,前の「the boy」少年を説明しています,前の「the boy」少年を説明しています,前の「the boy」少年を説明しています,前の「the boy」少年を説明しています,前の「the boy」少年を説明しています,前の「the boy」少年を説明しています,前の「the boy」少年を説明しています,前の「the boy」少年を説明しています,前の「the boy」少年を説明しています
67,05:21.4,0.8702608942985535,0.7517030835151672,0.8702608942985535,0.8818730115890503,0.6778548955917358,0.8466032147407532,0.2994517683982849,0.3246531188488006,0.2994517683982849,0.1900628507137298,0.1472565829753875,0.1812324374914169,何で僕らがこんな状態になったのか,何で僕らがこんな状態になったのか,何で僕らがこんな状態になったのか,何で僕らがこんな状態になったのか,何で僕らがこんな状態になったのか,何で僕らがこんな状態になったのか,何で僕らがこんな状態になったのか,何で僕らがこんな状態になったのか,何で僕らがこんな状態になったのか,何で僕らがこんな状態になったのか,何で僕らがこんな状態になったのか,何で僕らがこんな状態になったのか
68,05:25.5,0.6815230846405029,0.5358964204788208,0.545664370059967,0.7430005073547363,0.6253225207328796,0.7267415523529053,-0.3289839327335357,0.0724814534187316,-0.1059260070323944,-0.3973591923713684,0.1622469574213028,-0.1139994859695434,３年生の始め,３年生の始め,３年生の始め,３年生の始め,３年生の始め,３年生の始め,３年生の始め,３年生の始め,３年生の始め,３年生の始め,３年生の始め,３年生の始め
69,05:27.4,0.8926444053649902,0.2197536826133728,0.1697656214237213,0.9278132915496826,0.1927611231803894,0.6314377784729004,0.5538780093193054,-0.4911498725414276,0.0113635249435901,0.5649953484535217,-0.2669201195240021,0.0524453185498714,僕らは二つの事件に同時に遭った,僕らは二つの事件に同時に遭った,僕らは二つの事件に同時に遭った,僕らは二つの事件に同時に遭った,僕らは二つの事件に同時に遭った,僕らは二つの事件に同時に遭った,僕らは二つの事件に同時に遭った,僕らは二つの事件に同時に遭った,僕らは二つの事件に同時に遭った,僕らは二つの事件に同時に遭った,僕らは二つの事件に同時に遭った,僕らは二つの事件に同時に遭った
70,05:45.8,0.7891331315040588,0.7528996467590332,0.4782373905181885,0.9000241756439209,0.1134988814592361,0.8198701739311218,0.327970951795578,0.277990460395813,-0.6671403050422668,0.2601164579391479,-0.683485209941864,-0.1032930612564086,一つ目は　その日突然　月が爆発して三日月形になってしまったこと,一つ目は　その日突然　月が爆発して三日月形になってしまったこと,一つ目は　その日突然　月が爆発して三日月形になってしまったこと,一つ目は　その日突然　月が爆発して三日月形になってしまったこと,一つ目は　その日突然　月が爆発して三日月形になってしまったこと,一つ目は　その日突然　月が爆発して三日月形になってしまったこと,一つ目は　その日突然　月が爆発して三日月形になってしまったこと,一つ目は　その日突然　月が爆発して三日月形になってしまったこと,一つ目は　その日突然　月が爆発して三日月形になってしまったこと,一つ目は　その日突然　月が爆発して三日月形になってしまったこと,一つ目は　その日突然　月が爆発して三日月形になってしまったこと,一つ目は　その日突然　月が爆発して三日月形になってしまったこと
71,05:55.2,0.5278184413909912,0.5305342078208923,0.5305342078208923,0.5335748195648193,0.5795228481292725,0.5615931749343872,0.3134154975414276,0.3151035606861114,0.3151035606861114,0.3553346693515777,0.4220020473003387,0.4644358456134796,番組の途中ですが　ここで臨時ニュースです,番組の途中ですが　ここで臨時ニュースです,番組の途中ですが　ここで臨時ニュースです,番組の途中ですが　ここで臨時ニュースです,番組の途中ですが　ここで臨時ニュースです,番組の途中ですが　ここで臨時ニュースです,番組の途中ですが　ここで臨時ニュースです,番組の途中ですが　ここで臨時ニュースです,番組の途中ですが　ここで臨時ニュースです,番組の途中ですが　ここで臨時ニュースです,番組の途中ですが　ここで臨時ニュースです,番組の途中ですが　ここで臨時ニュースです
72,05:58.3,0.8795221447944641,0.7408742904663086,0.7597554922103882,0.9319473505020142,0.7638648152351379,0.7703021764755249,0.4038614928722381,-0.5764227509498596,-0.610023558139801,0.0925807356834411,-0.6831392645835876,-0.6378395557403564,つい先ほど　月が７割方蒸発し　失われたとの情報が入りました,つい先ほど　月が７割方蒸発し　失われたとの情報が入りました,つい先ほど　月が７割方蒸発し　失われたとの情報が入りました,つい先ほど　月が７割方蒸発し　失われたとの情報が入りました,つい先ほど　月が７割方蒸発し　失われたとの情報が入りました,つい先ほど　月が７割方蒸発し　失われたとの情報が入りました,つい先ほど　月が７割方蒸発し　失われたとの情報が入りました,つい先ほど　月が７割方蒸発し　失われたとの情報が入りました,つい先ほど　月が７割方蒸発し　失われたとの情報が入りました,つい先ほど　月が７割方蒸発し　失われたとの情報が入りました,つい先ほど　月が７割方蒸発し　失われたとの情報が入りました,つい先ほど　月が７割方蒸発し　失われたとの情報が入りました
73,06:04.5,0.8491525650024414,0.375929057598114,0.375929057598114,0.8213953971862793,0.7836709022521973,0.6024420857429504,0.2804268300533294,-0.241514652967453,-0.241514652967453,0.2034958004951477,-0.1939169764518737,-0.6322328448295593,繰り返します,繰り返します,繰り返します,繰り返します,繰り返します,繰り返します,繰り返します,繰り返します,繰り返します,繰り返します,繰り返します,繰り返します
74,06:05.7,0.4663401544094085,0.4865567684173584,0.4865568578243255,0.6046478748321533,0.4983260333538055,0.4896396398544311,0.0958535373210907,0.0642413944005966,0.0642412006855011,0.3338841497898102,0.0325647108256816,-0.2114785015583038,われわれはもう一生三日月しか見られないということでしょうか,われわれはもう一生三日月しか見られないということでしょうか,われわれはもう一生三日月しか見られないということでしょうか,われわれはもう一生三日月しか見られないということでしょうか,われわれはもう一生三日月しか見られないということでしょうか,われわれはもう一生三日月しか見られないということでしょうか,われわれはもう一生三日月しか見られないということでしょうか,われわれはもう一生三日月しか見られないということでしょうか,われわれはもう一生三日月しか見られないということでしょうか,われわれはもう一生三日月しか見られないということでしょうか,われわれはもう一生三日月しか見られないということでしょうか,われわれはもう一生三日月しか見られないということでしょうか
75,06:10.7,0.8954784274101257,0.5990135669708252,0.875206708908081,0.8984249830245972,0.9128522872924804,0.7603549361228943,0.621575653553009,-0.3401313126087188,0.2183404266834259,0.644165575504303,0.3118771612644195,-0.3970724046230316,そして　二つ目の事件が　これ,そして　二つ目の事件が　これ,そして　二つ目の事件が　これ,そして　二つ目の事件が　これ,そして　二つ目の事件が　これ,そして　二つ目の事件が　これ,そして　二つ目の事件が　これ,そして　二つ目の事件が　これ,そして　二つ目の事件が　これ,そして　二つ目の事件が　これ,そして　二つ目の事件が　これ,そして　二つ目の事件が　これ
76,06:13.9,0.7827945947647095,0.7370662093162537,0.8187301754951477,0.8212042450904846,0.824400007724762,0.7638078927993774,-0.5465553402900696,-0.6679736375808716,-0.7076307535171509,-0.6479414105415344,-0.7932349443435669,-0.632087767124176,初めまして　私が月をやった犯人です,初めまして　私が月をやった犯人です,初めまして　私が月をやった犯人です,初めまして　私が月をやった犯人です,初めまして　私が月をやった犯人です,初めまして　私が月をやった犯人です,初めまして　私が月をやった犯人です,初めまして　私が月をやった犯人です,初めまして　私が月をやった犯人です,初めまして　私が月をやった犯人です,初めまして　私が月をやった犯人です,初めまして　私が月をやった犯人です
77,06:20.9,0.888008177280426,0.8848271369934082,0.8848271369934082,0.9174500703811646,0.9126462936401368,0.708014726638794,-0.1750243306159973,0.09701669216156,0.09701669216156,0.278585821390152,0.2294816076755523,-0.1502128392457962,来年には　地球もやる予定です,来年には　地球もやる予定です,来年には　地球もやる予定です,来年には　地球もやる予定です,来年には　地球もやる予定です,来年には　地球もやる予定です,来年には　地球もやる予定です,来年には　地球もやる予定です,来年には　地球もやる予定です,来年には　地球もやる予定です,来年には　地球もやる予定です,来年には　地球もやる予定です
78,06:23.5,0.6508840918540955,0.6999317407608032,0.6962513327598572,0.6295358538627625,0.7368550300598145,0.7222315073013306,-0.1507781445980072,0.0154568143188953,-0.1310535967350006,-0.0631510913372039,-0.1999704241752624,0.0318596623837947,君たちの担任になったので　どうぞよろしく,君たちの担任になったので　どうぞよろしく,君たちの担任になったので　どうぞよろしく,君たちの担任になったので　どうぞよろしく,君たちの担任になったので　どうぞよろしく,君たちの担任になったので　どうぞよろしく,君たちの担任になったので　どうぞよろしく,君たちの担任になったので　どうぞよろしく,君たちの担任になったので　どうぞよろしく,君たちの担任になったので　どうぞよろしく,君たちの担任になったので　どうぞよろしく,君たちの担任になったので　どうぞよろしく
79,06:28.1,0.6373331546783447,0.44708451628685,0.44708451628685,0.5662121772766113,0.5348580479621887,0.2762840688228607,-0.7286919951438904,-0.3559622466564178,-0.3559622466564178,-0.2378275692462921,-0.417784571647644,-0.6695062518119812,まず五六カ所ツッコませろ,まず五六カ所ツッコませろ,まず五六カ所ツッコませろ,まず五六カ所ツッコませろ,まず五六カ所ツッコませろ,まず五六カ所ツッコませろ,まず五六カ所ツッコませろ,まず五六カ所ツッコませろ,まず五六カ所ツッコませろ,まず五六カ所ツッコませろ,まず五六カ所ツッコませろ,まず五六カ所ツッコませろ
80,06:30.4,0.9410481452941896,0.5160229802131653,0.5160229802131653,0.8852893114089966,0.3985205292701721,0.3985205292701721,0.4390482306480407,0.0375352017581462,0.0375352911651134,0.5838301181793213,0.0607489757239818,0.0607481561601161,クラス全員　そう思った,クラス全員　そう思った,クラス全員　そう思った,クラス全員　そう思った,クラス全員　そう思った,クラス全員　そう思った,クラス全員　そう思った,クラス全員　そう思った,クラス全員　そう思った,クラス全員　そう思った,クラス全員　そう思った,クラス全員　そう思った
81,06:34.0,0.7206767797470093,0.6981273889541626,0.6939368844032288,0.7001739740371704,0.6867724657058716,0.7094535827636719,-0.0305624566972255,-0.0767020881175994,-0.0577222891151905,-0.0156761594116687,0.0368832610547542,0.2754404246807098,防衛省の烏間という者だ,防衛省の烏間という者だ,防衛省の烏間という者だ,防衛省の烏間という者だ,防衛省の烏間という者だ,防衛省の烏間という者だ,防衛省の烏間という者だ,防衛省の烏間という者だ,防衛省の烏間という者だ,防衛省の烏間という者だ,防衛省の烏間という者だ,防衛省の烏間という者だ
82,06:36.5,0.7865424752235413,0.6112605929374695,0.7888574004173279,0.7224377989768982,0.5956661701202393,0.8136004209518433,0.5284185409545898,0.5591776967048645,0.5991572737693787,0.609355628490448,0.5710686445236206,-0.0048906542360782,まずは　ここからの話は国家機密だと理解いただきたい,まずは　ここからの話は国家機密だと理解いただきたい,まずは　ここからの話は国家機密だと理解いただきたい,まずは　ここからの話は国家機密だと理解いただきたい,まずは　ここからの話は国家機密だと理解いただきたい,まずは　ここからの話は国家機密だと理解いただきたい,まずは　ここからの話は国家機密だと理解いただきたい,まずは　ここからの話は国家機密だと理解いただきたい,まずは　ここからの話は国家機密だと理解いただきたい,まずは　ここからの話は国家機密だと理解いただきたい,まずは　ここからの話は国家機密だと理解いただきたい,まずは　ここからの話は国家機密だと理解いただきたい
83,06:43.7,0.5277498960494995,0.5466827750205994,0.5618809461593628,0.5969405770301819,0.5969405770301819,0.725797712802887,-0.8328178524971008,-0.2373338639736175,-0.428900808095932,-0.805860161781311,-0.805860161781311,0.2679444253444671,単刀直入に言う,単刀直入に言う,単刀直入に言う,単刀直入に言う,単刀直入に言う,単刀直入に言う,単刀直入に言う,単刀直入に言う,単刀直入に言う,単刀直入に言う,単刀直入に言う,単刀直入に言う
84,06:45.8,0.7779525518417358,0.7779525518417358,0.7779525518417358,0.8019508123397827,0.7537965178489685,0.7203700542449951,0.0837196558713913,0.0837196558713913,0.0837196558713913,0.2277429699897766,-0.2063812613487243,-0.0219301246106624,この怪物を君たちに殺してほしい,この怪物を君たちに殺してほしい,この怪物を君たちに殺してほしい,この怪物を君たちに殺してほしい,この怪物を君たちに殺してほしい,この怪物を君たちに殺してほしい,この怪物を君たちに殺してほしい,この怪物を君たちに殺してほしい,この怪物を君たちに殺してほしい,この怪物を君たちに殺してほしい,この怪物を君たちに殺してほしい,この怪物を君たちに殺してほしい
85,06:50.9,0.7746409177780151,0.7004411816596985,0.7004411816596985,0.8510973453521729,0.6211338639259338,0.7310266494750977,0.3635734617710113,0.0401407293975353,0.0401407293975353,0.2861882746219635,-0.3056264817714691,-0.2385538220405578,えっと　何っすか,えっと　何っすか,えっと　何っすか,えっと　何っすか,えっと　何っすか,えっと　何っすか,えっと　何っすか,えっと　何っすか,えっと　何っすか,えっと　何っすか,えっと　何っすか,えっと　何っすか
86,06:53.9,0.76447594165802,0.6667881011962891,0.7503367066383362,0.7710841298103333,0.7836402654647827,0.7990540862083435,-0.4873078167438507,-0.1027170419692993,-0.1608583033084869,0.0609274245798587,0.0662752836942672,-0.0105922929942607,そいつ　攻めてきた宇宙人か何かっすか,そいつ　攻めてきた宇宙人か何かっすか,そいつ　攻めてきた宇宙人か何かっすか,そいつ　攻めてきた宇宙人か何かっすか,そいつ　攻めてきた宇宙人か何かっすか,そいつ　攻めてきた宇宙人か何かっすか,そいつ　攻めてきた宇宙人か何かっすか,そいつ　攻めてきた宇宙人か何かっすか,そいつ　攻めてきた宇宙人か何かっすか,そいつ　攻めてきた宇宙人か何かっすか,そいつ　攻めてきた宇宙人か何かっすか,そいつ　攻めてきた宇宙人か何かっすか
87,06:56.4,0.7510659694671631,0.7125158309936523,0.4922679364681244,0.6744807362556458,0.7922167778015137,0.416788101196289,0.1505988836288452,0.214838296175003,-0.7279062867164612,0.3326722383499145,-0.1603872776031494,-0.6574475765228271,失礼な,失礼な,失礼な,失礼な,失礼な,失礼な,失礼な,失礼な,失礼な,失礼な,失礼な,失礼な
88,06:57.3,0.8771798014640808,0.8087303638458252,0.2147281020879745,0.836966872215271,0.8163922429084778,0.2147281020879745,-0.5456206202507019,-0.5203873515129089,-0.5486050844192505,-0.4177602529525757,-0.0012035109102725,-0.5486050844192505,生まれも育ちも地球ですよ,生まれも育ちも地球ですよ,生まれも育ちも地球ですよ,生まれも育ちも地球ですよ,生まれも育ちも地球ですよ,生まれも育ちも地球ですよ,生まれも育ちも地球ですよ,生まれも育ちも地球ですよ,生まれも育ちも地球ですよ,生まれも育ちも地球ですよ,生まれも育ちも地球ですよ,生まれも育ちも地球ですよ
89,07:00.2,0.9479717016220092,0.1863898038864135,0.1863898038864135,0.9077821969985962,0.3939669728279114,0.8065184354782104,-0.0255366899073123,-0.8892204165458679,-0.889220654964447,-0.757308304309845,-0.2895457446575165,-0.862422525882721,地球,地球,地球,地球,地球,地球,地球,地球,地球,地球,地球,地球
90,07:01.6,0.5809547305107117,0.56855309009552,0.5685531497001648,0.869438886642456,0.5601249933242798,0.7786511778831482,0.4571375548839569,0.0244955979287624,0.0244954042136669,0.6177743077278137,0.4221604764461517,0.3212319612503052,詳しいことを話せないのは申し訳ないが,詳しいことを話せないのは申し訳ないが,詳しいことを話せないのは申し訳ないが,詳しいことを話せないのは申し訳ないが,詳しいことを話せないのは申し訳ないが,詳しいことを話せないのは申し訳ないが,詳しいことを話せないのは申し訳ないが,詳しいことを話せないのは申し訳ないが,詳しいことを話せないのは申し訳ないが,詳しいことを話せないのは申し訳ないが,詳しいことを話せないのは申し訳ないが,詳しいことを話せないのは申し訳ないが
91,07:04.4,0.9396400451660156,0.2394111305475235,0.2394111305475235,0.9508092403411864,0.2394111305475235,0.9708775281906128,0.3909589350223541,-0.6077044010162354,-0.6077044010162354,0.5317919850349426,-0.6077044010162354,0.4986817538738251,こいつが言ったことは真実だ,こいつが言ったことは真実だ,こいつが言ったことは真実だ,こいつが言ったことは真実だ,こいつが言ったことは真実だ,こいつが言ったことは真実だ,こいつが言ったことは真実だ,こいつが言ったことは真実だ,こいつが言ったことは真実だ,こいつが言ったことは真実だ,こいつが言ったことは真実だ,こいつが言ったことは真実だ
92,07:06.8,0.8724105358123779,0.415725827217102,0.8206039667129517,0.9523851275444032,0.580392599105835,0.8380732536315918,-0.1420929431915283,-0.535265326499939,-0.5839963555335999,-0.0192838795483112,-0.4212735593318939,-0.6152684092521667,月を壊したこの生物は,月を壊したこの生物は,月を壊したこの生物は,月を壊したこの生物は,月を壊したこの生物は,月を壊したこの生物は,月を壊したこの生物は,月を壊したこの生物は,月を壊したこの生物は,月を壊したこの生物は,月を壊したこの生物は,月を壊したこの生物は
93,07:09.0,0.9271376729011536,0.707270622253418,0.7771227359771729,0.9491262435913086,0.7293193936347961,0.7992860674858093,-0.153249055147171,-0.4236234426498413,-0.3037257492542267,0.2580853402614593,-0.2396154999732971,-0.1600553691387176,来年の三月　地球をも破壊する,来年の三月　地球をも破壊する,来年の三月　地球をも破壊する,来年の三月　地球をも破壊する,来年の三月　地球をも破壊する,来年の三月　地球をも破壊する,来年の三月　地球をも破壊する,来年の三月　地球をも破壊する,来年の三月　地球をも破壊する,来年の三月　地球をも破壊する,来年の三月　地球をも破壊する,来年の三月　地球をも破壊する
94,07:14.3,0.854736864566803,0.842383861541748,0.842383861541748,0.8481229543685913,0.8574091792106628,0.8466406464576721,0.5314329862594604,0.4867922663688659,0.4867922663688659,0.5451338887214661,0.4780012369155884,0.6285932660102844,このことを知っているのは各国首脳だけ,このことを知っているのは各国首脳だけ,このことを知っているのは各国首脳だけ,このことを知っているのは各国首脳だけ,このことを知っているのは各国首脳だけ,このことを知っているのは各国首脳だけ,このことを知っているのは各国首脳だけ,このことを知っているのは各国首脳だけ,このことを知っているのは各国首脳だけ,このことを知っているのは各国首脳だけ,このことを知っているのは各国首脳だけ,このことを知っているのは各国首脳だけ
95,07:18.1,0.7528505325317383,0.8672865033149719,0.8671379089355469,0.8231800198554993,0.8615824580192566,0.8216053247451782,0.3700088560581207,0.1397289335727691,0.1273569613695144,0.4387317299842834,0.0349909402430057,0.3681332170963287,こいつの存在が公になれば　世界はパニックに陥るだろう,こいつの存在が公になれば　世界はパニックに陥るだろう,こいつの存在が公になれば　世界はパニックに陥るだろう,こいつの存在が公になれば　世界はパニックに陥るだろう,こいつの存在が公になれば　世界はパニックに陥るだろう,こいつの存在が公になれば　世界はパニックに陥るだろう,こいつの存在が公になれば　世界はパニックに陥るだろう,こいつの存在が公になれば　世界はパニックに陥るだろう,こいつの存在が公になれば　世界はパニックに陥るだろう,こいつの存在が公になれば　世界はパニックに陥るだろう,こいつの存在が公になれば　世界はパニックに陥るだろう,こいつの存在が公になれば　世界はパニックに陥るだろう
96,07:23.2,0.8534942865371704,0.903821587562561,0.8975635170936584,0.9358052015304564,0.929528832435608,0.6591492891311646,0.0186267010867595,-0.0513504780828952,-0.1422018110752105,0.0289567299187183,0.0064742602407932,0.0608968995511531,そうなる前に秘密裏にこいつを殺さなければならない,そうなる前に秘密裏にこいつを殺さなければならない,そうなる前に秘密裏にこいつを殺さなければならない,そうなる前に秘密裏にこいつを殺さなければならない,そうなる前に秘密裏にこいつを殺さなければならない,そうなる前に秘密裏にこいつを殺さなければならない,そうなる前に秘密裏にこいつを殺さなければならない,そうなる前に秘密裏にこいつを殺さなければならない,そうなる前に秘密裏にこいつを殺さなければならない,そうなる前に秘密裏にこいつを殺さなければならない,そうなる前に秘密裏にこいつを殺さなければならない,そうなる前に秘密裏にこいつを殺さなければならない
97,07:27.7,0.888105571269989,0.896910548210144,0.9013239741325378,0.9411185383796692,0.9453285932540894,0.8523489832878113,0.3538836538791656,0.4149260222911834,0.2782823443412781,0.3019304573535919,0.3847532272338867,-0.2070127725601196,つまり　暗殺だ,つまり　暗殺だ,つまり　暗殺だ,つまり　暗殺だ,つまり　暗殺だ,つまり　暗殺だ,つまり　暗殺だ,つまり　暗殺だ,つまり　暗殺だ,つまり　暗殺だ,つまり　暗殺だ,つまり　暗殺だ
98,07:30.4,0.667061448097229,0.5136573314666748,0.7448172569274902,0.7359649538993835,0.8697888851165771,0.25877645611763,0.1089766174554824,0.1564255356788635,0.3417375385761261,-0.4269084632396698,0.2312152981758117,0.1130544692277908,だが　こいつは…,だが　こいつは…,だが　こいつは…,だが　こいつは…,だが　こいつは…,だが　こいつは…,だが　こいつは…,だが　こいつは…,だが　こいつは…,だが　こいつは…,だが　こいつは…,だが　こいつは…
99,07:31.9,0.6896466612815857,0.5080053806304932,0.7673871517181396,0.7923792600631714,0.8728925585746765,0.2862429618835449,-0.0648868083953857,-0.0267228223383426,-0.0587075091898441,0.3871672451496124,0.1925553083419799,-0.9199466109275818,とにかく速い,とにかく速い,とにかく速い,とにかく速い,とにかく速い,とにかく速い,とにかく速い,とにかく速い,とにかく速い,とにかく速い,とにかく速い,とにかく速い
100,07:33.4,0.7258998155593872,0.5901792049407959,0.5799723267555237,0.8016973733901978,0.6382960081100464,0.4234593510627746,-0.663135826587677,-0.8384105563163757,-0.6783344149589539,-1.144576907157898,-0.2972155809402466,-0.8902470469474792,殺すどころか,殺すどころか,殺すどころか,殺すどころか,殺すどころか,殺すどころか,殺すどころか,殺すどころか,殺すどころか,殺すどころか,殺すどころか,殺すどころか
101,07:35.4,0.7919433116912842,0.7058547735214233,0.6277996897697449,0.4610472619533539,0.5819017887115479,0.6649668216705322,-0.5037180781364441,-0.4017217457294464,-0.4352230727672577,-0.3635456562042236,-0.625073254108429,-0.5946181416511536,眉毛の手入れをされている始末だ,眉毛の手入れをされている始末だ,眉毛の手入れをされている始末だ,眉毛の手入れをされている始末だ,眉毛の手入れをされている始末だ,眉毛の手入れをされている始末だ,眉毛の手入れをされている始末だ,眉毛の手入れをされている始末だ,眉毛の手入れをされている始末だ,眉毛の手入れをされている始末だ,眉毛の手入れをされている始末だ,眉毛の手入れをされている始末だ
102,07:38.0,0.5851901769638062,0.7502651214599609,0.7502651214599609,0.7275134325027466,0.7502651214599609,0.7502651214599609,-0.2842335999011993,-0.2357377409934997,-0.2357377409934997,-0.3136288225650787,-0.2357377409934997,-0.2357377409934997,丁寧にな,丁寧にな,丁寧にな,丁寧にな,丁寧にな,丁寧にな,丁寧にな,丁寧にな,丁寧にな,丁寧にな,丁寧にな,丁寧にな
103,07:41.8,0.7806085348129272,0.6141611337661743,0.6635783910751343,0.795422375202179,0.7148975133895874,0.7658736109733582,0.1251899451017379,-0.6598834991455078,-0.3608695864677429,-0.2391559481620788,-0.2483107149600982,-0.3117305040359497,満月を三日月に変えるほどのパワーを持つ超生物だ,満月を三日月に変えるほどのパワーを持つ超生物だ,満月を三日月に変えるほどのパワーを持つ超生物だ,満月を三日月に変えるほどのパワーを持つ超生物だ,満月を三日月に変えるほどのパワーを持つ超生物だ,満月を三日月に変えるほどのパワーを持つ超生物だ,満月を三日月に変えるほどのパワーを持つ超生物だ,満月を三日月に変えるほどのパワーを持つ超生物だ,満月を三日月に変えるほどのパワーを持つ超生物だ,満月を三日月に変えるほどのパワーを持つ超生物だ,満月を三日月に変えるほどのパワーを持つ超生物だ,満月を三日月に変えるほどのパワーを持つ超生物だ
104,07:45.9,0.607960045337677,0.6903486847877502,0.6903486847877502,0.6505826115608215,0.8275644183158875,0.6099048256874084,0.4647715389728546,0.3986146748065948,0.3986146748065948,0.609059751033783,0.3218393623828888,0.4041503965854645,最高速度はマッハ20,最高速度はマッハ20,最高速度はマッハ20,最高速度はマッハ20,最高速度はマッハ20,最高速度はマッハ20,最高速度はマッハ20,最高速度はマッハ20,最高速度はマッハ20,最高速度はマッハ20,最高速度はマッハ20,最高速度はマッハ20
105,07:48.4,0.5794128775596619,0.786156415939331,0.8506754636764526,0.864111065864563,0.8883504271507263,0.7827997803688049,-0.673455536365509,-0.5028969645500183,-0.7149689197540283,-0.3237622678279876,-0.4057185351848602,-0.4949093163013458,つまり　こいつが本気で逃げれば,つまり　こいつが本気で逃げれば,つまり　こいつが本気で逃げれば,つまり　こいつが本気で逃げれば,つまり　こいつが本気で逃げれば,つまり　こいつが本気で逃げれば,つまり　こいつが本気で逃げれば,つまり　こいつが本気で逃げれば,つまり　こいつが本気で逃げれば,つまり　こいつが本気で逃げれば,つまり　こいつが本気で逃げれば,つまり　こいつが本気で逃げれば
106,07:51.5,0.7090397477149963,0.4688379764556885,0.7859611511230469,0.5948008298873901,0.8029325604438782,0.7866839170455933,-0.3627957105636596,-0.471938282251358,-0.3540339171886444,-0.7966955304145813,-0.5590195655822754,-0.4405854344367981,われわれは破滅の時まで　手も足も出ない,われわれは破滅の時まで　手も足も出ない,われわれは破滅の時まで　手も足も出ない,われわれは破滅の時まで　手も足も出ない,われわれは破滅の時まで　手も足も出ない,われわれは破滅の時まで　手も足も出ない,われわれは破滅の時まで　手も足も出ない,われわれは破滅の時まで　手も足も出ない,われわれは破滅の時まで　手も足も出ない,われわれは破滅の時まで　手も足も出ない,われわれは破滅の時まで　手も足も出ない,われわれは破滅の時まで　手も足も出ない
107,07:55.9,0.8081772327423096,0.4435004293918609,0.6982018947601318,0.6788167357444763,0.8213268518447876,0.6975228190422058,-0.084637850522995,-0.2158315032720565,-0.1232428550720214,0.1102822870016098,0.0518361963331699,0.0591975934803485,まあ　それでは面白くないのでね,まあ　それでは面白くないのでね,まあ　それでは面白くないのでね,まあ　それでは面白くないのでね,まあ　それでは面白くないのでね,まあ　それでは面白くないのでね,まあ　それでは面白くないのでね,まあ　それでは面白くないのでね,まあ　それでは面白くないのでね,まあ　それでは面白くないのでね,まあ　それでは面白くないのでね,まあ　それでは面白くないのでね
108,07:58.6,0.7742993831634521,0.7055712342262268,0.6950982809066772,0.6531285047531128,0.7530900835990906,0.7462600469589233,0.3895444571971893,0.1972069442272186,0.2380583882331848,0.3036631643772125,0.3235170543193817,0.3307819664478302,私から国に提案したのです,私から国に提案したのです,私から国に提案したのです,私から国に提案したのです,私から国に提案したのです,私から国に提案したのです,私から国に提案したのです,私から国に提案したのです,私から国に提案したのです,私から国に提案したのです,私から国に提案したのです,私から国に提案したのです
109,08:01.2,0.5739359855651855,0.121587187051773,0.4554455876350403,0.5883620977401733,0.5939786434173584,0.5575762987136841,-0.5814273953437805,-0.4829641878604889,-0.7779417634010315,-0.1325097382068634,-0.631596028804779,-0.8494166731834412,殺されるのはごめんですが,殺されるのはごめんですが,殺されるのはごめんですが,殺されるのはごめんですが,殺されるのはごめんですが,殺されるのはごめんですが,殺されるのはごめんですが,殺されるのはごめんですが,殺されるのはごめんですが,殺されるのはごめんですが,殺されるのはごめんですが,殺されるのはごめんですが
110,08:03.5,0.6044826507568359,0.5817306041717529,0.5753138065338135,0.519913911819458,0.6155674457550049,0.5935333371162415,-0.267644315958023,-0.1090104579925537,-0.1033627837896347,-0.530595600605011,-0.6277437806129456,-0.2801818549633026,椚ヶ丘中学校　3年E組の担任ならやってもいいと,椚ヶ丘中学校　3年E組の担任ならやってもいいと,椚ヶ丘中学校　3年E組の担任ならやってもいいと,椚ヶ丘中学校　3年E組の担任ならやってもいいと,椚ヶ丘中学校　3年E組の担任ならやってもいいと,椚ヶ丘中学校　3年E組の担任ならやってもいいと,椚ヶ丘中学校　3年E組の担任ならやってもいいと,椚ヶ丘中学校　3年E組の担任ならやってもいいと,椚ヶ丘中学校　3年E組の担任ならやってもいいと,椚ヶ丘中学校　3年E組の担任ならやってもいいと,椚ヶ丘中学校　3年E組の担任ならやってもいいと,椚ヶ丘中学校　3年E組の担任ならやってもいいと
111,08:08.1,0.6838082075119019,0.6620964407920837,0.6620964407920837,0.8226910829544067,0.7794877886772156,0.8226910829544067,0.4583908915519714,-0.0356254540383815,-0.0356254540383815,0.4369644820690155,0.0497034005820751,0.4369644820690155,いや　なんで,いや　なんで,いや　なんで,いや　なんで,いや　なんで,いや　なんで,いや　なんで,いや　なんで,いや　なんで,いや　なんで,いや　なんで,いや　なんで
112,08:09.5,0.5433871746063232,0.7489612698554993,0.7489612698554993,0.652865469455719,0.652865469455719,0.700302004814148,-0.002271581441164,-0.616570770740509,-0.6165706515312195,0.3066324591636657,0.3066324591636657,-0.339682012796402,こいつの狙いは分からん,こいつの狙いは分からん,こいつの狙いは分からん,こいつの狙いは分からん,こいつの狙いは分からん,こいつの狙いは分からん,こいつの狙いは分からん,こいつの狙いは分からん,こいつの狙いは分からん,こいつの狙いは分からん,こいつの狙いは分からん,こいつの狙いは分からん
113,08:11.7,0.9030380249023438,0.4965762794017792,0.5106676816940308,0.9276646971702576,0.5706363916397095,0.5822978615760803,0.311127245426178,0.0786535441875457,-0.0353273265063762,0.0209488980472087,0.1549497991800308,0.1644113063812255,しかし　われわれ政府は,しかし　われわれ政府は,しかし　われわれ政府は,しかし　われわれ政府は,しかし　われわれ政府は,しかし　われわれ政府は,しかし　われわれ政府は,しかし　われわれ政府は,しかし　われわれ政府は,しかし　われわれ政府は,しかし　われわれ政府は,しかし　われわれ政府は
114,08:13.6,0.8344669342041016,0.7356076240539551,0.7356075644493103,0.8706434369087219,0.7139501571655273,0.8071669340133667,-0.0628163963556289,-0.0350784324109554,-0.0350784324109554,0.0532854013144969,-0.0375463254749774,-0.2219653725624084,君たち生徒に危害を加えないことを条件にやむなく承諾した,君たち生徒に危害を加えないことを条件にやむなく承諾した,君たち生徒に危害を加えないことを条件にやむなく承諾した,君たち生徒に危害を加えないことを条件にやむなく承諾した,君たち生徒に危害を加えないことを条件にやむなく承諾した,君たち生徒に危害を加えないことを条件にやむなく承諾した,君たち生徒に危害を加えないことを条件にやむなく承諾した,君たち生徒に危害を加えないことを条件にやむなく承諾した,君たち生徒に危害を加えないことを条件にやむなく承諾した,君たち生徒に危害を加えないことを条件にやむなく承諾した,君たち生徒に危害を加えないことを条件にやむなく承諾した,君たち生徒に危害を加えないことを条件にやむなく承諾した
115,08:18.9,0.9489532709121704,0.891614556312561,0.8900099396705627,0.9678955078125,0.9290175437927246,0.8913829922676086,0.6813767552375793,0.6030935645103455,0.5949195623397827,0.5537323355674744,0.689319908618927,0.2575500309467315,理由は二つ,理由は二つ,理由は二つ,理由は二つ,理由は二つ,理由は二つ,理由は二つ,理由は二つ,理由は二つ,理由は二つ,理由は二つ,理由は二つ
116,08:20.4,0.9128531217575072,0.7461689114570618,0.685004711151123,0.8811947703361511,0.8587865829467773,0.7884421348571777,-0.1358164548873901,0.1635114103555679,-0.0194331221282482,0.0330095775425434,0.0396581031382083,-0.1814473420381546,教師として毎日教室に来るのなら　監視ができる,教師として毎日教室に来るのなら　監視ができる,教師として毎日教室に来るのなら　監視ができる,教師として毎日教室に来るのなら　監視ができる,教師として毎日教室に来るのなら　監視ができる,教師として毎日教室に来るのなら　監視ができる,教師として毎日教室に来るのなら　監視ができる,教師として毎日教室に来るのなら　監視ができる,教師として毎日教室に来るのなら　監視ができる,教師として毎日教室に来るのなら　監視ができる,教師として毎日教室に来るのなら　監視ができる,教師として毎日教室に来るのなら　監視ができる
117,08:24.2,0.6558504104614258,0.1534228920936584,0.183143675327301,0.814834475517273,0.2136435955762863,0.3921036124229431,0.2038612961769104,-0.3090119063854217,-0.5048158764839172,0.0429583378136158,-0.6280494332313538,-0.380451500415802,何よりも,何よりも,何よりも,何よりも,何よりも,何よりも,何よりも,何よりも,何よりも,何よりも,何よりも,何よりも
118,08:25.9,0.9027591347694396,0.1093552261590957,0.2343553006649017,0.9046080708503724,0.2851637005805969,0.5224545001983643,-0.245335578918457,-0.6292373538017273,-0.146776407957077,-0.2385426759719848,-0.2316797226667404,-0.6485294103622437,30人もの人間が　至近距離からこいつを殺すチャンスを得る,30人もの人間が　至近距離からこいつを殺すチャンスを得る,30人もの人間が　至近距離からこいつを殺すチャンスを得る,30人もの人間が　至近距離からこいつを殺すチャンスを得る,30人もの人間が　至近距離からこいつを殺すチャンスを得る,30人もの人間が　至近距離からこいつを殺すチャンスを得る,30人もの人間が　至近距離からこいつを殺すチャンスを得る,30人もの人間が　至近距離からこいつを殺すチャンスを得る,30人もの人間が　至近距離からこいつを殺すチャンスを得る,30人もの人間が　至近距離からこいつを殺すチャンスを得る,30人もの人間が　至近距離からこいつを殺すチャンスを得る,30人もの人間が　至近距離からこいつを殺すチャンスを得る
119,08:33.4,0.6102015972137451,0.5834058523178101,0.6106345653533936,0.5834058523178101,0.6106345653533936,0.6192453503608704,-0.1958895176649093,0.1220927536487579,-0.1661492586135864,0.1220927685499191,-0.1661492586135864,-0.1311700940132141,中村さん,中村さん,中村さん,中村さん,中村さん,中村さん,中村さん,中村さん,中村さん,中村さん,中村さん,中村さん
120,08:35.4,0.8042776584625244,0.774875819683075,0.7748758792877197,0.8781172633171082,0.8060408234596252,0.8818572163581848,0.0580467619001865,-0.0466095842421054,-0.0466095618903636,0.0968371629714965,0.0267462469637393,0.0525633804500103,暗殺は勉強の妨げにならないときにと言ったはずです,暗殺は勉強の妨げにならないときにと言ったはずです,暗殺は勉強の妨げにならないときにと言ったはずです,暗殺は勉強の妨げにならないときにと言ったはずです,暗殺は勉強の妨げにならないときにと言ったはずです,暗殺は勉強の妨げにならないときにと言ったはずです,暗殺は勉強の妨げにならないときにと言ったはずです,暗殺は勉強の妨げにならないときにと言ったはずです,暗殺は勉強の妨げにならないときにと言ったはずです,暗殺は勉強の妨げにならないときにと言ったはずです,暗殺は勉強の妨げにならないときにと言ったはずです,暗殺は勉強の妨げにならないときにと言ったはずです
121,08:39.0,0.8918250799179077,0.8918250799179077,0.8576547503471375,0.8888728618621826,0.9600021243095398,0.9900310039520264,0.3273330926895141,0.3273330926895141,0.483569473028183,0.4867220222949981,0.5290346145629883,0.4601158201694488,すみません,すみません,すみません,すみません,すみません,すみません,すみません,すみません,すみません,すみません,すみません,すみません
122,08:40.1,0.7484607696533203,0.6510055065155029,0.9027100205421448,0.8086583614349365,0.8421585559844971,0.5807821750640869,0.1210830956697464,0.0711507350206375,-0.1427620351314544,0.2356818169355392,-0.7540363669395447,-0.1999876499176025,罰として後ろで立って受講しなさい,罰として後ろで立って受講しなさい,罰として後ろで立って受講しなさい,罰として後ろで立って受講しなさい,罰として後ろで立って受講しなさい,罰として後ろで立って受講しなさい,罰として後ろで立って受講しなさい,罰として後ろで立って受講しなさい,罰として後ろで立って受講しなさい,罰として後ろで立って受講しなさい,罰として後ろで立って受講しなさい,罰として後ろで立って受講しなさい
123,08:44.0,0.6505733132362366,0.6225712299346924,0.6171750426292419,0.67498379945755,0.6056509017944336,0.4716026782989502,0.2420577108860016,-0.0947815924882888,-0.175469234585762,0.2921542227268219,-0.1705401390790939,-0.2467190623283386,なんでこんな怪物がうちの担任に,なんでこんな怪物がうちの担任に,なんでこんな怪物がうちの担任に,なんでこんな怪物がうちの担任に,なんでこんな怪物がうちの担任に,なんでこんな怪物がうちの担任に,なんでこんな怪物がうちの担任に,なんでこんな怪物がうちの担任に,なんでこんな怪物がうちの担任に,なんでこんな怪物がうちの担任に,なんでこんな怪物がうちの担任に,なんでこんな怪物がうちの担任に
124,08:47.0,0.921882390975952,0.6727468371391296,0.7635869383811951,0.8962497115135193,0.6898622512817383,0.7662739753723145,-0.0961228609085083,0.0300964228808879,-0.0261175967752933,0.0310589633882045,-0.3688146770000458,-0.015128631144762,どうして僕らが暗殺なんか…,どうして僕らが暗殺なんか…,どうして僕らが暗殺なんか…,どうして僕らが暗殺なんか…,どうして僕らが暗殺なんか…,どうして僕らが暗殺なんか…,どうして僕らが暗殺なんか…,どうして僕らが暗殺なんか…,どうして僕らが暗殺なんか…,どうして僕らが暗殺なんか…,どうして僕らが暗殺なんか…,どうして僕らが暗殺なんか…
125,08:49.7,0.5119675397872925,0.5064992308616638,0.6135414838790894,0.5046119689941406,0.4280350804328918,0.3514526188373565,-0.0498463623225688,0.1584999561309814,0.0325314290821552,0.1057825088500976,0.1804485619068145,-0.1144356429576873,そんな声は　この条件でかき消えた,そんな声は　この条件でかき消えた,そんな声は　この条件でかき消えた,そんな声は　この条件でかき消えた,そんな声は　この条件でかき消えた,そんな声は　この条件でかき消えた,そんな声は　この条件でかき消えた,そんな声は　この条件でかき消えた,そんな声は　この条件でかき消えた,そんな声は　この条件でかき消えた,そんな声は　この条件でかき消えた,そんな声は　この条件でかき消えた
126,08:53.8,0.4920027256011963,0.4444950819015503,0.4389689564704895,0.5095764398574829,0.4798835515975952,0.4309712946414947,0.5315588116645813,0.4453182220458984,0.4376143515110016,0.5702645182609558,0.4665250182151794,0.2676079869270324,成功報酬は100億円,成功報酬は100億円,成功報酬は100億円,成功報酬は100億円,成功報酬は100億円,成功報酬は100億円,成功報酬は100億円,成功報酬は100億円,成功報酬は100億円,成功報酬は100億円,成功報酬は100億円,成功報酬は100億円
127,08:57.4,0.5680030584335327,0.365956038236618,0.5570270419120789,0.6394633054733276,0.7591769695281982,0.6239336729049683,-0.1801508963108062,-0.128643661737442,-0.4202567040920257,0.3251372277736664,-0.1445588767528534,0.0576363392174243,当然の額だ,当然の額だ,当然の額だ,当然の額だ,当然の額だ,当然の額だ,当然の額だ,当然の額だ,当然の額だ,当然の額だ,当然の額だ,当然の額だ
128,08:59.6,0.8199594020843506,0.6955703496932983,0.8014562129974365,0.8280889987945557,0.8332682847976685,0.7342972159385681,-0.4390217959880829,-0.5035916566848755,-0.3986401259899139,-0.0260063894093036,-0.3325569331645965,-0.271391361951828,暗殺の成功は冗談抜きで地球を救うことなのだから,暗殺の成功は冗談抜きで地球を救うことなのだから,暗殺の成功は冗談抜きで地球を救うことなのだから,暗殺の成功は冗談抜きで地球を救うことなのだから,暗殺の成功は冗談抜きで地球を救うことなのだから,暗殺の成功は冗談抜きで地球を救うことなのだから,暗殺の成功は冗談抜きで地球を救うことなのだから,暗殺の成功は冗談抜きで地球を救うことなのだから,暗殺の成功は冗談抜きで地球を救うことなのだから,暗殺の成功は冗談抜きで地球を救うことなのだから,暗殺の成功は冗談抜きで地球を救うことなのだから,暗殺の成功は冗談抜きで地球を救うことなのだから
129,09:04.6,0.3092429637908935,0.485016793012619,0.5073264837265015,0.5761828422546387,0.4514031112194061,0.3243420720100403,-0.5406782627105713,-0.6744586825370789,-0.6442790627479553,-0.0759768486022949,-0.305681973695755,-0.3474409282207489,幸いなことに　こいつは君たちをなめきっている,幸いなことに　こいつは君たちをなめきっている,幸いなことに　こいつは君たちをなめきっている,幸いなことに　こいつは君たちをなめきっている,幸いなことに　こいつは君たちをなめきっている,幸いなことに　こいつは君たちをなめきっている,幸いなことに　こいつは君たちをなめきっている,幸いなことに　こいつは君たちをなめきっている,幸いなことに　こいつは君たちをなめきっている,幸いなことに　こいつは君たちをなめきっている,幸いなことに　こいつは君たちをなめきっている,幸いなことに　こいつは君たちをなめきっている
130,09:08.3,0.7478558421134949,0.749212920665741,0.749212920665741,0.8735958933830261,0.5822572112083435,0.5784590840339661,-0.5422351360321045,-0.4789395630359649,-0.4789392352104187,-0.6975013613700867,-0.7964237928390503,-0.5700772404670715,見ろ　緑のしましまになったときは　なめている顔だ,見ろ　緑のしましまになったときは　なめている顔だ,見ろ　緑のしましまになったときは　なめている顔だ,見ろ　緑のしましまになったときは　なめている顔だ,見ろ　緑のしましまになったときは　なめている顔だ,見ろ　緑のしましまになったときは　なめている顔だ,見ろ　緑のしましまになったときは　なめている顔だ,見ろ　緑のしましまになったときは　なめている顔だ,見ろ　緑のしましまになったときは　なめている顔だ,見ろ　緑のしましまになったときは　なめている顔だ,見ろ　緑のしましまになったときは　なめている顔だ,見ろ　緑のしましまになったときは　なめている顔だ
131,09:12.0,0.9254342913627625,0.2568798959255218,0.8660653829574585,0.956555724143982,0.9366509914398192,0.2048001140356063,0.4590591490268707,-0.4601345956325531,0.2994023263454437,0.5387028455734253,0.6188783049583435,-0.631764829158783,どんな皮膚だよ,どんな皮膚だよ,どんな皮膚だよ,どんな皮膚だよ,どんな皮膚だよ,どんな皮膚だよ,どんな皮膚だよ,どんな皮膚だよ,どんな皮膚だよ,どんな皮膚だよ,どんな皮膚だよ,どんな皮膚だよ
132,09:13.1,0.6688409447669983,0.668861448764801,0.6322978138923645,0.9804309606552124,0.9195570349693298,0.6322978138923645,0.3645488917827606,-0.008895169943571,-0.2321792542934417,0.4413062036037445,0.6257911324501038,-0.2321792542934417,当然でしょう,当然でしょう,当然でしょう,当然でしょう,当然でしょう,当然でしょう,当然でしょう,当然でしょう,当然でしょう,当然でしょう,当然でしょう,当然でしょう
133,09:14.7,0.7602534890174866,0.612246572971344,0.5783746242523193,0.625312089920044,0.5848544836044312,0.5854544639587402,-0.3711585998535156,-0.3070746660232544,-0.2403834760189056,-0.1804393529891967,-0.2702109515666961,-0.2191736400127411,国がやれない私を　君たちがやれるわけがない,国がやれない私を　君たちがやれるわけがない,国がやれない私を　君たちがやれるわけがない,国がやれない私を　君たちがやれるわけがない,国がやれない私を　君たちがやれるわけがない,国がやれない私を　君たちがやれるわけがない,国がやれない私を　君たちがやれるわけがない,国がやれない私を　君たちがやれるわけがない,国がやれない私を　君たちがやれるわけがない,国がやれない私を　君たちがやれるわけがない,国がやれない私を　君たちがやれるわけがない,国がやれない私を　君たちがやれるわけがない
134,09:18.5,0.8051242828369141,0.7041051387786865,0.6967441439628601,0.5731632113456726,0.4670153558254242,0.7114064693450928,0.0272563584148883,-0.2715998589992523,-0.2507914006710052,-0.0362229384481906,-0.4632582068443298,-0.0784862786531448,最新鋭の戦闘機に襲われた時も,最新鋭の戦闘機に襲われた時も,最新鋭の戦闘機に襲われた時も,最新鋭の戦闘機に襲われた時も,最新鋭の戦闘機に襲われた時も,最新鋭の戦闘機に襲われた時も,最新鋭の戦闘機に襲われた時も,最新鋭の戦闘機に襲われた時も,最新鋭の戦闘機に襲われた時も,最新鋭の戦闘機に襲われた時も,最新鋭の戦闘機に襲われた時も,最新鋭の戦闘機に襲われた時も
135,09:29.2,0.7005414962768555,0.6442631483078003,0.6360153555870056,0.662344217300415,0.6985412836074829,0.6759780049324036,-0.8176555037498474,-0.4301174581050873,-0.0594217367470264,-0.2813974618911743,-0.4304902851581573,-0.2558744847774505,逆に空中でワックスをかけてやりましたよ,逆に空中でワックスをかけてやりましたよ,逆に空中でワックスをかけてやりましたよ,逆に空中でワックスをかけてやりましたよ,逆に空中でワックスをかけてやりましたよ,逆に空中でワックスをかけてやりましたよ,逆に空中でワックスをかけてやりましたよ,逆に空中でワックスをかけてやりましたよ,逆に空中でワックスをかけてやりましたよ,逆に空中でワックスをかけてやりましたよ,逆に空中でワックスをかけてやりましたよ,逆に空中でワックスをかけてやりましたよ
136,09:32.1,0.4580237865447998,0.3914796710014343,0.3914796710014343,0.7773792147636414,0.6363010406494141,0.2769117355346679,-0.4759424030780792,-0.2891643047332763,-0.2891643047332763,-0.623041570186615,0.0612165890634059,-0.1957940906286239,だからなぜ手入れする,だからなぜ手入れする,だからなぜ手入れする,だからなぜ手入れする,だからなぜ手入れする,だからなぜ手入れする,だからなぜ手入れする,だからなぜ手入れする,だからなぜ手入れする,だからなぜ手入れする,だからなぜ手入れする,だからなぜ手入れする
137,09:34.1,0.3316118121147156,0.65934818983078,0.5861377716064453,0.4444090723991394,0.3763020634651184,0.3544835150241852,-0.7126119136810303,-0.1314018964767456,-0.3657532036304474,-0.893208920955658,-0.3650622069835663,-0.3481813967227936,君たちにはなめているこいつの隙をあわよくば突いてほしい,君たちにはなめているこいつの隙をあわよくば突いてほしい,君たちにはなめているこいつの隙をあわよくば突いてほしい,君たちにはなめているこいつの隙をあわよくば突いてほしい,君たちにはなめているこいつの隙をあわよくば突いてほしい,君たちにはなめているこいつの隙をあわよくば突いてほしい,君たちにはなめているこいつの隙をあわよくば突いてほしい,君たちにはなめているこいつの隙をあわよくば突いてほしい,君たちにはなめているこいつの隙をあわよくば突いてほしい,君たちにはなめているこいつの隙をあわよくば突いてほしい,君たちにはなめているこいつの隙をあわよくば突いてほしい,君たちにはなめているこいつの隙をあわよくば突いてほしい
138,09:38.9,0.7953211069107056,0.6836892366409302,0.7131667137145996,0.8331857323646545,0.7785416841506958,0.7823993563652039,0.1217868328094482,-0.1079851388931274,-0.2590653002262115,0.0825944542884826,-0.214457169175148,-0.2691806852817535,人間には無害で　こいつには効く武器と弾を支給する,人間には無害で　こいつには効く武器と弾を支給する,人間には無害で　こいつには効く武器と弾を支給する,人間には無害で　こいつには効く武器と弾を支給する,人間には無害で　こいつには効く武器と弾を支給する,人間には無害で　こいつには効く武器と弾を支給する,人間には無害で　こいつには効く武器と弾を支給する,人間には無害で　こいつには効く武器と弾を支給する,人間には無害で　こいつには効く武器と弾を支給する,人間には無害で　こいつには効く武器と弾を支給する,人間には無害で　こいつには効く武器と弾を支給する,人間には無害で　こいつには効く武器と弾を支給する
139,09:43.6,0.7765569090843201,0.8240664005279541,0.8546961545944214,0.7354569435119629,0.7544542551040649,0.7897768020629883,0.634670615196228,0.5580815076828003,0.5048220157623291,0.6256468892097473,0.5800017714500427,0.6169076561927795,君たちの家族や友人には絶対秘密だ,君たちの家族や友人には絶対秘密だ,君たちの家族や友人には絶対秘密だ,君たちの家族や友人には絶対秘密だ,君たちの家族や友人には絶対秘密だ,君たちの家族や友人には絶対秘密だ,君たちの家族や友人には絶対秘密だ,君たちの家族や友人には絶対秘密だ,君たちの家族や友人には絶対秘密だ,君たちの家族や友人には絶対秘密だ,君たちの家族や友人には絶対秘密だ,君たちの家族や友人には絶対秘密だ
140,09:47.2,0.8937833905220032,0.731804609298706,0.731804609298706,0.9526590704917908,0.7704454660415649,0.7704454660415649,-0.0187142603099346,0.1974404007196426,0.1974404007196426,0.3697583973407745,0.4739634394645691,0.4739634394645691,とにかく時間がない,とにかく時間がない,とにかく時間がない,とにかく時間がない,とにかく時間がない,とにかく時間がない,とにかく時間がない,とにかく時間がない,とにかく時間がない,とにかく時間がない,とにかく時間がない,とにかく時間がない
141,09:49.0,0.8449262976646423,0.7825609445571899,0.8496149182319641,0.8737918138504028,0.7786809802055359,0.90724778175354,0.1293013840913772,0.0689535290002822,0.0141904465854167,0.3123838305473327,0.3396646380424499,0.3311043679714203,地球が消えれば　逃げる場所など　どこにもない,地球が消えれば　逃げる場所など　どこにもない,地球が消えれば　逃げる場所など　どこにもない,地球が消えれば　逃げる場所など　どこにもない,地球が消えれば　逃げる場所など　どこにもない,地球が消えれば　逃げる場所など　どこにもない,地球が消えれば　逃げる場所など　どこにもない,地球が消えれば　逃げる場所など　どこにもない,地球が消えれば　逃げる場所など　どこにもない,地球が消えれば　逃げる場所など　どこにもない,地球が消えれば　逃げる場所など　どこにもない,地球が消えれば　逃げる場所など　どこにもない
142,09:52.9,0.7336528897285461,0.8412876725196838,0.4273129403591156,0.8686951398849487,0.8324712514877319,0.7450495958328247,-0.0928670018911361,0.1203293949365615,-0.0484872795641422,0.121405154466629,0.0948680639266967,0.1825253367424011,そういうことです,そういうことです,そういうことです,そういうことです,そういうことです,そういうことです,そういうことです,そういうことです,そういうことです,そういうことです,そういうことです,そういうことです
143,09:54.6,0.7738065123558044,0.7569828033447266,0.2664185166358948,0.7525660991668701,0.7495896816253662,0.5040136575698853,0.3048134744167328,0.3832239806652069,-0.6846590638160706,-0.132198229432106,0.2395710051059723,0.4623688757419586,さあ　皆さん　残された1年を有意義に過ごしましょう,さあ　皆さん　残された1年を有意義に過ごしましょう,さあ　皆さん　残された1年を有意義に過ごしましょう,さあ　皆さん　残された1年を有意義に過ごしましょう,さあ　皆さん　残された1年を有意義に過ごしましょう,さあ　皆さん　残された1年を有意義に過ごしましょう,さあ　皆さん　残された1年を有意義に過ごしましょう,さあ　皆さん　残された1年を有意義に過ごしましょう,さあ　皆さん　残された1年を有意義に過ごしましょう,さあ　皆さん　残された1年を有意義に過ごしましょう,さあ　皆さん　残された1年を有意義に過ごしましょう,さあ　皆さん　残された1年を有意義に過ごしましょう
144,10:02.1,0.8334485292434692,0.5197523832321167,0.5712820887565613,0.8839497566223145,0.7067363858222961,0.6370774507522583,0.6358403563499451,0.3380104005336761,0.1907703876495361,0.4714164733886719,0.6586288809776306,0.1995469331741333,残された時間は1年,残された時間は1年,残された時間は1年,残された時間は1年,残された時間は1年,残された時間は1年,残された時間は1年,残された時間は1年,残された時間は1年,残された時間は1年,残された時間は1年,残された時間は1年
145,10:04.7,0.7505578994750977,0.8334631323814392,0.8173452615737915,0.8743489980697632,0.8526732325553894,0.8602562546730042,-0.4290716052055359,-0.2384711802005767,0.0071788169443607,-0.3712736666202545,-0.3750862777233124,-0.1249599754810333,僕たちがこいつの暗殺に成功しないと,僕たちがこいつの暗殺に成功しないと,僕たちがこいつの暗殺に成功しないと,僕たちがこいつの暗殺に成功しないと,僕たちがこいつの暗殺に成功しないと,僕たちがこいつの暗殺に成功しないと,僕たちがこいつの暗殺に成功しないと,僕たちがこいつの暗殺に成功しないと,僕たちがこいつの暗殺に成功しないと,僕たちがこいつの暗殺に成功しないと,僕たちがこいつの暗殺に成功しないと,僕たちがこいつの暗殺に成功しないと
146,10:08.3,0.8670631051063538,0.5316835045814514,0.5536545515060425,0.8984441757202148,0.5388461947441101,0.8402899503707886,-0.2295146733522415,-0.6141395568847656,-0.5635719895362854,0.3063119649887085,-0.6235615611076355,0.0756914317607879,地球が壊される,地球が壊される,地球が壊される,地球が壊される,地球が壊される,地球が壊される,地球が壊される,地球が壊される,地球が壊される,地球が壊される,地球が壊される,地球が壊される
147,10:16.9,0.9017264246940612,0.9124810099601746,0.9124810099601746,0.3988308608531952,0.9270244836807252,0.893796443939209,0.0486702285706996,-0.1818494498729705,-0.1818490475416183,0.1665591299533844,-0.1518200486898422,-0.2506878674030304,昼休みですね,昼休みですね,昼休みですね,昼休みですね,昼休みですね,昼休みですね,昼休みですね,昼休みですね,昼休みですね,昼休みですね,昼休みですね,昼休みですね
148,10:18.8,0.8057066202163696,0.6975185871124268,0.6975185871124268,0.8776110410690308,0.7672867774963379,0.7600318193435669,-0.0468609742820262,-0.1589392572641372,-0.1589392572641372,-0.0331352315843105,-0.3433216512203216,0.0893305838108062,先生　ちょっと中国に行ってマーボー豆腐を食べてきます,先生　ちょっと中国に行ってマーボー豆腐を食べてきます,先生　ちょっと中国に行ってマーボー豆腐を食べてきます,先生　ちょっと中国に行ってマーボー豆腐を食べてきます,先生　ちょっと中国に行ってマーボー豆腐を食べてきます,先生　ちょっと中国に行ってマーボー豆腐を食べてきます,先生　ちょっと中国に行ってマーボー豆腐を食べてきます,先生　ちょっと中国に行ってマーボー豆腐を食べてきます,先生　ちょっと中国に行ってマーボー豆腐を食べてきます,先生　ちょっと中国に行ってマーボー豆腐を食べてきます,先生　ちょっと中国に行ってマーボー豆腐を食べてきます,先生　ちょっと中国に行ってマーボー豆腐を食べてきます
149,10:23.5,0.8800440430641174,0.7976638078689575,0.6801857352256775,0.900838017463684,0.8845623731613159,0.824383020401001,0.2304523885250091,0.3226891756057739,0.1954166740179062,0.456055223941803,0.0582888089120388,0.1667741239070892,暗殺希望者がもしいれば　携帯で呼んでください,暗殺希望者がもしいれば　携帯で呼んでください,暗殺希望者がもしいれば　携帯で呼んでください,暗殺希望者がもしいれば　携帯で呼んでください,暗殺希望者がもしいれば　携帯で呼んでください,暗殺希望者がもしいれば　携帯で呼んでください,暗殺希望者がもしいれば　携帯で呼んでください,暗殺希望者がもしいれば　携帯で呼んでください,暗殺希望者がもしいれば　携帯で呼んでください,暗殺希望者がもしいれば　携帯で呼んでください,暗殺希望者がもしいれば　携帯で呼んでください,暗殺希望者がもしいれば　携帯で呼んでください
150,10:29.9,0.5185731053352356,0.5065151453018188,0.4594531655311584,0.5620144605636597,0.7599112391471863,0.5322670340538025,-0.1299871802330017,-0.0927443355321884,-0.2346870303153991,-0.0932493656873703,-0.5822859406471252,-0.4255849421024322,えーと　マッハ20だから,えーと　マッハ20だから,えーと　マッハ20だから,えーと　マッハ20だから,えーと　マッハ20だから,えーと　マッハ20だから,えーと　マッハ20だから,えーと　マッハ20だから,えーと　マッハ20だから,えーと　マッハ20だから,えーと　マッハ20だから,えーと　マッハ20だから
151,10:33.0,0.7224462032318115,0.6998347043991089,0.7014856338500977,0.8010463714599609,0.7426700592041016,0.6109188795089722,0.0251918025314807,0.2249691486358642,0.2351868450641632,0.0503856427967548,-0.0545241497457027,-0.2065988183021545,マーボーの本場　四川省まで10分くらい,マーボーの本場　四川省まで10分くらい,マーボーの本場　四川省まで10分くらい,マーボーの本場　四川省まで10分くらい,マーボーの本場　四川省まで10分くらい,マーボーの本場　四川省まで10分くらい,マーボーの本場　四川省まで10分くらい,マーボーの本場　四川省まで10分くらい,マーボーの本場　四川省まで10分くらい,マーボーの本場　四川省まで10分くらい,マーボーの本場　四川省まで10分くらい,マーボーの本場　四川省まで10分くらい
152,10:36.7,0.847119152545929,0.7493259906768799,0.7493259906768799,0.7218526005744934,0.661372184753418,0.5961997509002686,-0.4008216559886932,-0.3908901512622833,-0.3908901512622833,-0.7580122351646423,-0.5038639307022095,-0.5067444443702698,確かにあんなもん　ミサイルでも落とせんわな,確かにあんなもん　ミサイルでも落とせんわな,確かにあんなもん　ミサイルでも落とせんわな,確かにあんなもん　ミサイルでも落とせんわな,確かにあんなもん　ミサイルでも落とせんわな,確かにあんなもん　ミサイルでも落とせんわな,確かにあんなもん　ミサイルでも落とせんわな,確かにあんなもん　ミサイルでも落とせんわな,確かにあんなもん　ミサイルでも落とせんわな,確かにあんなもん　ミサイルでも落とせんわな,確かにあんなもん　ミサイルでも落とせんわな,確かにあんなもん　ミサイルでも落とせんわな
153,10:40.5,0.6998345851898193,0.6411547064781189,0.6741834878921509,0.754851758480072,0.7989804148674011,0.7499961256980896,-0.1452881544828415,-0.1764121949672699,-0.0473501943051815,-0.2555589079856872,-0.3309085071086883,-0.1210126429796218,しかも　あのタコ　音速飛行中にテストの採点までしてるんだぜ,しかも　あのタコ　音速飛行中にテストの採点までしてるんだぜ,しかも　あのタコ　音速飛行中にテストの採点までしてるんだぜ,しかも　あのタコ　音速飛行中にテストの採点までしてるんだぜ,しかも　あのタコ　音速飛行中にテストの採点までしてるんだぜ,しかも　あのタコ　音速飛行中にテストの採点までしてるんだぜ,しかも　あのタコ　音速飛行中にテストの採点までしてるんだぜ,しかも　あのタコ　音速飛行中にテストの採点までしてるんだぜ,しかも　あのタコ　音速飛行中にテストの採点までしてるんだぜ,しかも　あのタコ　音速飛行中にテストの採点までしてるんだぜ,しかも　あのタコ　音速飛行中にテストの採点までしてるんだぜ,しかも　あのタコ　音速飛行中にテストの採点までしてるんだぜ
154,10:44.7,0.7137715220451355,0.5617765188217163,0.5617765188217163,0.8635176420211792,0.7109953165054321,0.7109953165054321,0.3498421609401703,0.3859772384166717,0.3859774768352508,0.5076883435249329,0.2860053181648254,0.2860053777694702,マジで,マジで,マジで,マジで,マジで,マジで,マジで,マジで,マジで,マジで,マジで,マジで
155,10:46.0,0.5468381643295288,0.5582808256149292,0.4653119444847107,0.5825843214988708,0.6397389769554138,0.5151594281196594,-0.0297586284577846,-0.3412613868713379,-0.4722950756549835,-0.3014360964298248,-0.4924276769161224,-0.4622959792613983,俺なんかイラスト付きで返ってきた,俺なんかイラスト付きで返ってきた,俺なんかイラスト付きで返ってきた,俺なんかイラスト付きで返ってきた,俺なんかイラスト付きで返ってきた,俺なんかイラスト付きで返ってきた,俺なんかイラスト付きで返ってきた,俺なんかイラスト付きで返ってきた,俺なんかイラスト付きで返ってきた,俺なんかイラスト付きで返ってきた,俺なんかイラスト付きで返ってきた,俺なんかイラスト付きで返ってきた
156,10:48.5,0.5803125500679016,0.7482515573501587,0.7680858373641968,0.3797794282436371,0.6601994633674622,0.637049674987793,-0.2292230427265167,-0.3702742457389831,-0.3086496293544769,-0.189307764172554,-0.3549102246761322,-0.3740728795528412,てか　あいつ　何げに教えてるの　うまくない,てか　あいつ　何げに教えてるの　うまくない,てか　あいつ　何げに教えてるの　うまくない,てか　あいつ　何げに教えてるの　うまくない,てか　あいつ　何げに教えてるの　うまくない,てか　あいつ　何げに教えてるの　うまくない,てか　あいつ　何げに教えてるの　うまくない,てか　あいつ　何げに教えてるの　うまくない,てか　あいつ　何げに教えてるの　うまくない,てか　あいつ　何げに教えてるの　うまくない,てか　あいつ　何げに教えてるの　うまくない,てか　あいつ　何げに教えてるの　うまくない
157,10:51.3,0.7888791561126709,0.5246332287788391,0.2071442604064941,0.8115096092224121,0.5223643183708191,0.3173366785049438,-0.0613771341741085,-0.71407151222229,-0.2362459003925323,0.1375196874141693,-0.4358075559139251,-0.1146297454833984,わかる,わかる,わかる,わかる,わかる,わかる,わかる,わかる,わかる,わかる,わかる,わかる
158,10:52.4,0.847946047782898,0.7286040782928467,0.1131785735487937,0.8305351138114929,0.7328853011131287,0.5736169219017029,0.0414758138358593,-0.2307282984256744,-0.8481486439704895,-0.1836569160223007,-0.2106649130582809,-0.4554179608821869,放課後に数学教わって　次のテストの点　よかったもん,放課後に数学教わって　次のテストの点　よかったもん,放課後に数学教わって　次のテストの点　よかったもん,放課後に数学教わって　次のテストの点　よかったもん,放課後に数学教わって　次のテストの点　よかったもん,放課後に数学教わって　次のテストの点　よかったもん,放課後に数学教わって　次のテストの点　よかったもん,放課後に数学教わって　次のテストの点　よかったもん,放課後に数学教わって　次のテストの点　よかったもん,放課後に数学教わって　次のテストの点　よかったもん,放課後に数学教わって　次のテストの点　よかったもん,放課後に数学教わって　次のテストの点　よかったもん
159,10:56.9,0.6592274904251099,0.8329986333847046,0.8329986333847046,0.9162713885307312,0.8563637733459473,0.8736406564712524,-0.3492469787597656,0.357410579919815,0.357410579919815,0.3518821895122528,0.3159749805927276,-0.2172438651323318,まっ　でもさ,まっ　でもさ,まっ　でもさ,まっ　でもさ,まっ　でもさ,まっ　でもさ,まっ　でもさ,まっ　でもさ,まっ　でもさ,まっ　でもさ,まっ　でもさ,まっ　でもさ
160,10:59.6,0.2860059142112732,0.2569291591644287,0.4109281003475189,0.3115394711494446,0.4357320666313171,0.2576099932193756,-0.1367633193731308,-0.3398460745811462,-0.3531956970691681,-0.1386347711086273,-0.1749066710472107,-0.5839127898216248,しょせん俺ら　E組だしな,しょせん俺ら　E組だしな,しょせん俺ら　E組だしな,しょせん俺ら　E組だしな,しょせん俺ら　E組だしな,しょせん俺ら　E組だしな,しょせん俺ら　E組だしな,しょせん俺ら　E組だしな,しょせん俺ら　E組だしな,しょせん俺ら　E組だしな,しょせん俺ら　E組だしな,しょせん俺ら　E組だしな
161,11:02.3,0.4795052707195282,0.489298552274704,0.489298552274704,0.6741460561752319,0.5037245154380798,0.5577811598777771,-0.3191295266151428,-0.4150159657001495,-0.4150161743164062,0.0552619807422161,-0.3216278851032257,-0.1778660714626312,頑張っても仕方ねぇけど,頑張っても仕方ねぇけど,頑張っても仕方ねぇけど,頑張っても仕方ねぇけど,頑張っても仕方ねぇけど,頑張っても仕方ねぇけど,頑張っても仕方ねぇけど,頑張っても仕方ねぇけど,頑張っても仕方ねぇけど,頑張っても仕方ねぇけど,頑張っても仕方ねぇけど,頑張っても仕方ねぇけど
162,11:05.1,0.7931985855102539,0.3891527056694031,0.653489351272583,0.5945461988449097,0.5948782563209534,0.8132744431495667,-0.0124075077474117,-0.8849265575408936,0.1829509437084198,0.0685083121061325,-0.0130862779915332,0.0237180180847644,そう　タコ型の超生物で暗殺のターゲット,そう　タコ型の超生物で暗殺のターゲット,そう　タコ型の超生物で暗殺のターゲット,そう　タコ型の超生物で暗殺のターゲット,そう　タコ型の超生物で暗殺のターゲット,そう　タコ型の超生物で暗殺のターゲット,そう　タコ型の超生物で暗殺のターゲット,そう　タコ型の超生物で暗殺のターゲット,そう　タコ型の超生物で暗殺のターゲット,そう　タコ型の超生物で暗殺のターゲット,そう　タコ型の超生物で暗殺のターゲット,そう　タコ型の超生物で暗殺のターゲット
163,11:10.1,0.6577656269073486,0.7345199584960938,0.7345199584960938,0.7469513416290283,0.8036364912986755,0.8442320823669434,-0.1789422184228897,-0.0054023005068302,-0.0054023005068302,-0.331778347492218,0.1600309610366821,0.0368629209697246,なのに,なのに,なのに,なのに,なのに,なのに,なのに,なのに,なのに,なのに,なのに,なのに
164,11:11.6,0.8992310166358948,0.8016687035560608,0.7293815016746521,0.9143521189689636,0.7489452958106995,0.9009300470352172,0.0769430994987487,0.0488643534481525,0.1723293960094452,0.2733809351921081,-0.4684009850025177,-0.1763518452644348,あの先生はなぜか普通に先生している,あの先生はなぜか普通に先生している,あの先生はなぜか普通に先生している,あの先生はなぜか普通に先生している,あの先生はなぜか普通に先生している,あの先生はなぜか普通に先生している,あの先生はなぜか普通に先生している,あの先生はなぜか普通に先生している,あの先生はなぜか普通に先生している,あの先生はなぜか普通に先生している,あの先生はなぜか普通に先生している,あの先生はなぜか普通に先生している
165,11:15.9,0.811016321182251,0.7701049447059631,0.889002799987793,0.9275521636009216,0.8013108968734741,0.9161632657051086,0.2684030830860138,-0.2760767042636871,0.1309936344623565,0.4121726453304291,-0.1407322585582733,0.3654672801494598,僕らも同じ　即席の殺し屋であるのを除けば　普通の生徒だ,僕らも同じ　即席の殺し屋であるのを除けば　普通の生徒だ,僕らも同じ　即席の殺し屋であるのを除けば　普通の生徒だ,僕らも同じ　即席の殺し屋であるのを除けば　普通の生徒だ,僕らも同じ　即席の殺し屋であるのを除けば　普通の生徒だ,僕らも同じ　即席の殺し屋であるのを除けば　普通の生徒だ,僕らも同じ　即席の殺し屋であるのを除けば　普通の生徒だ,僕らも同じ　即席の殺し屋であるのを除けば　普通の生徒だ,僕らも同じ　即席の殺し屋であるのを除けば　普通の生徒だ,僕らも同じ　即席の殺し屋であるのを除けば　普通の生徒だ,僕らも同じ　即席の殺し屋であるのを除けば　普通の生徒だ,僕らも同じ　即席の殺し屋であるのを除けば　普通の生徒だ
166,11:21.8,0.5659500956535339,0.521527111530304,0.5328284502029419,0.6444762945175171,0.6399999856948853,0.6425095200538635,0.3015270531177521,0.3687389194965362,0.2944604456424713,0.5281943082809448,0.3675268888473511,0.5320081114768982,けど　僕らE組は　少しだけ普通と違う,けど　僕らE組は　少しだけ普通と違う,けど　僕らE組は　少しだけ普通と違う,けど　僕らE組は　少しだけ普通と違う,けど　僕らE組は　少しだけ普通と違う,けど　僕らE組は　少しだけ普通と違う,けど　僕らE組は　少しだけ普通と違う,けど　僕らE組は　少しだけ普通と違う,けど　僕らE組は　少しだけ普通と違う,けど　僕らE組は　少しだけ普通と違う,けど　僕らE組は　少しだけ普通と違う,けど　僕らE組は　少しだけ普通と違う
167,11:29.1,0.7722885608673096,0.7722885608673096,0.7722885608673096,0.7269464731216431,0.7269464731216431,0.7269464731216431,0.006251323968172,0.006251286715269,0.006251286715269,-0.1120353639125824,-0.112035647034645,-0.112035647034645,おい　渚,おい　渚,おい　渚,おい　渚,おい　渚,おい　渚,おい　渚,おい　渚,おい　渚,おい　渚,おい　渚,おい　渚
168,11:31.3,0.7211000919342041,0.5501481294631958,0.5501481294631958,0.831453800201416,0.5913771390914917,0.5913771390914917,0.1139635741710662,-0.06330007314682,-0.06330007314682,0.2463792860507965,0.0481259934604167,0.0481259934604167,ちょっと付き合えよ,ちょっと付き合えよ,ちょっと付き合えよ,ちょっと付き合えよ,ちょっと付き合えよ,ちょっと付き合えよ,ちょっと付き合えよ,ちょっと付き合えよ,ちょっと付き合えよ,ちょっと付き合えよ,ちょっと付き合えよ,ちょっと付き合えよ
169,11:32.9,0.8302097320556641,0.7945950031280518,0.7945950031280518,0.9075132012367249,0.8429902195930481,0.8657338619232178,0.3922811150550842,0.2636251747608185,0.2636253237724304,0.2383597642183303,0.2825914323329925,0.1969379633665084,暗殺の計画　進めようぜ,暗殺の計画　進めようぜ,暗殺の計画　進めようぜ,暗殺の計画　進めようぜ,暗殺の計画　進めようぜ,暗殺の計画　進めようぜ,暗殺の計画　進めようぜ,暗殺の計画　進めようぜ,暗殺の計画　進めようぜ,暗殺の計画　進めようぜ,暗殺の計画　進めようぜ,暗殺の計画　進めようぜ
170,11:39.9,0.6614203453063965,0.6859195232391357,0.6859195232391357,0.8594483137130737,0.7886741757392883,0.8639363050460815,0.3276244699954986,0.3269350230693817,0.3269350230693817,0.2130454778671264,0.2047284543514251,0.4078798592090606,あのタコ　機嫌によって顔の色が変わるだろ,あのタコ　機嫌によって顔の色が変わるだろ,あのタコ　機嫌によって顔の色が変わるだろ,あのタコ　機嫌によって顔の色が変わるだろ,あのタコ　機嫌によって顔の色が変わるだろ,あのタコ　機嫌によって顔の色が変わるだろ,あのタコ　機嫌によって顔の色が変わるだろ,あのタコ　機嫌によって顔の色が変わるだろ,あのタコ　機嫌によって顔の色が変わるだろ,あのタコ　機嫌によって顔の色が変わるだろ,あのタコ　機嫌によって顔の色が変わるだろ,あのタコ　機嫌によって顔の色が変わるだろ
171,11:43.9,0.6378511786460876,0.3994363248348236,0.6570578813552856,0.7678635120391846,0.627552330493927,0.7173643708229065,-0.6823827624320984,-0.2678331732749939,-0.6086558699607849,-0.5244630575180054,-0.4550050497055053,-0.5601518750190735,観察しとけって言ったやつ　できてるか,観察しとけって言ったやつ　できてるか,観察しとけって言ったやつ　できてるか,観察しとけって言ったやつ　できてるか,観察しとけって言ったやつ　できてるか,観察しとけって言ったやつ　できてるか,観察しとけって言ったやつ　できてるか,観察しとけって言ったやつ　できてるか,観察しとけって言ったやつ　できてるか,観察しとけって言ったやつ　できてるか,観察しとけって言ったやつ　できてるか,観察しとけって言ったやつ　できてるか
172,11:47.2,0.7430174350738525,0.5967311263084412,0.8615988492965698,0.8444567918777466,0.8444567918777466,0.8615988492965698,-0.0194483809173107,-0.2943362593650818,-0.4199019968509674,-0.3052273392677307,-0.3052270710468292,-0.4199020862579345,一応,一応,一応,一応,一応,一応,一応,一応,一応,一応,一応,一応
173,11:48.8,0.6504840850830078,0.5317419171333313,0.5619915723800659,0.7234008312225342,0.6094523668289185,0.6061926484107971,-0.7707895636558533,-0.8019278645515442,-0.943325698375702,-0.5835009217262268,-0.6619852781295776,-0.8061234354972839,余裕な時は　緑のしましまなのは知ってるよね,余裕な時は　緑のしましまなのは知ってるよね,余裕な時は　緑のしましまなのは知ってるよね,余裕な時は　緑のしましまなのは知ってるよね,余裕な時は　緑のしましまなのは知ってるよね,余裕な時は　緑のしましまなのは知ってるよね,余裕な時は　緑のしましまなのは知ってるよね,余裕な時は　緑のしましまなのは知ってるよね,余裕な時は　緑のしましまなのは知ってるよね,余裕な時は　緑のしましまなのは知ってるよね,余裕な時は　緑のしましまなのは知ってるよね,余裕な時は　緑のしましまなのは知ってるよね
174,11:53.3,0.9081373810768129,0.798105001449585,0.6927968859672546,0.9091079235076904,0.8402951955795288,0.366074800491333,-0.3025337159633636,-0.4484142959117889,-0.7387644648551941,-0.2339658141136169,-0.3348346054553985,-0.2865074872970581,生徒の解答が間違っていたら暗い紫,生徒の解答が間違っていたら暗い紫,生徒の解答が間違っていたら暗い紫,生徒の解答が間違っていたら暗い紫,生徒の解答が間違っていたら暗い紫,生徒の解答が間違っていたら暗い紫,生徒の解答が間違っていたら暗い紫,生徒の解答が間違っていたら暗い紫,生徒の解答が間違っていたら暗い紫,生徒の解答が間違っていたら暗い紫,生徒の解答が間違っていたら暗い紫,生徒の解答が間違っていたら暗い紫
175,11:57.1,0.5537974238395691,0.6937695741653442,0.5869954228401184,0.6228064894676208,0.5841888785362244,0.4927082657814026,-0.1876334398984909,-0.3137980997562408,-0.5996758937835693,-1.0857194662094116,-0.5193331837654114,-0.5600629448890686,正解だったら明るい朱色,正解だったら明るい朱色,正解だったら明るい朱色,正解だったら明るい朱色,正解だったら明るい朱色,正解だったら明るい朱色,正解だったら明るい朱色,正解だったら明るい朱色,正解だったら明るい朱色,正解だったら明るい朱色,正解だったら明るい朱色,正解だったら明るい朱色
176,12:00.0,0.8836726546287537,0.9015753865242004,0.8989198207855225,0.5608224272727966,0.9232965707778932,0.9182816743850708,0.1210623532533645,0.1131721884012222,0.0851692855358123,-0.020364437252283,0.1967899948358535,-0.2403800189495086,面白いのは昼休みの後で…,面白いのは昼休みの後で…,面白いのは昼休みの後で…,面白いのは昼休みの後で…,面白いのは昼休みの後で…,面白いのは昼休みの後で…,面白いのは昼休みの後で…,面白いのは昼休みの後で…,面白いのは昼休みの後で…,面白いのは昼休みの後で…,面白いのは昼休みの後で…,面白いのは昼休みの後で…
177,12:02.1,0.7739249467849731,0.733627200126648,0.733627200126648,0.796593964099884,0.7676076292991638,0.7641993761062622,0.062682420015335,0.2134999632835388,0.2134999632835388,0.4437867403030395,0.583607017993927,0.5393038392066956,俺は知らなくていいんだよ,俺は知らなくていいんだよ,俺は知らなくていいんだよ,俺は知らなくていいんだよ,俺は知らなくていいんだよ,俺は知らなくていいんだよ,俺は知らなくていいんだよ,俺は知らなくていいんだよ,俺は知らなくていいんだよ,俺は知らなくていいんだよ,俺は知らなくていいんだよ,俺は知らなくていいんだよ
178,12:05.0,0.6188549995422363,0.6188549995422363,0.4562783539295196,0.6474486589431763,0.6474486589431763,0.6967373490333557,0.1988248974084854,0.198824942111969,-0.398244172334671,0.2177301049232483,0.2177301049232483,-0.4444845616817474,作戦がある,作戦がある,作戦がある,作戦がある,作戦がある,作戦がある,作戦がある,作戦がある,作戦がある,作戦がある,作戦がある,作戦がある
179,12:06.8,0.613023579120636,0.5638564825057983,0.310842365026474,0.8592339754104614,0.5232515931129456,0.4818116426467895,-0.6710777878761292,-0.6458880305290222,-0.9101681709289552,-1.0492171049118042,-0.6173442006111145,-0.7681596279144287,あいつが一番油断してる顔の時に　お前がやりに行け,あいつが一番油断してる顔の時に　お前がやりに行け,あいつが一番油断してる顔の時に　お前がやりに行け,あいつが一番油断してる顔の時に　お前がやりに行け,あいつが一番油断してる顔の時に　お前がやりに行け,あいつが一番油断してる顔の時に　お前がやりに行け,あいつが一番油断してる顔の時に　お前がやりに行け,あいつが一番油断してる顔の時に　お前がやりに行け,あいつが一番油断してる顔の時に　お前がやりに行け,あいつが一番油断してる顔の時に　お前がやりに行け,あいつが一番油断してる顔の時に　お前がやりに行け,あいつが一番油断してる顔の時に　お前がやりに行け
180,12:11.6,0.5986008048057556,0.7037534713745117,0.7037534713745117,0.6099178791046143,0.7505394220352173,0.6086450219154358,-0.4686830639839172,-0.2068592607975006,-0.2068592607975006,-0.0985361784696579,-0.1697060316801071,-0.2245811820030212,ぼ…僕が,ぼ…僕が,ぼ…僕が,ぼ…僕が,ぼ…僕が,ぼ…僕が,ぼ…僕が,ぼ…僕が,ぼ…僕が,ぼ…僕が,ぼ…僕が,ぼ…僕が
181,12:13.2,0.9491239786148072,0.6064406037330627,0.6064406037330627,0.9774165749549866,0.6064406037330627,0.6064406037330627,0.6972338557243347,-0.119407445192337,-0.1194074898958206,0.8171773552894592,-0.119407519698143,-0.1194075345993042,でも…,でも…,でも…,でも…,でも…,でも…,でも…,でも…,でも…,でも…,でも…,でも…
182,12:13.8,0.5728321075439453,0.6578459739685059,0.4937955737113952,0.6341157555580139,0.5391513109207153,0.6357539296150208,-1.0052026510238647,-0.8493310809135437,-0.8573960661888123,-0.2369461059570312,-0.7418641448020935,-0.579344630241394,いい子ぶってんじゃねえよ,いい子ぶってんじゃねえよ,いい子ぶってんじゃねえよ,いい子ぶってんじゃねえよ,いい子ぶってんじゃねえよ,いい子ぶってんじゃねえよ,いい子ぶってんじゃねえよ,いい子ぶってんじゃねえよ,いい子ぶってんじゃねえよ,いい子ぶってんじゃねえよ,いい子ぶってんじゃねえよ,いい子ぶってんじゃねえよ
183,12:16.0,0.5718121528625488,0.5587213635444641,0.6056386232376099,0.6545916795730591,0.6056386232376099,0.6056386232376099,0.4300932884216308,0.1775287538766861,-0.4489895403385162,0.521364688873291,-0.4489896595478058,-0.4489896595478058,俺らはE組だ,俺らはE組だ,俺らはE組だ,俺らはE組だ,俺らはE組だ,俺らはE組だ,俺らはE組だ,俺らはE組だ,俺らはE組だ,俺らはE組だ,俺らはE組だ,俺らはE組だ
184,12:17.9,0.6937863826751709,0.6589465141296387,0.6731491088867188,0.7347904443740845,0.7331856489181519,0.7134536504745483,-0.4004567563533783,-0.4095907211303711,-0.5234947204589844,-0.5150179266929626,-0.7999283671379089,-0.6131799817085266,進学校で有名なこの学校のレベルについていけなかった脱落組,進学校で有名なこの学校のレベルについていけなかった脱落組,進学校で有名なこの学校のレベルについていけなかった脱落組,進学校で有名なこの学校のレベルについていけなかった脱落組,進学校で有名なこの学校のレベルについていけなかった脱落組,進学校で有名なこの学校のレベルについていけなかった脱落組,進学校で有名なこの学校のレベルについていけなかった脱落組,進学校で有名なこの学校のレベルについていけなかった脱落組,進学校で有名なこの学校のレベルについていけなかった脱落組,進学校で有名なこの学校のレベルについていけなかった脱落組,進学校で有名なこの学校のレベルについていけなかった脱落組,進学校で有名なこの学校のレベルについていけなかった脱落組
185,12:23.0,0.7458906769752502,0.545427143573761,0.5443215370178223,0.5745669603347778,0.6168849468231201,0.6489274501800537,-0.4386851489543915,-0.4695645868778229,-0.4571816921234131,-0.6311625838279724,-0.6885912418365479,-0.5568687915802002,通称　エンドのE組,通称　エンドのE組,通称　エンドのE組,通称　エンドのE組,通称　エンドのE組,通称　エンドのE組,通称　エンドのE組,通称　エンドのE組,通称　エンドのE組,通称　エンドのE組,通称　エンドのE組,通称　エンドのE組
186,12:27.7,0.684138834476471,0.7667542695999146,0.5275564193725586,0.6752166152000427,0.6730576753616333,0.7913388609886169,-0.0321599133312702,-0.0845333784818649,-0.627285897731781,-0.1335790753364563,-0.3210781514644623,-0.2779648602008819,毎日山の上の隔離校舎まで通わされて,毎日山の上の隔離校舎まで通わされて,毎日山の上の隔離校舎まで通わされて,毎日山の上の隔離校舎まで通わされて,毎日山の上の隔離校舎まで通わされて,毎日山の上の隔離校舎まで通わされて,毎日山の上の隔離校舎まで通わされて,毎日山の上の隔離校舎まで通わされて,毎日山の上の隔離校舎まで通わされて,毎日山の上の隔離校舎まで通わされて,毎日山の上の隔離校舎まで通わされて,毎日山の上の隔離校舎まで通わされて
187,12:31.3,0.8083896636962891,0.7758740782737732,0.5855837464332581,0.824704647064209,0.7445386648178101,0.764969527721405,-0.5038942098617554,0.0752822160720825,-0.3178602457046509,0.2774751484394073,0.107143148779869,-0.1359161585569381,あらゆる面でカスみたいに差別されてる,あらゆる面でカスみたいに差別されてる,あらゆる面でカスみたいに差別されてる,あらゆる面でカスみたいに差別されてる,あらゆる面でカスみたいに差別されてる,あらゆる面でカスみたいに差別されてる,あらゆる面でカスみたいに差別されてる,あらゆる面でカスみたいに差別されてる,あらゆる面でカスみたいに差別されてる,あらゆる面でカスみたいに差別されてる,あらゆる面でカスみたいに差別されてる,あらゆる面でカスみたいに差別されてる
188,12:35.2,0.5540881752967834,0.6982677578926086,0.5722619295120239,0.7083288431167603,0.607392430305481,0.5537376999855042,-0.0840796083211898,-0.2445906698703766,-0.4322441220283508,-0.6084950566291809,-0.3718946576118469,-1.000757336616516,落ちこぼれの俺らが100億円稼ぐチャンスなんて,落ちこぼれの俺らが100億円稼ぐチャンスなんて,落ちこぼれの俺らが100億円稼ぐチャンスなんて,落ちこぼれの俺らが100億円稼ぐチャンスなんて,落ちこぼれの俺らが100億円稼ぐチャンスなんて,落ちこぼれの俺らが100億円稼ぐチャンスなんて,落ちこぼれの俺らが100億円稼ぐチャンスなんて,落ちこぼれの俺らが100億円稼ぐチャンスなんて,落ちこぼれの俺らが100億円稼ぐチャンスなんて,落ちこぼれの俺らが100億円稼ぐチャンスなんて,落ちこぼれの俺らが100億円稼ぐチャンスなんて,落ちこぼれの俺らが100億円稼ぐチャンスなんて
189,12:38.7,0.3729785680770874,0.4588300585746765,0.107604444026947,0.4790928363800049,0.3504303693771362,0.1414623409509658,-1.0058751106262207,-0.97709721326828,-1.2715686559677124,-1.0443007946014404,-1.5248199701309204,-0.9029757380485536,この先　一生回ってこねえぞ,この先　一生回ってこねえぞ,この先　一生回ってこねえぞ,この先　一生回ってこねえぞ,この先　一生回ってこねえぞ,この先　一生回ってこねえぞ,この先　一生回ってこねえぞ,この先　一生回ってこねえぞ,この先　一生回ってこねえぞ,この先　一生回ってこねえぞ,この先　一生回ってこねえぞ,この先　一生回ってこねえぞ
190,12:41.9,0.7935070991516113,0.6187773942947388,0.5214295983314514,0.7523587942123413,0.7739903926849365,0.574741780757904,0.1458958238363266,-0.2405382394790649,-0.5004824995994568,0.117947518825531,-0.5581517815589905,-0.604882538318634,抜け出すんだよ　このクソみてえな状況から,抜け出すんだよ　このクソみてえな状況から,抜け出すんだよ　このクソみてえな状況から,抜け出すんだよ　このクソみてえな状況から,抜け出すんだよ　このクソみてえな状況から,抜け出すんだよ　このクソみてえな状況から,抜け出すんだよ　このクソみてえな状況から,抜け出すんだよ　このクソみてえな状況から,抜け出すんだよ　このクソみてえな状況から,抜け出すんだよ　このクソみてえな状況から,抜け出すんだよ　このクソみてえな状況から,抜け出すんだよ　このクソみてえな状況から
191,12:46.4,0.4717325866222381,0.5149388909339905,0.4654912948608398,0.6758775115013123,0.4019915461540222,0.5066413283348083,0.0572635494172573,-0.3588652014732361,0.0697326362133026,0.0145874582231044,-0.0430647246539592,-1.0184532403945925,たとえ　どんな手を使ってもな,たとえ　どんな手を使ってもな,たとえ　どんな手を使ってもな,たとえ　どんな手を使ってもな,たとえ　どんな手を使ってもな,たとえ　どんな手を使ってもな,たとえ　どんな手を使ってもな,たとえ　どんな手を使ってもな,たとえ　どんな手を使ってもな,たとえ　どんな手を使ってもな,たとえ　どんな手を使ってもな,たとえ　どんな手を使ってもな
192,12:51.0,0.5946168899536133,0.4976099729537964,0.5682809948921204,0.6681609153747559,0.6069417595863342,0.6136499643325806,-0.474186360836029,-0.574083149433136,-0.4270059466361999,-0.6421850323677063,-0.9497337937355042,-1.0543975830078125,しくじんなよ　渚君,しくじんなよ　渚君,しくじんなよ　渚君,しくじんなよ　渚君,しくじんなよ　渚君,しくじんなよ　渚君,しくじんなよ　渚君,しくじんなよ　渚君,しくじんなよ　渚君,しくじんなよ　渚君,しくじんなよ　渚君,しくじんなよ　渚君
193,12:54.7,0.323807418346405,0.4172884523868561,0.3466229736804962,0.4054470062255859,0.3566115200519562,0.2838453352451324,-0.2822439074516296,-0.3452880680561065,-0.2414285838603973,-0.4533342719078064,-0.2813777029514313,-0.7119651436805725,渚のやつ　E組行きだってよ,渚のやつ　E組行きだってよ,渚のやつ　E組行きだってよ,渚のやつ　E組行きだってよ,渚のやつ　E組行きだってよ,渚のやつ　E組行きだってよ,渚のやつ　E組行きだってよ,渚のやつ　E組行きだってよ,渚のやつ　E組行きだってよ,渚のやつ　E組行きだってよ,渚のやつ　E組行きだってよ,渚のやつ　E組行きだってよ
194,12:58.9,0.6281476020812988,0.6955195069313049,0.6955195069313049,0.6192710399627686,0.7025865912437439,0.5292463898658752,-0.3952298760414123,-0.173666164278984,-0.173666164278984,-0.342092365026474,0.1215541660785675,-0.5911744236946106,終わったな　あいつ,終わったな　あいつ,終わったな　あいつ,終わったな　あいつ,終わったな　あいつ,終わったな　あいつ,終わったな　あいつ,終わったな　あいつ,終わったな　あいつ,終わったな　あいつ,終わったな　あいつ,終わったな　あいつ
195,13:01.2,0.8324892520904541,0.7971506118774414,0.8297299742698669,0.7561310529708862,0.7484050393104553,0.7484050393104553,-0.2442988753318786,-0.0043572597205638,0.0879387855529785,-0.2624729871749878,0.2115432918071746,0.2115432918071746,俺　あいつのアドレス消すわ,俺　あいつのアドレス消すわ,俺　あいつのアドレス消すわ,俺　あいつのアドレス消すわ,俺　あいつのアドレス消すわ,俺　あいつのアドレス消すわ,俺　あいつのアドレス消すわ,俺　あいつのアドレス消すわ,俺　あいつのアドレス消すわ,俺　あいつのアドレス消すわ,俺　あいつのアドレス消すわ,俺　あいつのアドレス消すわ
196,13:03.5,0.8909976482391357,0.6014861464500427,0.8866425156593323,0.9518156051635742,0.4625732898712158,0.8708263039588928,0.5652040839195251,-0.0107117258012294,0.5225610136985779,0.656790018081665,-0.0563323907554149,0.0557788796722888,俺も,俺も,俺も,俺も,俺も,俺も,俺も,俺も,俺も,俺も,俺も,俺も
197,13:04.4,0.7835433483123779,0.600770115852356,0.7075836658477783,0.6064738035202026,0.1525932550430297,0.858558714389801,-0.1400929391384124,0.0378092937171459,0.178044319152832,0.1161349266767501,-0.4416587650775909,0.3111476302146911,同じレベルだと思われたくないし,同じレベルだと思われたくないし,同じレベルだと思われたくないし,同じレベルだと思われたくないし,同じレベルだと思われたくないし,同じレベルだと思われたくないし,同じレベルだと思われたくないし,同じレベルだと思われたくないし,同じレベルだと思われたくないし,同じレベルだと思われたくないし,同じレベルだと思われたくないし,同じレベルだと思われたくないし
198,13:15.9,0.725714385509491,0.6995731592178345,0.6995731592178345,0.8632653951644897,0.7609232068061829,0.805924654006958,-0.2786557972431183,-0.2271670699119568,-0.2271670699119568,0.2498422116041183,0.3748207986354828,0.3165700137615204,ただ今　帰りました,ただ今　帰りました,ただ今　帰りました,ただ今　帰りました,ただ今　帰りました,ただ今　帰りました,ただ今　帰りました,ただ今　帰りました,ただ今　帰りました,ただ今　帰りました,ただ今　帰りました,ただ今　帰りました
199,13:17.4,0.5219690203666687,0.6807346940040588,0.6807346940040588,0.7291156649589539,0.6128674745559692,0.783194899559021,0.3498786389827728,0.145492598414421,0.145492598414421,0.0061771012842655,0.0310898013412952,0.2834210097789764,お…　おかえり　先生,お…　おかえり　先生,お…　おかえり　先生,お…　おかえり　先生,お…　おかえり　先生,お…　おかえり　先生,お…　おかえり　先生,お…　おかえり　先生,お…　おかえり　先生,お…　おかえり　先生,お…　おかえり　先生,お…　おかえり　先生
200,13:20.1,0.9553725123405457,0.9524515867233276,0.9524515867233276,0.669680655002594,0.6835481524467468,0.6271912455558777,0.2289161831140518,0.2249636352062225,0.2249636352062225,-0.203618124127388,0.5808144211769104,-0.1420369297266006,どうしたの　そのミサイル,どうしたの　そのミサイル,どうしたの　そのミサイル,どうしたの　そのミサイル,どうしたの　そのミサイル,どうしたの　そのミサイル,どうしたの　そのミサイル,どうしたの　そのミサイル,どうしたの　そのミサイル,どうしたの　そのミサイル,どうしたの　そのミサイル,どうしたの　そのミサイル
201,13:22.2,0.8680810332298279,0.8431152105331421,0.8431152105331421,0.8804739117622375,0.8205704092979431,0.3485122919082641,-0.1108006238937377,0.0630419105291366,0.0630419105291366,0.0566246472299099,0.2514073252677917,-0.1862498968839645,お土産です,お土産です,お土産です,お土産です,お土産です,お土産です,お土産です,お土産です,お土産です,お土産です,お土産です,お土産です
202,13:23.4,0.8455408811569214,0.7991006374359131,0.8727765679359436,0.8738968968391418,0.8939401507377625,0.7674562931060791,-0.0393254347145557,-0.1475656628608703,-0.0209435410797595,-0.1483244150876999,0.1132469028234481,-0.6355178952217102,日本海で　自衛隊に待ち伏せされまして,日本海で　自衛隊に待ち伏せされまして,日本海で　自衛隊に待ち伏せされまして,日本海で　自衛隊に待ち伏せされまして,日本海で　自衛隊に待ち伏せされまして,日本海で　自衛隊に待ち伏せされまして,日本海で　自衛隊に待ち伏せされまして,日本海で　自衛隊に待ち伏せされまして,日本海で　自衛隊に待ち伏せされまして,日本海で　自衛隊に待ち伏せされまして,日本海で　自衛隊に待ち伏せされまして,日本海で　自衛隊に待ち伏せされまして
203,13:26.5,0.5947976112365723,0.3683324158191681,0.6738372445106506,0.7385036945343018,0.4327563643455505,0.5629948973655701,-0.626804530620575,-0.2819231748580932,-0.396703690290451,-0.6708479523658752,-0.5047613978385925,-0.688514769077301,た…　大変ですね　ターゲットだと,た…　大変ですね　ターゲットだと,た…　大変ですね　ターゲットだと,た…　大変ですね　ターゲットだと,た…　大変ですね　ターゲットだと,た…　大変ですね　ターゲットだと,た…　大変ですね　ターゲットだと,た…　大変ですね　ターゲットだと,た…　大変ですね　ターゲットだと,た…　大変ですね　ターゲットだと,た…　大変ですね　ターゲットだと,た…　大変ですね　ターゲットだと
204,13:29.4,0.8313838839530945,0.6343586444854736,0.6442877650260925,0.6876304149627686,0.662969172000885,0.6609209179878235,-0.0655292719602584,-0.2824944257736206,-0.3029277324676513,-0.2142194211483001,0.0648146122694015,0.0071584694087505,いえいえ　皆から狙われるのは力を持つ者の証しですから,いえいえ　皆から狙われるのは力を持つ者の証しですから,いえいえ　皆から狙われるのは力を持つ者の証しですから,いえいえ　皆から狙われるのは力を持つ者の証しですから,いえいえ　皆から狙われるのは力を持つ者の証しですから,いえいえ　皆から狙われるのは力を持つ者の証しですから,いえいえ　皆から狙われるのは力を持つ者の証しですから,いえいえ　皆から狙われるのは力を持つ者の証しですから,いえいえ　皆から狙われるのは力を持つ者の証しですから,いえいえ　皆から狙われるのは力を持つ者の証しですから,いえいえ　皆から狙われるのは力を持つ者の証しですから,いえいえ　皆から狙われるのは力を持つ者の証しですから
205,13:34.8,0.6734402179718018,0.5575822591781616,0.6634616851806641,0.9093181490898132,0.6674684882164001,0.7515023946762085,0.1248646527528762,-0.0454412437975406,0.1784093081951141,-0.0259609930217266,0.1615257263183593,0.1766321063041687,さっ　5時間目を始めますよ,さっ　5時間目を始めますよ,さっ　5時間目を始めますよ,さっ　5時間目を始めますよ,さっ　5時間目を始めますよ,さっ　5時間目を始めますよ,さっ　5時間目を始めますよ,さっ　5時間目を始めますよ,さっ　5時間目を始めますよ,さっ　5時間目を始めますよ,さっ　5時間目を始めますよ,さっ　5時間目を始めますよ
206,13:41.9,0.920177400112152,0.8588216304779053,0.8588216304779053,0.9837301969528198,0.986924171447754,0.9837301969528198,0.5176655054092407,0.3573550283908844,0.3573550283908844,0.5430670976638794,0.1566400527954101,0.5430671572685242,はい,はい,はい,はい,はい,はい,はい,はい,はい,はい,はい,はい
207,13:43.9,0.4841922223567962,0.5709109902381897,0.5709109902381897,0.8380324840545654,0.8481171727180481,0.4274239540100097,-0.1636690646409988,-0.1659156084060669,-0.1659156084060669,0.3273343741893768,0.1053417325019836,0.22967030107975,先生には　分からないよね,先生には　分からないよね,先生には　分からないよね,先生には　分からないよね,先生には　分からないよね,先生には　分からないよね,先生には　分からないよね,先生には　分からないよね,先生には　分からないよね,先生には　分からないよね,先生には　分からないよね,先生には　分からないよね
208,13:46.6,0.8523340225219727,0.8563591837882996,0.8563591837882996,0.8503888845443726,0.856789767742157,0.7907437682151794,-0.0791301727294921,-0.4105366766452789,-0.4105366766452789,-0.1383839398622512,-0.5056403875350952,-0.3809191286563873,みんなから　暗殺のターゲットにされるってことは,みんなから　暗殺のターゲットにされるってことは,みんなから　暗殺のターゲットにされるってことは,みんなから　暗殺のターゲットにされるってことは,みんなから　暗殺のターゲットにされるってことは,みんなから　暗殺のターゲットにされるってことは,みんなから　暗殺のターゲットにされるってことは,みんなから　暗殺のターゲットにされるってことは,みんなから　暗殺のターゲットにされるってことは,みんなから　暗殺のターゲットにされるってことは,みんなから　暗殺のターゲットにされるってことは,みんなから　暗殺のターゲットにされるってことは
209,13:49.9,0.7254488468170166,0.7201846241950989,0.7201846241950989,0.7640363574028015,0.6731960773468018,0.6900795698165894,0.0371062792837619,0.1774947643280029,0.1774947643280029,-0.0093540288507938,-0.0991220623254776,-0.4174005091190338,裏を返せば　みんなに力を認められているってことだ,裏を返せば　みんなに力を認められているってことだ,裏を返せば　みんなに力を認められているってことだ,裏を返せば　みんなに力を認められているってことだ,裏を返せば　みんなに力を認められているってことだ,裏を返せば　みんなに力を認められているってことだ,裏を返せば　みんなに力を認められているってことだ,裏を返せば　みんなに力を認められているってことだ,裏を返せば　みんなに力を認められているってことだ,裏を返せば　みんなに力を認められているってことだ,裏を返せば　みんなに力を認められているってことだ,裏を返せば　みんなに力を認められているってことだ
210,13:55.1,0.549100935459137,0.6623784899711609,0.6623784899711609,0.7428954243659973,0.6496198773384094,0.6760227084159851,-0.2655692994594574,-0.3048415780067444,-0.3048415780067444,-0.5424450635910034,-0.1533413231372833,-0.6799795031547546,分からないよね　そんな怪物に,分からないよね　そんな怪物に,分からないよね　そんな怪物に,分からないよね　そんな怪物に,分からないよね　そんな怪物に,分からないよね　そんな怪物に,分からないよね　そんな怪物に,分からないよね　そんな怪物に,分からないよね　そんな怪物に,分からないよね　そんな怪物に,分からないよね　そんな怪物に,分からないよね　そんな怪物に
211,13:58.3,0.7654649019241333,0.5552619695663452,0.6983828544616699,0.7871180176734924,0.6699825525283813,0.6048843860626221,-0.125158742070198,-0.3476708233356476,-0.4100911319255829,-0.3325314521789551,-0.7532169222831726,-0.3194796442985534,期待も警戒もされなくなった　認識さえされない人間の気持ちなんて…,期待も警戒もされなくなった　認識さえされない人間の気持ちなんて…,期待も警戒もされなくなった　認識さえされない人間の気持ちなんて…,期待も警戒もされなくなった　認識さえされない人間の気持ちなんて…,期待も警戒もされなくなった　認識さえされない人間の気持ちなんて…,期待も警戒もされなくなった　認識さえされない人間の気持ちなんて…,期待も警戒もされなくなった　認識さえされない人間の気持ちなんて…,期待も警戒もされなくなった　認識さえされない人間の気持ちなんて…,期待も警戒もされなくなった　認識さえされない人間の気持ちなんて…,期待も警戒もされなくなった　認識さえされない人間の気持ちなんて…,期待も警戒もされなくなった　認識さえされない人間の気持ちなんて…,期待も警戒もされなくなった　認識さえされない人間の気持ちなんて…
212,14:06.5,0.7187014818191528,0.4245113134384155,0.4179052412509918,0.7201763391494751,0.5710554122924805,0.502866804599762,0.1729335784912109,-0.7249782681465149,-0.5347376465797424,0.2813414931297302,-0.7595669031143188,-0.2103176712989807,お前のおかげで　俺の評価まで　落とされたよ,お前のおかげで　俺の評価まで　落とされたよ,お前のおかげで　俺の評価まで　落とされたよ,お前のおかげで　俺の評価まで　落とされたよ,お前のおかげで　俺の評価まで　落とされたよ,お前のおかげで　俺の評価まで　落とされたよ,お前のおかげで　俺の評価まで　落とされたよ,お前のおかげで　俺の評価まで　落とされたよ,お前のおかげで　俺の評価まで　落とされたよ,お前のおかげで　俺の評価まで　落とされたよ,お前のおかげで　俺の評価まで　落とされたよ,お前のおかげで　俺の評価まで　落とされたよ
213,14:10.3,0.7169492840766907,0.6285057067871094,0.7936232089996338,0.793384850025177,0.6660104990005493,0.7971603870391846,-0.1736879050731659,-0.0707313120365142,-0.0447080396115779,-0.0165878795087337,0.1959058791399002,-0.0972517728805542,唯一　よかったのは　もうお前を見ずに済むことだ,唯一　よかったのは　もうお前を見ずに済むことだ,唯一　よかったのは　もうお前を見ずに済むことだ,唯一　よかったのは　もうお前を見ずに済むことだ,唯一　よかったのは　もうお前を見ずに済むことだ,唯一　よかったのは　もうお前を見ずに済むことだ,唯一　よかったのは　もうお前を見ずに済むことだ,唯一　よかったのは　もうお前を見ずに済むことだ,唯一　よかったのは　もうお前を見ずに済むことだ,唯一　よかったのは　もうお前を見ずに済むことだ,唯一　よかったのは　もうお前を見ずに済むことだ,唯一　よかったのは　もうお前を見ずに済むことだ
214,14:19.6,0.8377083539962769,0.8254801034927368,0.8254801034927368,0.92795991897583,0.9141688346862792,0.9135002493858336,-0.1635541468858719,-0.4004856050014496,-0.4004856050014496,-0.1699408292770385,-0.1758197546005249,-0.0989502966403961,殺せるかもしれない,殺せるかもしれない,殺せるかもしれない,殺せるかもしれない,殺せるかもしれない,殺せるかもしれない,殺せるかもしれない,殺せるかもしれない,殺せるかもしれない,殺せるかもしれない,殺せるかもしれない,殺せるかもしれない
215,14:21.6,0.8487291932106018,0.8687024116516113,0.8480948805809021,0.8432797193527222,0.596672773361206,0.8030047416687012,-0.2333478033542633,-0.2365398108959198,-0.2282925248146057,-0.3065156638622284,-0.7034686803817749,-0.3052904903888702,だって　この先生にも僕の姿は　見えてないから,だって　この先生にも僕の姿は　見えてないから,だって　この先生にも僕の姿は　見えてないから,だって　この先生にも僕の姿は　見えてないから,だって　この先生にも僕の姿は　見えてないから,だって　この先生にも僕の姿は　見えてないから,だって　この先生にも僕の姿は　見えてないから,だって　この先生にも僕の姿は　見えてないから,だって　この先生にも僕の姿は　見えてないから,だって　この先生にも僕の姿は　見えてないから,だって　この先生にも僕の姿は　見えてないから,だって　この先生にも僕の姿は　見えてないから
216,14:36.5,0.6536574959754944,0.7613363265991211,0.4779112339019775,0.5871747136116028,0.7749987244606018,0.699750542640686,0.2873211801052093,0.4943290054798126,-0.7540813684463501,0.0771498531103134,0.4163388907909393,0.3797349035739898,はい　それでは　お題に沿って短歌を作ってみましょう,はい　それでは　お題に沿って短歌を作ってみましょう,はい　それでは　お題に沿って短歌を作ってみましょう,はい　それでは　お題に沿って短歌を作ってみましょう,はい　それでは　お題に沿って短歌を作ってみましょう,はい　それでは　お題に沿って短歌を作ってみましょう,はい　それでは　お題に沿って短歌を作ってみましょう,はい　それでは　お題に沿って短歌を作ってみましょう,はい　それでは　お題に沿って短歌を作ってみましょう,はい　それでは　お題に沿って短歌を作ってみましょう,はい　それでは　お題に沿って短歌を作ってみましょう,はい　それでは　お題に沿って短歌を作ってみましょう
217,14:41.6,0.5160893201828003,0.3653015196323395,0.3677910268306732,0.598569929599762,0.3697719573974609,0.4253130853176117,-0.630940854549408,-0.7085258364677429,-0.7366330027580261,-0.6667863726615906,-1.016512751579285,-0.50666344165802,ラスト７文字を「触手なりけり」で締めてください,ラスト７文字を「触手なりけり」で締めてください,ラスト７文字を「触手なりけり」で締めてください,ラスト７文字を「触手なりけり」で締めてください,ラスト７文字を「触手なりけり」で締めてください,ラスト７文字を「触手なりけり」で締めてください,ラスト７文字を「触手なりけり」で締めてください,ラスト７文字を「触手なりけり」で締めてください,ラスト７文字を「触手なりけり」で締めてください,ラスト７文字を「触手なりけり」で締めてください,ラスト７文字を「触手なりけり」で締めてください,ラスト７文字を「触手なりけり」で締めてください
218,14:46.6,0.5461896657943726,0.523398756980896,0.4624941945075989,0.9687780737876892,0.6136952042579651,0.5741868615150452,-0.7138289213180542,-0.7933090329170227,-0.8615161180496216,0.1877865940332412,-0.6325830817222595,-0.4130103886127472,「触手なりけり」ですか,「触手なりけり」ですか,「触手なりけり」ですか,「触手なりけり」ですか,「触手なりけり」ですか,「触手なりけり」ですか,「触手なりけり」ですか,「触手なりけり」ですか,「触手なりけり」ですか,「触手なりけり」ですか,「触手なりけり」ですか,「触手なりけり」ですか
219,14:48.9,0.3972094655036926,0.522435188293457,0.522435188293457,0.8951457142829895,0.5295721292495728,0.5302543640136719,-0.1315999925136566,-0.0037851221859455,-0.0037851221859455,-0.6883664727210999,-0.0187809057533741,-0.0290239565074443,はい　書けた人は先生の所へ持ってきなさい,はい　書けた人は先生の所へ持ってきなさい,はい　書けた人は先生の所へ持ってきなさい,はい　書けた人は先生の所へ持ってきなさい,はい　書けた人は先生の所へ持ってきなさい,はい　書けた人は先生の所へ持ってきなさい,はい　書けた人は先生の所へ持ってきなさい,はい　書けた人は先生の所へ持ってきなさい,はい　書けた人は先生の所へ持ってきなさい,はい　書けた人は先生の所へ持ってきなさい,はい　書けた人は先生の所へ持ってきなさい,はい　書けた人は先生の所へ持ってきなさい
220,14:52.7,0.6814302206039429,0.6241646409034729,0.6214730739593506,0.7634854316711426,0.7262910604476929,0.6587640047073364,0.1964587271213531,0.0722492784261703,-0.0029003508388996,-0.0150435157120227,-0.0437947027385234,-0.1169844269752502,チェックするのは　文法の正しさと触手を美しく表現できたか,チェックするのは　文法の正しさと触手を美しく表現できたか,チェックするのは　文法の正しさと触手を美しく表現できたか,チェックするのは　文法の正しさと触手を美しく表現できたか,チェックするのは　文法の正しさと触手を美しく表現できたか,チェックするのは　文法の正しさと触手を美しく表現できたか,チェックするのは　文法の正しさと触手を美しく表現できたか,チェックするのは　文法の正しさと触手を美しく表現できたか,チェックするのは　文法の正しさと触手を美しく表現できたか,チェックするのは　文法の正しさと触手を美しく表現できたか,チェックするのは　文法の正しさと触手を美しく表現できたか,チェックするのは　文法の正しさと触手を美しく表現できたか
221,14:58.2,0.680098295211792,0.6834293007850647,0.6834293007850647,0.3102092742919922,0.7020761966705322,0.7033606767654419,0.4582975804805755,0.4750237762928009,0.4750237762928009,0.7307385206222534,0.6205206513404846,0.4800337553024292,例文です,例文です,例文です,例文です,例文です,例文です,例文です,例文です,例文です,例文です,例文です,例文です
222,14:59.8,0.7350513935089111,0.7486275434494019,0.7685596942901611,0.9181472063064576,0.6663341522216797,0.7470865249633789,-1.1795152425765991,-1.0835167169570925,-0.9730034470558168,-1.25304114818573,-1.035639405250549,-1.0588679313659668,花さそふ　嵐の庭の雪ならではえゆくものは触手なりけり,花さそふ　嵐の庭の雪ならではえゆくものは触手なりけり,花さそふ　嵐の庭の雪ならではえゆくものは触手なりけり,花さそふ　嵐の庭の雪ならではえゆくものは触手なりけり,花さそふ　嵐の庭の雪ならではえゆくものは触手なりけり,花さそふ　嵐の庭の雪ならではえゆくものは触手なりけり,花さそふ　嵐の庭の雪ならではえゆくものは触手なりけり,花さそふ　嵐の庭の雪ならではえゆくものは触手なりけり,花さそふ　嵐の庭の雪ならではえゆくものは触手なりけり,花さそふ　嵐の庭の雪ならではえゆくものは触手なりけり,花さそふ　嵐の庭の雪ならではえゆくものは触手なりけり,花さそふ　嵐の庭の雪ならではえゆくものは触手なりけり
223,15:08.2,0.7094255685806274,0.4933354258537292,0.6097190380096436,0.8701780438423157,0.471885085105896,0.3074111342430115,-0.3678656816482544,-0.674950361251831,-0.3965733349323272,-0.0897432416677475,-0.5604119896888733,-0.5894402861595154,「触手だったのだなぁ」って…,「触手だったのだなぁ」って…,「触手だったのだなぁ」って…,「触手だったのだなぁ」って…,「触手だったのだなぁ」って…,「触手だったのだなぁ」って…,「触手だったのだなぁ」って…,「触手だったのだなぁ」って…,「触手だったのだなぁ」って…,「触手だったのだなぁ」って…,「触手だったのだなぁ」って…,「触手だったのだなぁ」って…
224,15:10.5,0.71326744556427,0.6670984029769897,0.6670984029769897,0.7599602341651917,0.79348224401474,0.7002320885658264,-0.2156861126422882,-0.0994812250137329,-0.0994812250137329,-0.2837809026241302,-0.0350745432078838,-0.151109516620636,できた者から　今日は　帰ってよし,できた者から　今日は　帰ってよし,できた者から　今日は　帰ってよし,できた者から　今日は　帰ってよし,できた者から　今日は　帰ってよし,できた者から　今日は　帰ってよし,できた者から　今日は　帰ってよし,できた者から　今日は　帰ってよし,できた者から　今日は　帰ってよし,できた者から　今日は　帰ってよし,できた者から　今日は　帰ってよし,できた者から　今日は　帰ってよし
225,15:13.3,0.7000983357429504,0.4115576446056366,0.4115576148033142,0.7897377610206604,0.3963516056537628,0.391165167093277,-0.3417651951313019,-0.8870934844017029,-0.8870934844017029,-0.2238922417163849,-0.7675618529319763,-0.8145522475242615,そんなの思い付かないよ,そんなの思い付かないよ,そんなの思い付かないよ,そんなの思い付かないよ,そんなの思い付かないよ,そんなの思い付かないよ,そんなの思い付かないよ,そんなの思い付かないよ,そんなの思い付かないよ,そんなの思い付かないよ,そんなの思い付かないよ,そんなの思い付かないよ
226,15:15.3,0.5263630747795105,0.6043466925621033,0.6101272106170654,0.6892184615135193,0.7302207946777344,0.5226008296012878,-0.5189918875694275,-0.2610174417495727,-0.2176071554422378,-0.1550039649009704,-0.1713629812002182,-0.2421171963214874,ほーら　ほら　ヌルヌル　素晴らしい句が湧いてきませんか,ほーら　ほら　ヌルヌル　素晴らしい句が湧いてきませんか,ほーら　ほら　ヌルヌル　素晴らしい句が湧いてきませんか,ほーら　ほら　ヌルヌル　素晴らしい句が湧いてきませんか,ほーら　ほら　ヌルヌル　素晴らしい句が湧いてきませんか,ほーら　ほら　ヌルヌル　素晴らしい句が湧いてきませんか,ほーら　ほら　ヌルヌル　素晴らしい句が湧いてきませんか,ほーら　ほら　ヌルヌル　素晴らしい句が湧いてきませんか,ほーら　ほら　ヌルヌル　素晴らしい句が湧いてきませんか,ほーら　ほら　ヌルヌル　素晴らしい句が湧いてきませんか,ほーら　ほら　ヌルヌル　素晴らしい句が湧いてきませんか,ほーら　ほら　ヌルヌル　素晴らしい句が湧いてきませんか
227,15:19.3,0.6467269062995911,0.5669028759002686,0.5669028759002686,0.8136369585990906,0.8235125541687012,0.7424468994140625,-0.6279476881027222,-1.1188856363296509,-1.1188857555389404,-0.5953927636146545,-0.5876986384391785,-0.8492177128791809,ヌルヌルヌルヌルヌルヌル…,ヌルヌルヌルヌルヌルヌル…,ヌルヌルヌルヌルヌルヌル…,ヌルヌルヌルヌルヌルヌル…,ヌルヌルヌルヌルヌルヌル…,ヌルヌルヌルヌルヌルヌル…,ヌルヌルヌルヌルヌルヌル…,ヌルヌルヌルヌルヌルヌル…,ヌルヌルヌルヌルヌルヌル…,ヌルヌルヌルヌルヌルヌル…,ヌルヌルヌルヌルヌルヌル…,ヌルヌルヌルヌルヌルヌル…
228,15:21.9,0.5400314927101135,0.5694873929023743,0.5621344447135925,0.7670032382011414,0.6039202213287354,0.6561369895935059,-0.6254071593284607,-0.4618198573589325,-0.5738559365272522,-0.418831318616867,-0.2346574664115905,-0.1977457106113433,ヌルヌル　うるせえよ,ヌルヌル　うるせえよ,ヌルヌル　うるせえよ,ヌルヌル　うるせえよ,ヌルヌル　うるせえよ,ヌルヌル　うるせえよ,ヌルヌル　うるせえよ,ヌルヌル　うるせえよ,ヌルヌル　うるせえよ,ヌルヌル　うるせえよ,ヌルヌル　うるせえよ,ヌルヌル　うるせえよ
229,15:23.5,0.6167230010032654,0.3529166579246521,0.3529166579246521,0.7577651739120483,0.4394373297691345,0.7280271053314209,0.0677137672901153,0.2757114768028259,0.2757114768028259,0.4340441524982452,0.5390089154243469,0.4671060442924499,先生　質問,先生　質問,先生　質問,先生　質問,先生　質問,先生　質問,先生　質問,先生　質問,先生　質問,先生　質問,先生　質問,先生　質問
230,15:26.1,0.474574327468872,0.4709908962249756,0.5769150257110596,0.5567383170127869,0.6028061509132385,0.6547334790229797,-0.3538677394390106,0.027371559292078,-0.1307798773050308,-0.1384907513856887,0.099776804447174,-0.3158371150493622,何ですか　茅野さん,何ですか　茅野さん,何ですか　茅野さん,何ですか　茅野さん,何ですか　茅野さん,何ですか　茅野さん,何ですか　茅野さん,何ですか　茅野さん,何ですか　茅野さん,何ですか　茅野さん,何ですか　茅野さん,何ですか　茅野さん
231,15:28.1,0.5191965103149414,0.5549418330192566,0.5626753568649292,0.8371075391769409,0.6728944778442383,0.5907464027404785,-0.0786399543285369,-0.138371005654335,0.0304689817130565,-0.3130841553211212,0.0755121111869812,-0.0362464450299739,いまさらなんだけどさ　先生の名前　何ていうの,いまさらなんだけどさ　先生の名前　何ていうの,いまさらなんだけどさ　先生の名前　何ていうの,いまさらなんだけどさ　先生の名前　何ていうの,いまさらなんだけどさ　先生の名前　何ていうの,いまさらなんだけどさ　先生の名前　何ていうの,いまさらなんだけどさ　先生の名前　何ていうの,いまさらなんだけどさ　先生の名前　何ていうの,いまさらなんだけどさ　先生の名前　何ていうの,いまさらなんだけどさ　先生の名前　何ていうの,いまさらなんだけどさ　先生の名前　何ていうの,いまさらなんだけどさ　先生の名前　何ていうの
232,15:32.9,0.9193780422210692,0.3786071538925171,0.6578856110572815,0.8576712012290955,0.7299249172210693,0.1889272779226303,0.1743832230567932,-0.5663430094718933,-0.4111582338809967,0.061176661401987,-0.3928155601024627,-0.6259250640869141,他の先生と区別するとき不便だよ,他の先生と区別するとき不便だよ,他の先生と区別するとき不便だよ,他の先生と区別するとき不便だよ,他の先生と区別するとき不便だよ,他の先生と区別するとき不便だよ,他の先生と区別するとき不便だよ,他の先生と区別するとき不便だよ,他の先生と区別するとき不便だよ,他の先生と区別するとき不便だよ,他の先生と区別するとき不便だよ,他の先生と区別するとき不便だよ
233,15:35.8,0.8623284101486206,0.7729741930961609,0.7729741930961609,0.8916168808937073,0.8656001687049866,0.6811826229095459,0.1308545023202896,0.2347359657287597,0.2347359657287597,0.2594205737113952,0.3352680802345276,0.4182302951812744,名前…　ですか,名前…　ですか,名前…　ですか,名前…　ですか,名前…　ですか,名前…　ですか,名前…　ですか,名前…　ですか,名前…　ですか,名前…　ですか,名前…　ですか,名前…　ですか
234,15:38.0,0.5658853054046631,0.5658853054046631,0.5658853054046631,0.7798238396644592,0.7050948739051819,0.6317965388298035,0.1192325800657272,0.1192325800657272,0.1192327290773391,-0.1546646505594253,0.1395610719919204,0.1444834619760513,そういやぁ…,そういやぁ…,そういやぁ…,そういやぁ…,そういやぁ…,そういやぁ…,そういやぁ…,そういやぁ…,そういやぁ…,そういやぁ…,そういやぁ…,そういやぁ…
235,15:39.2,0.6225377917289734,0.3559854924678802,0.440090000629425,0.696727991104126,0.4740329682826996,0.459130048751831,-0.5792677402496338,-0.5093872547149658,-0.527654767036438,-0.6299522519111633,-0.6629059910774231,-0.3125951886177063,名乗ってないね,名乗ってないね,名乗ってないね,名乗ってないね,名乗ってないね,名乗ってないね,名乗ってないね,名乗ってないね,名乗ってないね,名乗ってないね,名乗ってないね,名乗ってないね
236,15:41.9,0.7583754062652588,0.790033757686615,0.790033757686615,0.8028901815414429,0.8214825391769409,0.8192178010940552,-0.1151797473430633,-0.4753250777721405,-0.4753250777721405,-0.0255117528140544,-0.411905974149704,-0.817467451095581,名乗るような名前はありませんねぇ,名乗るような名前はありませんねぇ,名乗るような名前はありませんねぇ,名乗るような名前はありませんねぇ,名乗るような名前はありませんねぇ,名乗るような名前はありませんねぇ,名乗るような名前はありませんねぇ,名乗るような名前はありませんねぇ,名乗るような名前はありませんねぇ,名乗るような名前はありませんねぇ,名乗るような名前はありませんねぇ,名乗るような名前はありませんねぇ
237,15:44.4,0.5951510667800903,0.6028972268104553,0.6028972268104553,0.7762548923492432,0.7305846214294434,0.4390974640846252,-0.5443562865257263,-0.2674385607242584,-0.2674385607242584,-0.2673069536685943,-0.5824183821678162,-0.5680738091468811,何なら　皆さんで　付けてください,何なら　皆さんで　付けてください,何なら　皆さんで　付けてください,何なら　皆さんで　付けてください,何なら　皆さんで　付けてください,何なら　皆さんで　付けてください,何なら　皆さんで　付けてください,何なら　皆さんで　付けてください,何なら　皆さんで　付けてください,何なら　皆さんで　付けてください,何なら　皆さんで　付けてください,何なら　皆さんで　付けてください
238,15:46.8,0.4328040480613708,0.4347544908523559,0.4347544908523559,0.3966769278049469,0.4181301891803741,0.4580571055412292,-0.9898341298103333,-0.4597083628177643,-0.4597083628177643,-0.4290432333946228,-0.4261782765388489,-0.5138524174690247,付けていいんだ,付けていいんだ,付けていいんだ,付けていいんだ,付けていいんだ,付けていいんだ,付けていいんだ,付けていいんだ,付けていいんだ,付けていいんだ,付けていいんだ,付けていいんだ
239,15:48.1,0.7736976146697998,0.6786348819732666,0.6786348819732666,0.8397549390792847,0.8470050692558289,0.7645575404167175,0.5538908839225769,0.5152841210365295,0.5152841210365295,0.5036719441413879,0.4599940776824951,0.4540941715240478,でも　今は　課題に集中ですよ,でも　今は　課題に集中ですよ,でも　今は　課題に集中ですよ,でも　今は　課題に集中ですよ,でも　今は　課題に集中ですよ,でも　今は　課題に集中ですよ,でも　今は　課題に集中ですよ,でも　今は　課題に集中ですよ,でも　今は　課題に集中ですよ,でも　今は　課題に集中ですよ,でも　今は　課題に集中ですよ,でも　今は　課題に集中ですよ
240,15:50.9,0.8787357807159424,0.6751063466072083,0.6734355092048645,0.8312838673591614,0.8205041885375977,0.8050344586372375,0.1979873478412628,0.3416777551174164,0.2468088865280151,0.1481557190418243,-0.1187843382358551,0.2563128173351288,はーい,はーい,はーい,はーい,はーい,はーい,はーい,はーい,はーい,はーい,はーい,はーい
241,15:52.3,0.5930901169776917,0.5945000052452087,0.5945000052452087,0.8844216465950012,0.5794579386711121,0.643326461315155,0.1051081717014312,0.2049963921308517,0.2049963921308517,0.281295508146286,0.186660349369049,0.2629513442516327,では　先生は　その間　一休みを,では　先生は　その間　一休みを,では　先生は　その間　一休みを,では　先生は　その間　一休みを,では　先生は　その間　一休みを,では　先生は　その間　一休みを,では　先生は　その間　一休みを,では　先生は　その間　一休みを,では　先生は　その間　一休みを,では　先生は　その間　一休みを,では　先生は　その間　一休みを,では　先生は　その間　一休みを
242,16:03.0,0.6725937128067017,0.5959506630897522,0.6248461008071899,0.7868824005126953,0.7612721920013428,0.7650611400604248,0.3834785521030426,0.0749472379684448,0.0826414823532104,0.432088702917099,-0.3037324547767639,0.3847014605998993,おっ　もうできましたか　渚君,おっ　もうできましたか　渚君,おっ　もうできましたか　渚君,おっ　もうできましたか　渚君,おっ　もうできましたか　渚君,おっ　もうできましたか　渚君,おっ　もうできましたか　渚君,おっ　もうできましたか　渚君,おっ　もうできましたか　渚君,おっ　もうできましたか　渚君,おっ　もうできましたか　渚君,おっ　もうできましたか　渚君
243,16:12.4,0.9154290556907654,0.920918881893158,0.920918881893158,0.9543542861938475,0.7529163360595703,0.8590130805969238,-0.0628866106271743,0.140766754746437,0.140766754746437,-0.300557941198349,-0.1992839276790619,-0.7028784155845642,昼食の後で　僕らが眠くなるころに,昼食の後で　僕らが眠くなるころに,昼食の後で　僕らが眠くなるころに,昼食の後で　僕らが眠くなるころに,昼食の後で　僕らが眠くなるころに,昼食の後で　僕らが眠くなるころに,昼食の後で　僕らが眠くなるころに,昼食の後で　僕らが眠くなるころに,昼食の後で　僕らが眠くなるころに,昼食の後で　僕らが眠くなるころに,昼食の後で　僕らが眠くなるころに,昼食の後で　僕らが眠くなるころに
244,16:15.2,0.6592782139778137,0.7024931907653809,0.7024931907653809,0.9364873766899108,0.7581660747528076,0.7506811022758484,0.1861342787742614,0.3717221617698669,0.3717221617698669,0.3056292235851288,0.1387692987918853,0.2852693498134613,先生の顔が薄いピンクになるときがある,先生の顔が薄いピンクになるときがある,先生の顔が薄いピンクになるときがある,先生の顔が薄いピンクになるときがある,先生の顔が薄いピンクになるときがある,先生の顔が薄いピンクになるときがある,先生の顔が薄いピンクになるときがある,先生の顔が薄いピンクになるときがある,先生の顔が薄いピンクになるときがある,先生の顔が薄いピンクになるときがある,先生の顔が薄いピンクになるときがある,先生の顔が薄いピンクになるときがある
245,16:19.5,0.7399634718894958,0.6638157367706299,0.6638157367706299,0.7618793249130249,0.5772128105163574,0.6852169036865234,0.3872632682323456,0.3993243873119354,0.3993243873119354,0.4392405152320862,0.2587785422801971,0.3729468882083893,茅野の質問への反応も少し遅れた,茅野の質問への反応も少し遅れた,茅野の質問への反応も少し遅れた,茅野の質問への反応も少し遅れた,茅野の質問への反応も少し遅れた,茅野の質問への反応も少し遅れた,茅野の質問への反応も少し遅れた,茅野の質問への反応も少し遅れた,茅野の質問への反応も少し遅れた,茅野の質問への反応も少し遅れた,茅野の質問への反応も少し遅れた,茅野の質問への反応も少し遅れた
246,16:22.8,0.3081030249595642,0.3045580387115478,0.3045580387115478,0.8440006971359253,0.1377608478069305,0.2831021249294281,-0.019667912274599,-0.0933124423027038,-0.0933124423027038,-0.1678426563739776,-0.8466349244117737,0.0155896432697772,たぶん　先生も一番　油断する時間なんだ,たぶん　先生も一番　油断する時間なんだ,たぶん　先生も一番　油断する時間なんだ,たぶん　先生も一番　油断する時間なんだ,たぶん　先生も一番　油断する時間なんだ,たぶん　先生も一番　油断する時間なんだ,たぶん　先生も一番　油断する時間なんだ,たぶん　先生も一番　油断する時間なんだ,たぶん　先生も一番　油断する時間なんだ,たぶん　先生も一番　油断する時間なんだ,たぶん　先生も一番　油断する時間なんだ,たぶん　先生も一番　油断する時間なんだ
247,16:29.4,0.7555317282676697,0.5849968791007996,0.574381947517395,0.7465984225273132,0.6794871687889099,0.6045059561729431,-0.2711898982524872,-0.4592629969120025,-0.4143998026847839,-0.8201579451560974,-0.6977245211601257,-0.4702571332454681,この進学校で　落ちこぼれた僕らは思う,この進学校で　落ちこぼれた僕らは思う,この進学校で　落ちこぼれた僕らは思う,この進学校で　落ちこぼれた僕らは思う,この進学校で　落ちこぼれた僕らは思う,この進学校で　落ちこぼれた僕らは思う,この進学校で　落ちこぼれた僕らは思う,この進学校で　落ちこぼれた僕らは思う,この進学校で　落ちこぼれた僕らは思う,この進学校で　落ちこぼれた僕らは思う,この進学校で　落ちこぼれた僕らは思う,この進学校で　落ちこぼれた僕らは思う
248,16:33.4,0.5385234355926514,0.6095563173294067,0.6264424920082092,0.5227129459381104,0.5214994549751282,0.5322491526603699,-0.1665343344211578,-0.2912088632583618,-0.3382713496685028,-0.2652790546417236,0.0079576633870601,-0.3103917837142944,どこかで見返さなきゃ,どこかで見返さなきゃ,どこかで見返さなきゃ,どこかで見返さなきゃ,どこかで見返さなきゃ,どこかで見返さなきゃ,どこかで見返さなきゃ,どこかで見返さなきゃ,どこかで見返さなきゃ,どこかで見返さなきゃ,どこかで見返さなきゃ,どこかで見返さなきゃ
249,16:35.4,0.8299250602722168,0.7206632494926453,0.8440038561820984,0.8801928758621216,0.5464546084403992,0.8563854694366455,-0.0486049093306064,0.0379006080329418,-0.2198186516761779,-0.094612717628479,-0.0730859637260437,0.0535294972360134,やればできると　親や　友達や　先生たちを,やればできると　親や　友達や　先生たちを,やればできると　親や　友達や　先生たちを,やればできると　親や　友達や　先生たちを,やればできると　親や　友達や　先生たちを,やればできると　親や　友達や　先生たちを,やればできると　親や　友達や　先生たちを,やればできると　親や　友達や　先生たちを,やればできると　親や　友達や　先生たちを,やればできると　親や　友達や　先生たちを,やればできると　親や　友達や　先生たちを,やればできると　親や　友達や　先生たちを
250,16:41.2,0.789568305015564,0.6485414505004883,0.7439140677452087,0.6702158451080322,0.7650554180145264,0.6513423919677734,-0.063316985964775,-0.0394929312169551,-0.0829633325338363,0.0317404903471469,-0.2371477782726287,0.1395500004291534,やればできると…,やればできると…,やればできると…,やればできると…,やればできると…,やればできると…,やればできると…,やればできると…,やればできると…,やればできると…,やればできると…,やればできると…
251,16:46.9,0.8144776225090027,0.6415964365005493,0.7455899119377136,0.7811049222946167,0.730821967124939,0.6531007885932922,0.0829353779554367,0.0134586133062839,0.1028155833482742,-0.0562207214534282,0.1041081547737121,0.1985752582550048,言ったでしょう もっと　工夫を…,言ったでしょう もっと　工夫を…,言ったでしょう もっと　工夫を…,言ったでしょう もっと　工夫を…,言ったでしょう もっと　工夫を…,言ったでしょう もっと　工夫を…,言ったでしょう もっと　工夫を…,言ったでしょう もっと　工夫を…,言ったでしょう もっと　工夫を…,言ったでしょう もっと　工夫を…,言ったでしょう もっと　工夫を…,言ったでしょう もっと　工夫を…
252,16:50.1,0.5099625587463379,0.5504395961761475,0.5504395961761475,0.5294188261032104,0.518184244632721,0.5179504156112671,0.0027474127709865,-0.0950924605131149,-0.0950924605131149,-0.0424557738006114,-0.32305708527565,0.2877542674541473,認めさせなきゃ…,認めさせなきゃ…,認めさせなきゃ…,認めさせなきゃ…,認めさせなきゃ…,認めさせなきゃ…,認めさせなきゃ…,認めさせなきゃ…,認めさせなきゃ…,認めさせなきゃ…,認めさせなきゃ…,認めさせなきゃ…
253,16:52.9,0.6344201564788818,0.5110604763031006,0.6341997385025024,0.8062372207641602,0.8325222730636597,0.6710167527198792,-0.0041822083294391,0.1323159337043762,0.0703788995742797,0.0732787996530532,0.068883329629898,-1.0625180006027222,どんな手を使っても…,どんな手を使っても…,どんな手を使っても…,どんな手を使っても…,どんな手を使っても…,どんな手を使っても…,どんな手を使っても…,どんな手を使っても…,どんな手を使っても…,どんな手を使っても…,どんな手を使っても…,どんな手を使っても…
254,17:02.6,0.8388223648071289,0.7788325548171997,0.6856186389923096,0.7583847045898438,0.844497561454773,0.6034635305404663,-0.0790826231241226,0.1290434151887893,0.2324435859918594,-0.0418604053556919,0.0972808897495269,0.2754705548286438,しゃーっ,しゃーっ,しゃーっ,しゃーっ,しゃーっ,しゃーっ,しゃーっ,しゃーっ,しゃーっ,しゃーっ,しゃーっ,しゃーっ
255,17:03.8,0.7773317694664001,0.6274900436401367,0.6274900436401367,0.7075183987617493,0.678813099861145,0.7831537127494812,-0.0129225961863994,0.0846675187349319,0.0846675187349319,0.1597734689712524,0.3064199984073639,-0.5751715302467346,やったぜー,やったぜー,やったぜー,やったぜー,やったぜー,やったぜー,やったぜー,やったぜー,やったぜー,やったぜー,やったぜー,やったぜー
256,17:04.9,0.5072774291038513,0.5228986740112305,0.504288911819458,0.6534575819969177,0.5897852182388306,0.3822242617607116,-0.0855523198843002,-0.2820045948028564,-0.4168660938739776,-0.1770557463169098,-0.0010652430355548,-0.5522741675376892,100億円いただき,100億円いただき,100億円いただき,100億円いただき,100億円いただき,100億円いただき,100億円いただき,100億円いただき,100億円いただき,100億円いただき,100億円いただき,100億円いただき
257,17:05.0,0.6878153681755066,0.6476225256919861,0.7426852583885193,0.6878153681755066,0.6706982851028442,0.6307165622711182,-0.0939174443483352,-0.3270452320575714,0.0341494865715503,-0.0939177274703979,-0.5043675303459167,-0.4349477589130401,渚,渚,渚,渚,渚,渚,渚,渚,渚,渚,渚,渚
258,17:07.3,0.4623040556907654,0.6474287509918213,0.6474287509918213,0.8150628209114075,0.7986373901367188,0.7556987404823303,-0.9092364311218262,-0.9606276154518129,-0.9606276154518129,-0.2956351339817047,-0.4286888241767883,-0.6120218634605408,ざまあみろ,ざまあみろ,ざまあみろ,ざまあみろ,ざまあみろ,ざまあみろ,ざまあみろ,ざまあみろ,ざまあみろ,ざまあみろ,ざまあみろ,ざまあみろ
259,17:08.4,0.69841468334198,0.6940606236457825,0.6940606832504272,0.7421762943267822,0.7597781419754028,0.2299272716045379,0.1318545639514923,0.0335683040320873,0.0335683040320873,0.2783640325069427,0.1490788757801056,-0.9823784232139589,寺坂　何やったんだ,寺坂　何やったんだ,寺坂　何やったんだ,寺坂　何やったんだ,寺坂　何やったんだ,寺坂　何やったんだ,寺坂　何やったんだ,寺坂　何やったんだ,寺坂　何やったんだ,寺坂　何やったんだ,寺坂　何やったんだ,寺坂　何やったんだ
260,17:10.9,0.7598265409469604,0.6941527128219604,0.6941527128219604,0.6933495998382568,0.6468220353126526,0.5323677062988281,-0.022145789116621,-0.183954656124115,-0.183954656124115,-0.3007708787918091,-0.2037779688835144,-0.3547987043857574,こいつも自爆テロは予想してなかったろ,こいつも自爆テロは予想してなかったろ,こいつも自爆テロは予想してなかったろ,こいつも自爆テロは予想してなかったろ,こいつも自爆テロは予想してなかったろ,こいつも自爆テロは予想してなかったろ,こいつも自爆テロは予想してなかったろ,こいつも自爆テロは予想してなかったろ,こいつも自爆テロは予想してなかったろ,こいつも自爆テロは予想してなかったろ,こいつも自爆テロは予想してなかったろ,こいつも自爆テロは予想してなかったろ
261,17:13.3,0.5630615949630737,0.5181142091751099,0.5181142091751099,0.6681827902793884,0.6042119860649109,0.6996700167655945,-0.6682311296463013,-0.1726843565702438,-0.1726843565702438,-0.6509742140769958,-0.1690476834774017,-0.2287796288728714,ちょっと　渚に　何　持たせたのよ,ちょっと　渚に　何　持たせたのよ,ちょっと　渚に　何　持たせたのよ,ちょっと　渚に　何　持たせたのよ,ちょっと　渚に　何　持たせたのよ,ちょっと　渚に　何　持たせたのよ,ちょっと　渚に　何　持たせたのよ,ちょっと　渚に　何　持たせたのよ,ちょっと　渚に　何　持たせたのよ,ちょっと　渚に　何　持たせたのよ,ちょっと　渚に　何　持たせたのよ,ちょっと　渚に　何　持たせたのよ
262,17:16.8,0.8729259967803955,0.909157395362854,0.9091575145721436,0.7473461627960205,0.8212860822677612,0.7473461627960205,-0.3002599477767944,-0.1006555706262588,-0.1006553322076797,-0.2619128823280334,-0.2642377316951751,-0.2619128823280334,おもちゃの手榴弾だよ,おもちゃの手榴弾だよ,おもちゃの手榴弾だよ,おもちゃの手榴弾だよ,おもちゃの手榴弾だよ,おもちゃの手榴弾だよ,おもちゃの手榴弾だよ,おもちゃの手榴弾だよ,おもちゃの手榴弾だよ,おもちゃの手榴弾だよ,おもちゃの手榴弾だよ,おもちゃの手榴弾だよ
263,17:19.2,0.5324178338050842,0.6203199625015259,0.6203200817108154,0.7549577951431274,0.4251319169998169,0.656903862953186,-0.2472140789031982,-0.1014070957899093,-0.1014070957899093,-0.0754942446947097,-0.7944793105125427,-0.2721536159515381,ただし　火薬を使って威力を上げてある,ただし　火薬を使って威力を上げてある,ただし　火薬を使って威力を上げてある,ただし　火薬を使って威力を上げてある,ただし　火薬を使って威力を上げてある,ただし　火薬を使って威力を上げてある,ただし　火薬を使って威力を上げてある,ただし　火薬を使って威力を上げてある,ただし　火薬を使って威力を上げてある,ただし　火薬を使って威力を上げてある,ただし　火薬を使って威力を上げてある,ただし　火薬を使って威力を上げてある
264,17:22.7,0.615846574306488,0.6412479281425476,0.7389960289001465,0.6832716464996338,0.749780535697937,0.6978535652160645,-0.5121528506278992,-0.3270177543163299,-0.2752564251422882,-0.3115031719207763,-0.4808350503444671,-0.3879323005676269,300発の対先生弾がすげえ速さで飛び散るようにな,300発の対先生弾がすげえ速さで飛び散るようにな,300発の対先生弾がすげえ速さで飛び散るようにな,300発の対先生弾がすげえ速さで飛び散るようにな,300発の対先生弾がすげえ速さで飛び散るようにな,300発の対先生弾がすげえ速さで飛び散るようにな,300発の対先生弾がすげえ速さで飛び散るようにな,300発の対先生弾がすげえ速さで飛び散るようにな,300発の対先生弾がすげえ速さで飛び散るようにな,300発の対先生弾がすげえ速さで飛び散るようにな,300発の対先生弾がすげえ速さで飛び散るようにな,300発の対先生弾がすげえ速さで飛び散るようにな
265,17:27.9,0.5342336893081665,0.712306797504425,0.4546595215797424,0.6304458379745483,0.5682291984558105,0.6807956099510193,-0.519723117351532,-0.1876570880413055,-0.3904211223125458,-0.400917649269104,-0.3445233404636383,-0.4520433247089386,人間が死ぬ威力じゃねえよ,人間が死ぬ威力じゃねえよ,人間が死ぬ威力じゃねえよ,人間が死ぬ威力じゃねえよ,人間が死ぬ威力じゃねえよ,人間が死ぬ威力じゃねえよ,人間が死ぬ威力じゃねえよ,人間が死ぬ威力じゃねえよ,人間が死ぬ威力じゃねえよ,人間が死ぬ威力じゃねえよ,人間が死ぬ威力じゃねえよ,人間が死ぬ威力じゃねえよ
266,17:30.4,0.852818489074707,0.567624568939209,0.5696201920509338,0.8463215827941895,0.6528984308242798,0.6480358839035034,0.1658966839313507,-0.0176080577075481,-0.240728884935379,0.2176530808210373,-0.7591529488563538,-0.3333341777324676,俺の100億で　治療費くらい…,俺の100億で　治療費くらい…,俺の100億で　治療費くらい…,俺の100億で　治療費くらい…,俺の100億で　治療費くらい…,俺の100億で　治療費くらい…,俺の100億で　治療費くらい…,俺の100億で　治療費くらい…,俺の100億で　治療費くらい…,俺の100億で　治療費くらい…,俺の100億で　治療費くらい…,俺の100億で　治療費くらい…
267,17:35.6,0.7009513974189758,0.6282663941383362,0.6282663941383362,0.7297883629798889,0.8541111350059509,0.8345010280609131,-0.2000143080949783,-0.5261459946632385,-0.5261459946632385,-0.4939307868480682,-0.4044099152088165,-0.235238492488861,無傷　やけど一つ負ってねえのか,無傷　やけど一つ負ってねえのか,無傷　やけど一つ負ってねえのか,無傷　やけど一つ負ってねえのか,無傷　やけど一つ負ってねえのか,無傷　やけど一つ負ってねえのか,無傷　やけど一つ負ってねえのか,無傷　やけど一つ負ってねえのか,無傷　やけど一つ負ってねえのか,無傷　やけど一つ負ってねえのか,無傷　やけど一つ負ってねえのか,無傷　やけど一つ負ってねえのか
268,17:38.6,0.8964695334434509,0.8964695930480957,0.8748233318328857,0.9092830419540404,0.9104132056236268,0.9105733036994934,-0.1764155328273773,-0.1764155328273773,-0.3720198571681976,0.0518630482256412,-0.2471279203891754,0.0590028278529644,それに　何だ　この膜,それに　何だ　この膜,それに　何だ　この膜,それに　何だ　この膜,それに　何だ　この膜,それに　何だ　この膜,それに　何だ　この膜,それに　何だ　この膜,それに　何だ　この膜,それに　何だ　この膜,それに　何だ　この膜,それに　何だ　この膜
269,17:40.9,0.6322853565216064,0.5955557823181152,0.592591404914856,0.8420267105102539,0.7915608286857605,0.4124482572078705,-0.2813337743282318,-0.4119115471839905,-0.3665264546871185,-0.3021616637706756,-0.4349018037319183,-0.638907790184021,タコの死体に　つながっ…,タコの死体に　つながっ…,タコの死体に　つながっ…,タコの死体に　つながっ…,タコの死体に　つながっ…,タコの死体に　つながっ…,タコの死体に　つながっ…,タコの死体に　つながっ…,タコの死体に　つながっ…,タコの死体に　つながっ…,タコの死体に　つながっ…,タコの死体に　つながっ…
270,17:41.8,0.4483183920383453,0.5581770539283752,0.5751281380653381,0.7364711165428162,0.5337930917739868,0.6268069744110107,0.3618070483207702,0.2521454989910126,0.1875207722187042,0.3684557974338531,-0.3297280371189117,0.016683179885149,実は　先生　月に１度ほど　脱皮をします,実は　先生　月に１度ほど　脱皮をします,実は　先生　月に１度ほど　脱皮をします,実は　先生　月に１度ほど　脱皮をします,実は　先生　月に１度ほど　脱皮をします,実は　先生　月に１度ほど　脱皮をします,実は　先生　月に１度ほど　脱皮をします,実は　先生　月に１度ほど　脱皮をします,実は　先生　月に１度ほど　脱皮をします,実は　先生　月に１度ほど　脱皮をします,実は　先生　月に１度ほど　脱皮をします,実は　先生　月に１度ほど　脱皮をします
271,17:45.9,0.6214646697044373,0.6260268092155457,0.6190289855003357,0.6480777263641357,0.6225110292434692,0.6286813616752625,-0.267179012298584,-0.1686513125896453,-0.3423585593700409,-0.7457048892974854,-0.3688603937625885,-0.3649655878543854,脱いだ皮を渚君にかぶせて守りました,脱いだ皮を渚君にかぶせて守りました,脱いだ皮を渚君にかぶせて守りました,脱いだ皮を渚君にかぶせて守りました,脱いだ皮を渚君にかぶせて守りました,脱いだ皮を渚君にかぶせて守りました,脱いだ皮を渚君にかぶせて守りました,脱いだ皮を渚君にかぶせて守りました,脱いだ皮を渚君にかぶせて守りました,脱いだ皮を渚君にかぶせて守りました,脱いだ皮を渚君にかぶせて守りました,脱いだ皮を渚君にかぶせて守りました
272,17:51.5,0.4421018660068512,0.4293397963047027,0.3747065365314483,0.7383636236190796,0.4721663892269134,0.4943367540836334,-0.079759657382965,-0.7966897487640381,-0.6792821288108826,0.0150015391409397,-0.8814333081245422,-0.4217911064624786,月1で使える　先生の奥の手です,月1で使える　先生の奥の手です,月1で使える　先生の奥の手です,月1で使える　先生の奥の手です,月1で使える　先生の奥の手です,月1で使える　先生の奥の手です,月1で使える　先生の奥の手です,月1で使える　先生の奥の手です,月1で使える　先生の奥の手です,月1で使える　先生の奥の手です,月1で使える　先生の奥の手です,月1で使える　先生の奥の手です
273,17:58.2,0.7486398816108704,0.7486398816108704,0.7486398816108704,0.7486399412155151,0.7486398816108704,0.7486398816108704,-0.2979413270950317,-0.2979413270950317,-0.2979413270950317,-0.2979413568973541,-0.2979413270950317,-0.2979413568973541,寺坂　吉田　村松,寺坂　吉田　村松,寺坂　吉田　村松,寺坂　吉田　村松,寺坂　吉田　村松,寺坂　吉田　村松,寺坂　吉田　村松,寺坂　吉田　村松,寺坂　吉田　村松,寺坂　吉田　村松,寺坂　吉田　村松,寺坂　吉田　村松
274,18:03.8,0.4902270436286926,0.3613231778144836,0.361323207616806,0.909923493862152,0.3959197998046875,0.4706858396530151,0.2246636748313903,0.0080334804952144,0.0080335773527622,-0.3823688328266144,0.1726501882076263,0.2675733566284179,先生の顔は　顔色を見るまでもなく…,先生の顔は　顔色を見るまでもなく…,先生の顔は　顔色を見るまでもなく…,先生の顔は　顔色を見るまでもなく…,先生の顔は　顔色を見るまでもなく…,先生の顔は　顔色を見るまでもなく…,先生の顔は　顔色を見るまでもなく…,先生の顔は　顔色を見るまでもなく…,先生の顔は　顔色を見るまでもなく…,先生の顔は　顔色を見るまでもなく…,先生の顔は　顔色を見るまでもなく…,先生の顔は　顔色を見るまでもなく…
275,18:12.8,0.7758606672286987,0.5534840226173401,0.5534838438034058,0.7636834383010864,0.7518291473388672,0.862942099571228,0.1072863936424255,-0.6256938576698303,-0.6256937384605408,-0.0833067595958709,-0.6337130069732666,-0.0713488608598709,真っ黒,真っ黒,真っ黒,真っ黒,真っ黒,真っ黒,真っ黒,真っ黒,真っ黒,真っ黒,真っ黒,真っ黒
276,18:14.6,0.7137596607208252,0.6733911037445068,0.6733911037445068,0.7255587577819824,0.6733911037445068,0.6733911037445068,0.2038326263427734,-0.4653215110301971,-0.4653215110301971,0.2561583518981933,-0.4653215110301971,-0.4653215110301971,ど怒りだ,ど怒りだ,ど怒りだ,ど怒りだ,ど怒りだ,ど怒りだ,ど怒りだ,ど怒りだ,ど怒りだ,ど怒りだ,ど怒りだ,ど怒りだ
277,18:15.7,0.67735755443573,0.7850825786590576,0.7616757750511169,0.8922555446624756,0.7978688478469849,0.7783891558647156,0.0913896560668945,-0.1926978379487991,-0.3822623789310455,-0.0710252821445465,0.0028767623007297,0.1019761115312576,首謀者は　君ら３人だろ,首謀者は　君ら３人だろ,首謀者は　君ら３人だろ,首謀者は　君ら３人だろ,首謀者は　君ら３人だろ,首謀者は　君ら３人だろ,首謀者は　君ら３人だろ,首謀者は　君ら３人だろ,首謀者は　君ら３人だろ,首謀者は　君ら３人だろ,首謀者は　君ら３人だろ,首謀者は　君ら３人だろ
278,18:19.6,0.9015066623687744,0.8044814467430115,0.8044814467430115,0.9015066623687744,0.8488513231277466,0.8661677837371826,0.6205671429634094,0.4771165251731872,0.4771165251731872,0.6205671429634094,0.4800244271755218,-0.1733973920345306,いっ　いや…,いっ　いや…,いっ　いや…,いっ　いや…,いっ　いや…,いっ　いや…,いっ　いや…,いっ　いや…,いっ　いや…,いっ　いや…,いっ　いや…,いっ　いや…
279,18:20.8,0.3968552350997925,0.413115382194519,0.4131154417991638,0.4695130586624145,0.4534159302711487,0.3663826584815979,-0.5311654806137085,-0.0313718877732753,-0.0313718877732753,0.0107360742986202,0.1498813182115554,0.06083320453763,渚が勝手に…,渚が勝手に…,渚が勝手に…,渚が勝手に…,渚が勝手に…,渚が勝手に…,渚が勝手に…,渚が勝手に…,渚が勝手に…,渚が勝手に…,渚が勝手に…,渚が勝手に…
280,18:29.1,0.4393347203731537,0.3792669475078583,0.3792669475078583,0.9104247093200684,0.5931589007377625,0.6366738080978394,-0.4304908812046051,-0.4119983911514282,-0.4119983911514282,-0.0960777103900909,-0.3830811083316803,-0.3000821471214294,いなく…,いなく…,いなく…,いなく…,いなく…,いなく…,いなく…,いなく…,いなく…,いなく…,いなく…,いなく…
281,18:34.0,0.526818037033081,0.5489588379859924,0.5220258235931396,0.489621639251709,0.4682210087776184,0.5011188387870789,-0.3997409343719482,-0.3917506635189056,-0.3804910778999328,-0.827618420124054,-0.6271702647209167,-0.6290267705917358,俺らんちの表札,俺らんちの表札,俺らんちの表札,俺らんちの表札,俺らんちの表札,俺らんちの表札,俺らんちの表札,俺らんちの表札,俺らんちの表札,俺らんちの表札,俺らんちの表札,俺らんちの表札
282,18:36.2,0.5835914611816406,0.4573200643062591,0.5992939472198486,0.8921397924423218,0.5237144827842712,0.6085542440414429,0.1971211433410644,0.2061614692211151,0.1014095395803451,0.2673070728778839,0.07634899020195,0.431375116109848,政府との契約ですから　先生は　決して君たちに危害は加えない,政府との契約ですから　先生は　決して君たちに危害は加えない,政府との契約ですから　先生は　決して君たちに危害は加えない,政府との契約ですから　先生は　決して君たちに危害は加えない,政府との契約ですから　先生は　決して君たちに危害は加えない,政府との契約ですから　先生は　決して君たちに危害は加えない,政府との契約ですから　先生は　決して君たちに危害は加えない,政府との契約ですから　先生は　決して君たちに危害は加えない,政府との契約ですから　先生は　決して君たちに危害は加えない,政府との契約ですから　先生は　決して君たちに危害は加えない,政府との契約ですから　先生は　決して君たちに危害は加えない,政府との契約ですから　先生は　決して君たちに危害は加えない
283,18:41.7,0.9318357706069946,0.4798198044300079,0.8325592279434204,0.9778550863265992,0.4802579879760742,0.7902247905731201,0.1565683186054229,-0.2062418758869171,-0.1816194653511047,0.3403032422065735,-0.0174235217273235,0.1935845911502838,が　しかし…,が　しかし…,が　しかし…,が　しかし…,が　しかし…,が　しかし…,が　しかし…,が　しかし…,が　しかし…,が　しかし…,が　しかし…,が　しかし…
284,18:44.5,0.7971459627151489,0.2810724079608917,0.7870689630508423,0.4756177961826324,0.2810724079608917,0.8749658465385437,-0.0120881386101245,-0.6206685900688171,0.0375471524894237,-0.4943682849407196,-0.6206685900688171,-0.3051030039787292,次　また　今のような方法で暗殺に来たら,次　また　今のような方法で暗殺に来たら,次　また　今のような方法で暗殺に来たら,次　また　今のような方法で暗殺に来たら,次　また　今のような方法で暗殺に来たら,次　また　今のような方法で暗殺に来たら,次　また　今のような方法で暗殺に来たら,次　また　今のような方法で暗殺に来たら,次　また　今のような方法で暗殺に来たら,次　また　今のような方法で暗殺に来たら,次　また　今のような方法で暗殺に来たら,次　また　今のような方法で暗殺に来たら
285,18:49.2,0.5592333674430847,0.3656936287879944,0.3562134802341461,0.8429167866706848,0.3447015583515167,0.2893972396850586,-0.1218492090702056,-0.3980128467082977,-0.3664287328720093,-0.0194340758025646,-0.4740983247756958,-0.5582570433616638,君たち以外には何をするか分かりませんよ,君たち以外には何をするか分かりませんよ,君たち以外には何をするか分かりませんよ,君たち以外には何をするか分かりませんよ,君たち以外には何をするか分かりませんよ,君たち以外には何をするか分かりませんよ,君たち以外には何をするか分かりませんよ,君たち以外には何をするか分かりませんよ,君たち以外には何をするか分かりませんよ,君たち以外には何をするか分かりませんよ,君たち以外には何をするか分かりませんよ,君たち以外には何をするか分かりませんよ
286,18:53.2,0.8259729743003845,0.8742406368255615,0.8742406368255615,0.8423701524734497,0.859054684638977,0.8552143573760986,-0.5066930055618286,-0.1933367550373077,-0.1933367550373077,-0.4809460341930389,-0.0397856868803501,0.024940650910139,家族や友人…　いいや,家族や友人…　いいや,家族や友人…　いいや,家族や友人…　いいや,家族や友人…　いいや,家族や友人…　いいや,家族や友人…　いいや,家族や友人…　いいや,家族や友人…　いいや,家族や友人…　いいや,家族や友人…　いいや,家族や友人…　いいや
287,18:56.3,0.782124936580658,0.6350254416465759,0.7939428687095642,0.8761265873908997,0.8385876417160034,0.888260543346405,-0.3433411419391632,-0.022192794829607,-0.1446746438741684,-0.1081285923719406,-0.4733473062515259,-0.0859296172857284,君たち以外を地球ごと消しますかね,君たち以外を地球ごと消しますかね,君たち以外を地球ごと消しますかね,君たち以外を地球ごと消しますかね,君たち以外を地球ごと消しますかね,君たち以外を地球ごと消しますかね,君たち以外を地球ごと消しますかね,君たち以外を地球ごと消しますかね,君たち以外を地球ごと消しますかね,君たち以外を地球ごと消しますかね,君たち以外を地球ごと消しますかね,君たち以外を地球ごと消しますかね
288,19:01.6,0.876437783241272,0.7437918782234192,0.9016320109367372,0.9240671396255492,0.8853667974472046,0.8997421264648438,0.3836898803710937,0.3758856952190399,-0.1478054672479629,0.4135554730892181,0.4836894571781158,0.5147976279258728,5秒間で　皆　悟った,5秒間で　皆　悟った,5秒間で　皆　悟った,5秒間で　皆　悟った,5秒間で　皆　悟った,5秒間で　皆　悟った,5秒間で　皆　悟った,5秒間で　皆　悟った,5秒間で　皆　悟った,5秒間で　皆　悟った,5秒間で　皆　悟った,5秒間で　皆　悟った
289,19:04.6,0.7804970741271973,0.5504041910171509,0.5965138673782349,0.8685415983200073,0.6554614901542664,0.5404626727104187,-0.310884565114975,-0.3539490699768066,-0.5598896145820618,-0.5392728447914124,-0.3088959753513336,0.0517532639205455,地球の裏でも　逃げられないと,地球の裏でも　逃げられないと,地球の裏でも　逃げられないと,地球の裏でも　逃げられないと,地球の裏でも　逃げられないと,地球の裏でも　逃げられないと,地球の裏でも　逃げられないと,地球の裏でも　逃げられないと,地球の裏でも　逃げられないと,地球の裏でも　逃げられないと,地球の裏でも　逃げられないと,地球の裏でも　逃げられないと
290,19:08.0,0.5943920016288757,0.5506063103675842,0.5221556425094604,0.8913546204566956,0.7815753817558289,0.7424868941307068,-0.3654668629169464,-0.2193097919225692,-0.4598645865917206,-0.0322053395211696,0.2618350088596344,-0.2552842795848846,どうしても逃げたければ,どうしても逃げたければ,どうしても逃げたければ,どうしても逃げたければ,どうしても逃げたければ,どうしても逃げたければ,どうしても逃げたければ,どうしても逃げたければ,どうしても逃げたければ,どうしても逃げたければ,どうしても逃げたければ,どうしても逃げたければ
291,19:12.3,0.9258008003234864,0.650676965713501,0.6077699065208435,0.9272592067718506,0.6293684244155884,0.8276696801185608,-0.261469155550003,-0.5426048636436462,0.1329130381345749,0.0304262302815914,0.1348863542079925,0.0431380681693553,この先生を殺すしか…,この先生を殺すしか…,この先生を殺すしか…,この先生を殺すしか…,この先生を殺すしか…,この先生を殺すしか…,この先生を殺すしか…,この先生を殺すしか…,この先生を殺すしか…,この先生を殺すしか…,この先生を殺すしか…,この先生を殺すしか…
292,19:16.7,0.6254517436027527,0.6753859519958496,0.6503414511680603,0.7387327551841736,0.7297988533973694,0.7393540143966675,-0.2137827575206756,-0.3169754445552826,-0.6155079007148743,-0.5542563796043396,-0.2738645076751709,-0.557159960269928,何なんだよ　てめえ　迷惑なんだよ,何なんだよ　てめえ　迷惑なんだよ,何なんだよ　てめえ　迷惑なんだよ,何なんだよ　てめえ　迷惑なんだよ,何なんだよ　てめえ　迷惑なんだよ,何なんだよ　てめえ　迷惑なんだよ,何なんだよ　てめえ　迷惑なんだよ,何なんだよ　てめえ　迷惑なんだよ,何なんだよ　てめえ　迷惑なんだよ,何なんだよ　てめえ　迷惑なんだよ,何なんだよ　てめえ　迷惑なんだよ,何なんだよ　てめえ　迷惑なんだよ
293,19:20.1,0.7584829926490784,0.6476036310195923,0.6382160782814026,0.8407495021820068,0.7563352584838867,0.6292541027069092,-0.633754312992096,-0.6081858277320862,-0.5602352023124695,-0.2490504086017608,-0.5864599943161011,-0.6596795916557312,いきなり来て　地球　爆破とか　暗殺しろとか,いきなり来て　地球　爆破とか　暗殺しろとか,いきなり来て　地球　爆破とか　暗殺しろとか,いきなり来て　地球　爆破とか　暗殺しろとか,いきなり来て　地球　爆破とか　暗殺しろとか,いきなり来て　地球　爆破とか　暗殺しろとか,いきなり来て　地球　爆破とか　暗殺しろとか,いきなり来て　地球　爆破とか　暗殺しろとか,いきなり来て　地球　爆破とか　暗殺しろとか,いきなり来て　地球　爆破とか　暗殺しろとか,いきなり来て　地球　爆破とか　暗殺しろとか,いきなり来て　地球　爆破とか　暗殺しろとか
294,19:23.5,0.468566745519638,0.6225814819335938,0.6246617436408997,0.7212880253791809,0.3588885068893432,0.3863249719142914,-0.0892019122838974,-0.0495734028518199,0.00183792039752,-0.451430469751358,-0.1949516236782074,-0.1478597670793533,迷惑なやつに　迷惑な殺し方して　何が悪いんだよ,迷惑なやつに　迷惑な殺し方して　何が悪いんだよ,迷惑なやつに　迷惑な殺し方して　何が悪いんだよ,迷惑なやつに　迷惑な殺し方して　何が悪いんだよ,迷惑なやつに　迷惑な殺し方して　何が悪いんだよ,迷惑なやつに　迷惑な殺し方して　何が悪いんだよ,迷惑なやつに　迷惑な殺し方して　何が悪いんだよ,迷惑なやつに　迷惑な殺し方して　何が悪いんだよ,迷惑なやつに　迷惑な殺し方して　何が悪いんだよ,迷惑なやつに　迷惑な殺し方して　何が悪いんだよ,迷惑なやつに　迷惑な殺し方して　何が悪いんだよ,迷惑なやつに　迷惑な殺し方して　何が悪いんだよ
295,19:28.0,0.5269733667373657,0.6610747575759888,0.6610747575759888,0.8026639223098755,0.6689531803131104,0.7121296525001526,0.0900685787200927,0.1149118393659591,0.1149118393659591,-0.1976614147424698,0.004549253731966,-0.089341714978218,迷惑　とんでもない,迷惑　とんでもない,迷惑　とんでもない,迷惑　とんでもない,迷惑　とんでもない,迷惑　とんでもない,迷惑　とんでもない,迷惑　とんでもない,迷惑　とんでもない,迷惑　とんでもない,迷惑　とんでもない,迷惑　とんでもない
296,19:30.2,0.9362331628799438,0.9422861337661744,0.9422861337661744,0.8047922253608704,0.8420703411102295,0.9554861187934875,0.485143631696701,0.4484104812145233,0.4484104812145233,0.671745240688324,0.6151357889175415,0.5946781039237976,君たちのアイデア自体は　すごくよかった,君たちのアイデア自体は　すごくよかった,君たちのアイデア自体は　すごくよかった,君たちのアイデア自体は　すごくよかった,君たちのアイデア自体は　すごくよかった,君たちのアイデア自体は　すごくよかった,君たちのアイデア自体は　すごくよかった,君たちのアイデア自体は　すごくよかった,君たちのアイデア自体は　すごくよかった,君たちのアイデア自体は　すごくよかった,君たちのアイデア自体は　すごくよかった,君たちのアイデア自体は　すごくよかった
297,19:33.2,0.7576611042022705,0.7341745495796204,0.7576611042022705,0.776522159576416,0.776522159576416,0.5352169871330261,0.1171797811985015,0.1601333767175674,0.1171795129776001,0.2759636342525482,0.2759636342525482,-0.1434137970209121,特に　渚君,特に　渚君,特に　渚君,特に　渚君,特に　渚君,特に　渚君,特に　渚君,特に　渚君,特に　渚君,特に　渚君,特に　渚君,特に　渚君
298,19:34.9,0.5715280771255493,0.5035490393638611,0.5166165828704834,0.4115309119224548,0.3732861876487732,0.3391956090927124,-0.3812861740589142,-0.1990599185228347,-0.3212940394878387,-0.2301733642816543,-0.3218843042850494,-0.2379018366336822,君の肉薄までの自然な体運びは100点です,君の肉薄までの自然な体運びは100点です,君の肉薄までの自然な体運びは100点です,君の肉薄までの自然な体運びは100点です,君の肉薄までの自然な体運びは100点です,君の肉薄までの自然な体運びは100点です,君の肉薄までの自然な体運びは100点です,君の肉薄までの自然な体運びは100点です,君の肉薄までの自然な体運びは100点です,君の肉薄までの自然な体運びは100点です,君の肉薄までの自然な体運びは100点です,君の肉薄までの自然な体運びは100点です
299,19:38.9,0.2668947875499725,0.3007644712924957,0.2174874991178512,0.7627251148223877,0.2334534972906112,0.4080130457878113,-0.426033079624176,-0.3627203106880188,-0.5682784914970398,-0.4766321182250976,-0.3240461647510528,-0.8557626605033875,先生は　見事に　隙を突かれました,先生は　見事に　隙を突かれました,先生は　見事に　隙を突かれました,先生は　見事に　隙を突かれました,先生は　見事に　隙を突かれました,先生は　見事に　隙を突かれました,先生は　見事に　隙を突かれました,先生は　見事に　隙を突かれました,先生は　見事に　隙を突かれました,先生は　見事に　隙を突かれました,先生は　見事に　隙を突かれました,先生は　見事に　隙を突かれました
300,19:41.9,0.7476964592933655,0.7478716373443604,0.7478716373443604,0.8222899436950684,0.832236111164093,0.8222899436950684,0.0948428362607956,0.0804272592067718,0.0804269015789032,0.0307595618069171,-0.1022505313158035,0.0307598747313022,ただし,ただし,ただし,ただし,ただし,ただし,ただし,ただし,ただし,ただし,ただし,ただし
301,19:43.5,0.5575368404388428,0.2687731385231018,0.2026558220386505,0.3685569167137146,0.1536505371332168,0.0671766996383667,-0.3219387829303741,-0.6557558178901672,-0.6643635630607605,-0.1635289788246154,-0.3207925856113434,-0.7945091724395752,寺坂君たちは　渚君を,寺坂君たちは　渚君を,寺坂君たちは　渚君を,寺坂君たちは　渚君を,寺坂君たちは　渚君を,寺坂君たちは　渚君を,寺坂君たちは　渚君を,寺坂君たちは　渚君を,寺坂君たちは　渚君を,寺坂君たちは　渚君を,寺坂君たちは　渚君を,寺坂君たちは　渚君を
302,19:45.9,0.5313922762870789,0.4371001124382019,0.4495344460010528,0.5500771403312683,0.616719663143158,0.5081248879432678,-0.0080991052091121,-0.5324103236198425,-0.541786253452301,-0.4660488963127136,-0.7616838812828064,-0.1111797392368316,渚君は　自分を大切にしなかった,渚君は　自分を大切にしなかった,渚君は　自分を大切にしなかった,渚君は　自分を大切にしなかった,渚君は　自分を大切にしなかった,渚君は　自分を大切にしなかった,渚君は　自分を大切にしなかった,渚君は　自分を大切にしなかった,渚君は　自分を大切にしなかった,渚君は　自分を大切にしなかった,渚君は　自分を大切にしなかった,渚君は　自分を大切にしなかった
303,19:49.4,0.8551585674285889,0.8834555149078369,0.8834555149078369,0.926842987537384,0.8685523867607117,0.9210008978843688,0.3842033147811889,0.0617058463394641,0.0617058463394641,0.2905795574188232,0.0821472257375717,0.0796776711940765,そんな生徒に暗殺する資格はありません,そんな生徒に暗殺する資格はありません,そんな生徒に暗殺する資格はありません,そんな生徒に暗殺する資格はありません,そんな生徒に暗殺する資格はありません,そんな生徒に暗殺する資格はありません,そんな生徒に暗殺する資格はありません,そんな生徒に暗殺する資格はありません,そんな生徒に暗殺する資格はありません,そんな生徒に暗殺する資格はありません,そんな生徒に暗殺する資格はありません,そんな生徒に暗殺する資格はありません
304,19:53.1,0.8454315662384033,0.7866033315658569,0.7893523573875427,0.8797292709350586,0.7410734295845032,0.7554142475128174,-0.1506681740283966,-0.125619426369667,-0.1510806083679199,0.0688943266868591,-0.1583124846220016,-0.2940466105937958,人に笑顔で胸を張れる暗殺をしましょう,人に笑顔で胸を張れる暗殺をしましょう,人に笑顔で胸を張れる暗殺をしましょう,人に笑顔で胸を張れる暗殺をしましょう,人に笑顔で胸を張れる暗殺をしましょう,人に笑顔で胸を張れる暗殺をしましょう,人に笑顔で胸を張れる暗殺をしましょう,人に笑顔で胸を張れる暗殺をしましょう,人に笑顔で胸を張れる暗殺をしましょう,人に笑顔で胸を張れる暗殺をしましょう,人に笑顔で胸を張れる暗殺をしましょう,人に笑顔で胸を張れる暗殺をしましょう
305,19:56.3,0.7644595503807068,0.7369750142097473,0.7369750142097473,0.6117149591445923,0.5040361881256104,0.399752140045166,-0.0485510565340518,0.3010523021221161,0.3010523021221161,-0.0553534142673015,0.0752826035022735,-0.0721778124570846,君たち　全員　それができる力を秘めた有能なアサシンだ,君たち　全員　それができる力を秘めた有能なアサシンだ,君たち　全員　それができる力を秘めた有能なアサシンだ,君たち　全員　それができる力を秘めた有能なアサシンだ,君たち　全員　それができる力を秘めた有能なアサシンだ,君たち　全員　それができる力を秘めた有能なアサシンだ,君たち　全員　それができる力を秘めた有能なアサシンだ,君たち　全員　それができる力を秘めた有能なアサシンだ,君たち　全員　それができる力を秘めた有能なアサシンだ,君たち　全員　それができる力を秘めた有能なアサシンだ,君たち　全員　それができる力を秘めた有能なアサシンだ,君たち　全員　それができる力を秘めた有能なアサシンだ
306,20:01.7,0.92746901512146,0.8437952995300293,0.8776553869247437,0.9274664521217346,0.8228737711906433,0.8381050229072571,-0.2099392861127853,0.1289538294076919,0.1472469121217727,-0.6365489363670349,-0.5531337857246399,-0.4948472678661346,ターゲットである先生からのアドバイスです,ターゲットである先生からのアドバイスです,ターゲットである先生からのアドバイスです,ターゲットである先生からのアドバイスです,ターゲットである先生からのアドバイスです,ターゲットである先生からのアドバイスです,ターゲットである先生からのアドバイスです,ターゲットである先生からのアドバイスです,ターゲットである先生からのアドバイスです,ターゲットである先生からのアドバイスです,ターゲットである先生からのアドバイスです,ターゲットである先生からのアドバイスです
307,20:06.3,0.5321266651153564,0.5290777087211609,0.5860569477081299,0.5439952611923218,0.5549800992012024,0.4894546270370483,-0.5996122360229492,-0.5683750510215759,-0.5950630307197571,-0.6251253485679626,-0.7676059603691101,-0.6962510943412781,マッハ20で怒られてうねる触手で褒められた,マッハ20で怒られてうねる触手で褒められた,マッハ20で怒られてうねる触手で褒められた,マッハ20で怒られてうねる触手で褒められた,マッハ20で怒られてうねる触手で褒められた,マッハ20で怒られてうねる触手で褒められた,マッハ20で怒られてうねる触手で褒められた,マッハ20で怒られてうねる触手で褒められた,マッハ20で怒られてうねる触手で褒められた,マッハ20で怒られてうねる触手で褒められた,マッハ20で怒られてうねる触手で褒められた,マッハ20で怒られてうねる触手で褒められた
308,20:11.5,0.9337295293807985,0.8727055788040161,0.9258780479431152,0.8086786270141602,0.8426254987716675,0.9205572009086608,0.1470960080623626,-0.1044516861438751,0.2329661250114441,0.2578395009040832,0.1633210182189941,0.326624721288681,この異常な教育が　僕は　普通に　うれしかった,この異常な教育が　僕は　普通に　うれしかった,この異常な教育が　僕は　普通に　うれしかった,この異常な教育が　僕は　普通に　うれしかった,この異常な教育が　僕は　普通に　うれしかった,この異常な教育が　僕は　普通に　うれしかった,この異常な教育が　僕は　普通に　うれしかった,この異常な教育が　僕は　普通に　うれしかった,この異常な教育が　僕は　普通に　うれしかった,この異常な教育が　僕は　普通に　うれしかった,この異常な教育が　僕は　普通に　うれしかった,この異常な教育が　僕は　普通に　うれしかった
309,20:16.3,0.8096628785133362,0.8211212158203125,0.8769634962081909,0.9019950032234192,0.9239128828048706,0.7926021814346313,-0.0852488875389099,0.4380486905574798,0.0728289633989334,0.1468522548675537,-0.011654432862997,-0.0371931083500385,この異常な先生は僕らのことを　正面から見てくれたから,この異常な先生は僕らのことを　正面から見てくれたから,この異常な先生は僕らのことを　正面から見てくれたから,この異常な先生は僕らのことを　正面から見てくれたから,この異常な先生は僕らのことを　正面から見てくれたから,この異常な先生は僕らのことを　正面から見てくれたから,この異常な先生は僕らのことを　正面から見てくれたから,この異常な先生は僕らのことを　正面から見てくれたから,この異常な先生は僕らのことを　正面から見てくれたから,この異常な先生は僕らのことを　正面から見てくれたから,この異常な先生は僕らのことを　正面から見てくれたから,この異常な先生は僕らのことを　正面から見てくれたから
310,20:30.8,0.9627357721328736,0.707244336605072,0.707244336605072,0.9147996306419371,0.8931447267532349,0.6184201240539551,-0.2515635788440704,-0.7575675845146179,-0.7575676441192627,-0.1839007288217544,-0.188650444149971,-0.1120220869779586,あなたの…,あなたの…,あなたの…,あなたの…,あなたの…,あなたの…,あなたの…,あなたの…,あなたの…,あなたの…,あなたの…,あなたの…
311,20:33.3,0.8333389163017273,0.6681066751480103,0.8524468541145325,0.9756556153297424,0.8670610189437866,0.8274573087692261,0.0401850901544094,0.032484333962202,-0.2596145272254944,0.2394717186689376,0.2678808271884918,0.4242365658283233,あなたの時間をくれるなら,あなたの時間をくれるなら,あなたの時間をくれるなら,あなたの時間をくれるなら,あなたの時間をくれるなら,あなたの時間をくれるなら,あなたの時間をくれるなら,あなたの時間をくれるなら,あなたの時間をくれるなら,あなたの時間をくれるなら,あなたの時間をくれるなら,あなたの時間をくれるなら
312,20:36.3,0.78145432472229,0.781493067741394,0.781493067741394,0.8659271001815796,0.8297926783561707,0.8550156354904175,-0.196070522069931,-0.0765396505594253,-0.0765396505594253,0.0150316767394542,-0.1279519200325012,0.0610451512038707,あの子たちを教えてあげて,あの子たちを教えてあげて,あの子たちを教えてあげて,あの子たちを教えてあげて,あの子たちを教えてあげて,あの子たちを教えてあげて,あの子たちを教えてあげて,あの子たちを教えてあげて,あの子たちを教えてあげて,あの子たちを教えてあげて,あの子たちを教えてあげて,あの子たちを教えてあげて
313,20:40.8,0.6038255095481873,0.6060512065887451,0.6388620138168335,0.8617785573005676,0.8051859140396118,0.7850381731987,0.1573621779680252,-0.0491195507347583,0.1657700389623642,0.1700717359781265,0.3356312215328216,0.2377721071243286,なんて　すてきな触手…,なんて　すてきな触手…,なんて　すてきな触手…,なんて　すてきな触手…,なんて　すてきな触手…,なんて　すてきな触手…,なんて　すてきな触手…,なんて　すてきな触手…,なんて　すてきな触手…,なんて　すてきな触手…,なんて　すてきな触手…,なんて　すてきな触手…
314,20:43.7,0.8610409498214722,0.8608044385910034,0.878872811794281,0.9335755705833436,0.903724193572998,0.8709582090377808,-0.0328087843954563,0.1191185414791107,0.1073995977640152,-0.1276692003011703,0.0404766015708446,-0.2211647182703018,この手なら　きっと　あなたはすてきな教師に…,この手なら　きっと　あなたはすてきな教師に…,この手なら　きっと　あなたはすてきな教師に…,この手なら　きっと　あなたはすてきな教師に…,この手なら　きっと　あなたはすてきな教師に…,この手なら　きっと　あなたはすてきな教師に…,この手なら　きっと　あなたはすてきな教師に…,この手なら　きっと　あなたはすてきな教師に…,この手なら　きっと　あなたはすてきな教師に…,この手なら　きっと　あなたはすてきな教師に…,この手なら　きっと　あなたはすてきな教師に…,この手なら　きっと　あなたはすてきな教師に…
315,20:51.0,0.5786586403846741,0.5305195450782776,0.5868678689002991,0.6269071698188782,0.4888882935047149,0.5318219065666199,0.1773807108402252,0.2938884496688843,0.1442470997571945,-0.1592617034912109,0.3978971540927887,0.2779320180416107,さて　問題です　渚君,さて　問題です　渚君,さて　問題です　渚君,さて　問題です　渚君,さて　問題です　渚君,さて　問題です　渚君,さて　問題です　渚君,さて　問題です　渚君,さて　問題です　渚君,さて　問題です　渚君,さて　問題です　渚君,さて　問題です　渚君
316,20:53.8,0.4718922078609466,0.5324152708053589,0.5324152708053589,0.8690345287322998,0.633922815322876,0.6003651022911072,-0.1073990315198898,-0.2406838238239288,-0.2406838238239288,0.069091573357582,-0.1233619451522827,-0.2376699149608612,先生は　殺される気などみじんもない,先生は　殺される気などみじんもない,先生は　殺される気などみじんもない,先生は　殺される気などみじんもない,先生は　殺される気などみじんもない,先生は　殺される気などみじんもない,先生は　殺される気などみじんもない,先生は　殺される気などみじんもない,先生は　殺される気などみじんもない,先生は　殺される気などみじんもない,先生は　殺される気などみじんもない,先生は　殺される気などみじんもない
317,20:57.0,0.6862118244171143,0.7095363140106201,0.7095363140106201,0.8174541592597961,0.7463979125022888,0.8093202114105225,-0.1271560937166214,-0.0858312845230102,-0.0858312845230102,-0.2530290782451629,0.141989603638649,-0.268803983926773,皆さんと　来年　3月までエンジョイしてから,皆さんと　来年　3月までエンジョイしてから,皆さんと　来年　3月までエンジョイしてから,皆さんと　来年　3月までエンジョイしてから,皆さんと　来年　3月までエンジョイしてから,皆さんと　来年　3月までエンジョイしてから,皆さんと　来年　3月までエンジョイしてから,皆さんと　来年　3月までエンジョイしてから,皆さんと　来年　3月までエンジョイしてから,皆さんと　来年　3月までエンジョイしてから,皆さんと　来年　3月までエンジョイしてから,皆さんと　来年　3月までエンジョイしてから
318,20:59.5,0.8371953368186951,0.6880860924720764,0.7932722568511963,0.8092625737190247,0.5429278612136841,0.7255299687385559,-0.5985440015792847,-0.5039799809455872,-0.3219712376594543,-0.2579588294029236,-0.6613950133323669,-0.1538841277360916,地球を爆破です,地球を爆破です,地球を爆破です,地球を爆破です,地球を爆破です,地球を爆破です,地球を爆破です,地球を爆破です,地球を爆破です,地球を爆破です,地球を爆破です,地球を爆破です
319,21:02.1,0.8773300647735596,0.6762149930000305,0.756496250629425,0.8611650466918945,0.7371228933334351,0.7133864164352417,0.0677630305290222,0.2798077762126922,0.2311054617166519,-0.4952892363071441,0.4335894286632538,0.5819162130355835,それが嫌なら君たちは　どうしますか,それが嫌なら君たちは　どうしますか,それが嫌なら君たちは　どうしますか,それが嫌なら君たちは　どうしますか,それが嫌なら君たちは　どうしますか,それが嫌なら君たちは　どうしますか,それが嫌なら君たちは　どうしますか,それが嫌なら君たちは　どうしますか,それが嫌なら君たちは　どうしますか,それが嫌なら君たちは　どうしますか,それが嫌なら君たちは　どうしますか,それが嫌なら君たちは　どうしますか
320,21:06.6,0.7514157295227051,0.7785993218421936,0.7785993218421936,0.7618789672851562,0.7831540107727051,0.7102097272872925,0.04305986687541,0.0326753072440624,0.0326753072440624,-0.1326070874929428,0.0913067758083343,0.1824854165315628,暗殺なんて　したことないし,暗殺なんて　したことないし,暗殺なんて　したことないし,暗殺なんて　したことないし,暗殺なんて　したことないし,暗殺なんて　したことないし,暗殺なんて　したことないし,暗殺なんて　したことないし,暗殺なんて　したことないし,暗殺なんて　したことないし,暗殺なんて　したことないし,暗殺なんて　したことないし
321,21:09.3,0.8946980237960815,0.9232351779937744,0.9232351779937744,0.9648216962814332,0.7214325666427612,0.8674762845039368,0.5668683648109436,0.5022689700126648,0.5022689700126648,0.6464031934738159,0.18000328540802,0.758128821849823,僕らには　他に　すべきことがたくさんある,僕らには　他に　すべきことがたくさんある,僕らには　他に　すべきことがたくさんある,僕らには　他に　すべきことがたくさんある,僕らには　他に　すべきことがたくさんある,僕らには　他に　すべきことがたくさんある,僕らには　他に　すべきことがたくさんある,僕らには　他に　すべきことがたくさんある,僕らには　他に　すべきことがたくさんある,僕らには　他に　すべきことがたくさんある,僕らには　他に　すべきことがたくさんある,僕らには　他に　すべきことがたくさんある
322,21:14.2,0.8585136532783508,0.6072689294815063,0.563054621219635,0.8920122981071472,0.6331209540367126,0.7690846920013428,0.3883244097232818,-0.2645106613636017,-0.2450588941574096,0.4078609049320221,0.0665124654769897,-0.311624675989151,けど　思った,けど　思った,けど　思った,けど　思った,けど　思った,けど　思った,けど　思った,けど　思った,けど　思った,けど　思った,けど　思った,けど　思った
323,21:16.7,0.8080306053161621,0.8653560280799866,0.6287049651145935,0.8967587351799011,0.5972466468811035,0.6097038388252258,0.0871134400367736,-0.1181399226188659,-0.29160937666893,-0.4537756741046905,-0.2309919446706771,-0.2738790214061737,この先生なら　殺意さえも受け止めてくれるって,この先生なら　殺意さえも受け止めてくれるって,この先生なら　殺意さえも受け止めてくれるって,この先生なら　殺意さえも受け止めてくれるって,この先生なら　殺意さえも受け止めてくれるって,この先生なら　殺意さえも受け止めてくれるって,この先生なら　殺意さえも受け止めてくれるって,この先生なら　殺意さえも受け止めてくれるって,この先生なら　殺意さえも受け止めてくれるって,この先生なら　殺意さえも受け止めてくれるって,この先生なら　殺意さえも受け止めてくれるって,この先生なら　殺意さえも受け止めてくれるって
324,21:21.2,0.6045085787773132,0.5680394172668457,0.6996855735778809,0.9240863919258118,0.7234662175178528,0.7294193506240845,-0.2639195919036865,-0.1386095881462097,-0.2611212730407715,0.0019172169268131,-0.3544062376022339,-0.2602749764919281,地球を爆破されるその前に　先生を殺します,地球を爆破されるその前に　先生を殺します,地球を爆破されるその前に　先生を殺します,地球を爆破されるその前に　先生を殺します,地球を爆破されるその前に　先生を殺します,地球を爆破されるその前に　先生を殺します,地球を爆破されるその前に　先生を殺します,地球を爆破されるその前に　先生を殺します,地球を爆破されるその前に　先生を殺します,地球を爆破されるその前に　先生を殺します,地球を爆破されるその前に　先生を殺します,地球を爆破されるその前に　先生を殺します
325,21:27.4,0.870785117149353,0.4435300230979919,0.7597380876541138,0.8176637887954712,0.7923216223716736,0.451062262058258,0.4659025967121124,-0.1299778670072555,0.3338880240917206,0.5727080702781677,0.4763534367084503,-0.1927630007266998,ならば　今　やってみなさい,ならば　今　やってみなさい,ならば　今　やってみなさい,ならば　今　やってみなさい,ならば　今　やってみなさい,ならば　今　やってみなさい,ならば　今　やってみなさい,ならば　今　やってみなさい,ならば　今　やってみなさい,ならば　今　やってみなさい,ならば　今　やってみなさい,ならば　今　やってみなさい
326,21:29.4,0.7240630984306335,0.7414085268974304,0.7414085268974304,0.6585514545440674,0.6754829287528992,0.5617268085479736,-0.235550194978714,-0.3418706357479095,-0.3418706357479095,-0.490733653306961,-0.2933098375797272,-1.0808955430984497,殺せた者から　今日は帰ってよし,殺せた者から　今日は帰ってよし,殺せた者から　今日は帰ってよし,殺せた者から　今日は帰ってよし,殺せた者から　今日は帰ってよし,殺せた者から　今日は帰ってよし,殺せた者から　今日は帰ってよし,殺せた者から　今日は帰ってよし,殺せた者から　今日は帰ってよし,殺せた者から　今日は帰ってよし,殺せた者から　今日は帰ってよし,殺せた者から　今日は帰ってよし
327,21:32.7,0.660469651222229,0.5292844772338867,0.5292844772338867,0.7311248779296875,0.494127869606018,0.8363674283027649,0.0113777704536914,0.1556664407253265,0.1556664407253265,0.3664380311965942,-0.0592764057219028,0.3254365026950836,んな簡単に…,んな簡単に…,んな簡単に…,んな簡単に…,んな簡単に…,んな簡単に…,んな簡単に…,んな簡単に…,んな簡単に…,んな簡単に…,んな簡単に…,んな簡単に…
328,21:33.8,0.5697576999664307,0.7669220566749573,0.7669220566749573,0.7230794429779053,0.4798089861869812,0.3824650347232818,-0.6173339486122131,-0.879832923412323,-0.879832923412323,-0.4838749468326568,-0.7124031782150269,-0.8425343632698059,殺せるわけねえだろ,殺せるわけねえだろ,殺せるわけねえだろ,殺せるわけねえだろ,殺せるわけねえだろ,殺せるわけねえだろ,殺せるわけねえだろ,殺せるわけねえだろ,殺せるわけねえだろ,殺せるわけねえだろ,殺せるわけねえだろ,殺せるわけねえだろ
329,21:35.9,0.8503370881080627,0.9546621441841124,0.8848656415939331,0.9525399208068848,0.9525399208068848,0.8345884084701538,0.255531758069992,0.3111907541751861,-0.1665012538433075,0.4017398059368133,0.4017398059368133,0.0664888769388198,僕らは　殺し屋,僕らは　殺し屋,僕らは　殺し屋,僕らは　殺し屋,僕らは　殺し屋,僕らは　殺し屋,僕らは　殺し屋,僕らは　殺し屋,僕らは　殺し屋,僕らは　殺し屋,僕らは　殺し屋,僕らは　殺し屋
330,21:37.9,0.3246852457523346,0.6974182724952698,0.7154549956321716,0.7843643426895142,0.5839402079582214,0.811176061630249,0.181985393166542,0.2663197517395019,-0.4951711595058441,0.2059911489486694,-0.0710535049438476,-0.485006183385849,ターゲットは　先生,ターゲットは　先生,ターゲットは　先生,ターゲットは　先生,ターゲットは　先生,ターゲットは　先生,ターゲットは　先生,ターゲットは　先生,ターゲットは　先生,ターゲットは　先生,ターゲットは　先生,ターゲットは　先生
331,21:40.9,0.6381133198738098,0.5792121887207031,0.3243415355682373,0.5057777166366577,0.6653624176979065,0.7160919904708862,-0.7765234112739563,-0.7722938656806946,-0.8943151831626892,-1.0927869081497192,-0.8783901333808899,-1.1826105117797852,ふきふき　ふきふき,ふきふき　ふきふき,ふきふき　ふきふき,ふきふき　ふきふき,ふきふき　ふきふき,ふきふき　ふきふき,ふきふき　ふきふき,ふきふき　ふきふき,ふきふき　ふきふき,ふきふき　ふきふき,ふきふき　ふきふき,ふきふき　ふきふき
332,21:42.6,0.7498825788497925,0.5962051749229431,0.3087292313575744,0.8280531167984009,0.782160758972168,0.3891770839691162,-0.2215576618909835,-0.0666148960590362,-1.111336588859558,-0.0063503645360469,-0.0159075669944286,-0.9933770298957824,今　撃っても…,今　撃っても…,今　撃っても…,今　撃っても…,今　撃っても…,今　撃っても…,今　撃っても…,今　撃っても…,今　撃っても…,今　撃っても…,今　撃っても…,今　撃っても…
333,21:43.7,0.6402224898338318,0.4604028463363647,0.5747500061988831,0.8126175403594971,0.6692729592323303,0.5747500061988831,-0.4293744266033172,-0.5585249662399292,-0.3590026199817657,-0.448588877916336,-0.8248262405395508,-0.3590026199817657,表札と一緒に手入れされる…,表札と一緒に手入れされる…,表札と一緒に手入れされる…,表札と一緒に手入れされる…,表札と一緒に手入れされる…,表札と一緒に手入れされる…,表札と一緒に手入れされる…,表札と一緒に手入れされる…,表札と一緒に手入れされる…,表札と一緒に手入れされる…,表札と一緒に手入れされる…,表札と一緒に手入れされる…
334,21:46.0,0.6627788543701172,0.3932754397392273,0.3471509516239166,0.6267035007476807,0.3112361133098602,0.2878834307193756,-0.0409928597509861,-0.1941471993923187,-0.3039877712726593,0.1298494935035705,-1.0559124946594238,-0.9125595092773438,帰れねえ…,帰れねえ…,帰れねえ…,帰れねえ…,帰れねえ…,帰れねえ…,帰れねえ…,帰れねえ…,帰れねえ…,帰れねえ…,帰れねえ…,帰れねえ…
335,21:48.1,0.7716068029403687,0.6378493905067444,0.6378493905067444,0.8224527835845947,0.8005902767181396,0.1926197856664657,-0.4354949295520782,-0.4010660946369171,-0.4010660946369171,-0.8279141783714294,-0.2201443910598755,-0.731086015701294,殺せない先生か…,殺せない先生か…,殺せない先生か…,殺せない先生か…,殺せない先生か…,殺せない先生か…,殺せない先生か…,殺せない先生か…,殺せない先生か…,殺せない先生か…,殺せない先生か…,殺せない先生か…
336,21:50.8,0.8136245608329773,0.2960535287857055,0.5044028759002686,0.8202245235443115,0.4895607531070709,0.253235399723053,-1.0806673765182495,-1.071975827217102,-0.8493079543113708,-0.2869949340820312,-0.6287294030189514,-0.8407676219940186,殺せない…　ころ…,殺せない…　ころ…,殺せない…　ころ…,殺せない…　ころ…,殺せない…　ころ…,殺せない…　ころ…,殺せない…　ころ…,殺せない…　ころ…,殺せない…　ころ…,殺せない…　ころ…,殺せない…　ころ…,殺せない…　ころ…
337,21:54.2,0.2250314950942993,0.4981627464294433,0.4349212348461151,0.4506585001945495,0.455718457698822,0.3365441560745239,-0.8166775107383728,-0.611548900604248,-0.5451594591140747,-0.847488522529602,-0.6700620055198669,-0.7308218479156494,殺せんせーは,殺せんせーは,殺せんせーは,殺せんせーは,殺せんせーは,殺せんせーは,殺せんせーは,殺せんせーは,殺せんせーは,殺せんせーは,殺せんせーは,殺せんせーは
338,21:56.3,0.2500864863395691,0.3554966449737549,0.1908340156078338,0.4688090085983276,0.2668906450271606,0.3039734959602356,-0.4488730728626251,-0.5849564671516418,-0.5641167759895325,-0.5929328799247742,-0.707392156124115,-0.6387218832969666,殺せんせー,殺せんせー,殺せんせー,殺せんせー,殺せんせー,殺せんせー,殺せんせー,殺せんせー,殺せんせー,殺せんせー,殺せんせー,殺せんせー
339,21:59.8,0.7782639265060425,0.7761478424072266,0.7486835718154907,0.8004267811775208,0.7291304469108582,0.7062708735466003,-0.2177856713533401,-0.3929405510425567,-0.5234443545341492,-0.5515481233596802,-0.5936856865882874,-0.65184086561203,殺せんせーと　僕らの暗殺教室,殺せんせーと　僕らの暗殺教室,殺せんせーと　僕らの暗殺教室,殺せんせーと　僕らの暗殺教室,殺せんせーと　僕らの暗殺教室,殺せんせーと　僕らの暗殺教室,殺せんせーと　僕らの暗殺教室,殺せんせーと　僕らの暗殺教室,殺せんせーと　僕らの暗殺教室,殺せんせーと　僕らの暗殺教室,殺せんせーと　僕らの暗殺教室,殺せんせーと　僕らの暗殺教室
340,22:05.0,0.8457146286964417,0.6718378067016602,0.6257824897766113,0.9005287885665894,0.7203642129898071,0.6113481521606445,0.4288164377212524,0.399993896484375,-0.4566380381584167,0.4470246136188507,-0.0353335477411747,0.0636928379535675,始業のベルは　明日も鳴る,始業のベルは　明日も鳴る,始業のベルは　明日も鳴る,始業のベルは　明日も鳴る,始業のベルは　明日も鳴る,始業のベルは　明日も鳴る,始業のベルは　明日も鳴る,始業のベルは　明日も鳴る,始業のベルは　明日も鳴る,始業のベルは　明日も鳴る,始業のベルは　明日も鳴る,始業のベルは　明日も鳴る
