time_stamp,group,sub_jap,sub_trad_en,sub_trad_sp,cosn_jap_en,cosn_jap_sp,punc_jaccard_en,punc_jaccard_sp,digits_match_en,digits_match_sp,len_ratio_en,len_ratio_sp,sbert_jap_en,sbert_jap_sp,comet_jap_en,comet_jap_sp,comet_jap_en_norm,sbert_jap_en_norm,qe_mix_en,comet_jap_sp_norm,sbert_jap_sp_norm,qe_mix_sp,flags_en,flags_sp,flags_all
0:00:48.77,ai,それでは,"Well then,","Bien,",0.0,0.0,0.0,0.0,1,1,2.0,1.0,0.891360342502594,0.9077980518341064,0.06643904000520706,-0.1396825611591339,0.6638893866309064,0.8812356010800004,0.7508278724105439,0.537797344654601,0.8872609013260537,0.6775827673231821,length_ratio_extreme;low_punc_jaccard,low_punc_jaccard,EN:length_ratio_extreme;EN:low_punc_jaccard;SP:low_punc_jaccard
0:00:50.51,ai,ホームルームを始めます,Let's begin homeroom.,empezaremos la clase.,0.0,0.0,0.0,0.0,1,1,3.0,3.0,0.9257076382637024,0.5300703048706055,0.06263304501771927,-0.08626848459243774,0.6618614152092521,0.9265773941986862,0.7677478068050259,0.5635985206480638,0.32643536860564826,0.4687332598310976,length_ratio_extreme;low_punc_jaccard,length_ratio_extreme;low_punc_jaccard,EN:length_ratio_extreme;EN:low_punc_jaccard;SP:length_ratio_extreme;SP:low_punc_jaccard
0:00:52.75,ai,日直の人は号令を,"Class monitor, give the command.","El encargado, por favor, dé la orden.",0.0,0.0,0.0,0.0,1,1,5.0,7.0,0.22380712628364563,0.6099978685379028,-0.5759018063545227,-0.2583679258823395,0.3216270127546489,0.0,0.19297620765278933,0.48046747620226427,0.4451066042591083,0.4663231274250019,low_qe_mix;length_ratio_extreme;low_punc_jaccard,length_ratio_extreme;low_punc_jaccard,EN:low_qe_mix;EN:length_ratio_extreme;EN:low_punc_jaccard;SP:length_ratio_extreme;SP:low_punc_jaccard
0:00:54.90,ai,き…起立,St… stand.,¡Se… levanten!,0.0,0.0,0.5,0.3333333333333333,1,1,2.0,2.0,0.5819593667984009,0.8845288753509521,-0.9239699244499207,0.1433040350675583,0.1361637636944206,0.47279602177012253,0.2708166669247014,0.6744914043921852,0.8527123451184762,0.7457797806827016,length_ratio_extreme,length_ratio_extreme,EN:length_ratio_extreme;SP:length_ratio_extreme
0:01:00.08,ai,気を付け,Attention.,¡Atención!,0.0,0.0,0.0,0.0,1,1,1.0,1.0,0.7549595832824707,0.8109492063522339,0.14047768712043762,0.2020467072725296,0.70333984858402,0.701173244823313,0.7024732070797373,0.7028665092579268,0.7434660496177523,0.719106325401857,low_punc_jaccard,low_punc_jaccard,EN:low_punc_jaccard;SP:low_punc_jaccard
0:01:04.97,ai,礼,Bow.,¡Saludad!,0.0,0.0,0.0,0.0,1,1,1.0,1.0,0.5262379050254822,0.877743124961853,-0.38592013716697693,-0.3938426077365875,0.42285609923981404,0.39923823691419735,0.41340895430956737,0.4150276832889628,0.8426373053379277,0.5860715321085488,low_punc_jaccard,low_punc_jaccard,EN:low_punc_jaccard;SP:low_punc_jaccard
0:01:09.72,ai,おはようございます,Good morning.,Buenos días.,0.0,0.0,0.0,0.0,1,1,2.0,2.0,0.981326699256897,0.4819415807723999,0.2976534068584442,0.2692902684211731,0.7870887418049759,1.0,0.8722532450829855,0.7353478899564575,0.25497697681814285,0.5431995247011316,length_ratio_extreme;low_punc_jaccard,length_ratio_extreme;low_punc_jaccard,EN:length_ratio_extreme;EN:low_punc_jaccard;SP:length_ratio_extreme;SP:low_punc_jaccard
0:01:11.61,ai,発砲したままで結構ですので　出欠をとります,You may keep your weapons raised; I'll take attendance.,Pueden mantener las armas cargadas; tomaré la asistencia.,0.0,0.0,0.0,0.0,1,1,4.5,4.0,0.5265846252441406,0.6507265567779541,-0.5488446950912476,-0.5302965044975281,0.33604401765739544,0.39969594154788435,0.36150478721359103,0.34911488966560605,0.5055779052499705,0.41170009589935186,length_ratio_extreme;low_punc_jaccard,length_ratio_extreme;low_punc_jaccard,EN:length_ratio_extreme;EN:low_punc_jaccard;SP:length_ratio_extreme;SP:low_punc_jaccard
0:01:15.23,ai,磯貝君,Isogai.,Isogai-kun.,0.0,0.0,0.0,0.0,1,1,1.0,1.0,0.7433658838272095,0.5099204182624817,-0.4496603012084961,-0.17924416065216064,0.3888930405619374,0.6858684264807899,0.5076831949294784,0.5186874796768192,0.29651813064232563,0.42981974006302176,low_punc_jaccard,low_punc_jaccard,EN:low_punc_jaccard;SP:low_punc_jaccard
0:01:16.68,ai,はい,Yes.,Sí.,0.0,0.0,0.0,0.0,1,1,1.0,1.0,0.9201773405075073,0.9837301969528198,0.517665684223175,0.5430669784545898,0.9043192196105287,0.9192768597260406,0.9103022756567335,0.8675931992929045,1.0,0.9205559195757427,low_punc_jaccard,low_punc_jaccard,EN:low_punc_jaccard;SP:low_punc_jaccard
0:01:18.03,ai,すみませんが　銃声の中なので　大きな声で,"Sorry — it's noisy with gunfire, so speak loudly.","Perdón, pero con los disparos de fondo, habla más fuerte.",0.0,0.0,0.0,0.0,1,1,3.0,3.3333333333333335,0.828147828578949,0.8503116965293884,0.43128135800361633,-0.23115019500255585,0.8582905344892819,0.7977888939862985,0.8340898782880886,0.49361474953750817,0.8019089087941461,0.6169324132401633,length_ratio_extreme;low_punc_jaccard,length_ratio_extreme;low_punc_jaccard,EN:length_ratio_extreme;EN:low_punc_jaccard;SP:length_ratio_extreme;SP:low_punc_jaccard
0:01:21.41,ai,はい,Yes.,Sí.,0.0,0.0,0.0,0.0,1,1,1.0,1.0,0.9201773405075073,0.9837301969528198,0.517665684223175,0.5430669784545898,0.9043192196105287,0.9192768597260406,0.9103022756567335,0.8675931992929045,1.0,0.9205559195757427,low_punc_jaccard,low_punc_jaccard,EN:low_punc_jaccard;SP:low_punc_jaccard
0:01:22.34,ai,岡島君,Okajima.,Okajima-kun.,0.0,0.0,0.0,0.0,1,1,1.0,1.0,0.7239060401916504,0.7222786545753479,-0.13347339630126953,0.020987756550312042,0.5573688291956997,0.6601795276987037,0.5984931085969013,0.615407656591206,0.6118137952185287,0.613970112042135,low_punc_jaccard,low_punc_jaccard,EN:low_punc_jaccard;SP:low_punc_jaccard
0:01:23.61,ai,はい,Yes.,Sí.,0.0,0.0,0.0,0.0,1,1,1.0,1.0,0.9201773405075073,0.9837301969528198,0.517665684223175,0.5430669784545898,0.9043192196105287,0.9192768597260406,0.9103022756567335,0.8675931992929045,1.0,0.9205559195757427,low_punc_jaccard,low_punc_jaccard,EN:low_punc_jaccard;SP:low_punc_jaccard
0:01:24.27,ai,奥田さん,Okuda.,Okuda-san.,0.0,0.0,0.0,0.0,1,1,1.0,1.0,0.546360969543457,0.5688773393630981,-0.17336463928222656,0.09763301908969879,0.5361133359526455,0.42580265219259367,0.4919890624486248,0.6524304422491138,0.384053523394405,0.5450796747072304,low_punc_jaccard,low_punc_jaccard,EN:low_punc_jaccard;SP:low_punc_jaccard
0:01:25.51,ai,はい,Yes.,Sí.,0.0,0.0,0.0,0.0,1,1,1.0,1.0,0.9201773405075073,0.9837301969528198,0.517665684223175,0.5430669784545898,0.9043192196105287,0.9192768597260406,0.9103022756567335,0.8675931992929045,1.0,0.9205559195757427,low_punc_jaccard,low_punc_jaccard,EN:low_punc_jaccard;SP:low_punc_jaccard
0:01:26.32,ai,片岡さん,Kataoka.,Kataoka-san.,0.0,0.0,0.0,0.0,1,1,1.0,1.0,0.7144825458526611,0.6406022310256958,-0.31164392828941345,0.06371539831161499,0.4624331426693807,0.6477395925799289,0.5365557226336,0.6360468490237935,0.4905459664287172,0.577846495985763,low_punc_jaccard,low_punc_jaccard,EN:low_punc_jaccard;SP:low_punc_jaccard
0:01:27.36,ai,はい,Yes.,Sí.,0.0,0.0,0.0,0.0,1,1,1.0,1.0,0.9201773405075073,0.9837301969528198,0.517665684223175,0.5430669784545898,0.9043192196105287,0.9192768597260406,0.9103022756567335,0.8675931992929045,1.0,0.9205559195757427,low_punc_jaccard,low_punc_jaccard,EN:low_punc_jaccard;SP:low_punc_jaccard
0:01:27.95,ai,茅野さん,Chino.,Chino-san.,0.0,0.0,0.0,0.0,1,1,1.0,1.0,0.6263061165809631,0.4530165195465088,-0.642427921295166,-0.02922762557864189,0.28617949894109046,0.531338073176797,0.3842429286353731,0.5911515803812141,0.21203093168011328,0.43950332090077376,low_punc_jaccard,low_punc_jaccard,EN:low_punc_jaccard;SP:low_punc_jaccard
0:01:28.89,ai,はい,Yes.,Sí.,0.0,0.0,0.0,0.0,1,1,1.0,1.0,0.9201773405075073,0.9837301969528198,0.517665684223175,0.5430669784545898,0.9043192196105287,0.9192768597260406,0.9103022756567335,0.8675931992929045,1.0,0.9205559195757427,low_punc_jaccard,low_punc_jaccard,EN:low_punc_jaccard;SP:low_punc_jaccard
0:01:29.51,ai,神崎さん,Kanzaki.,Kanzaki-san.,0.0,0.0,0.0,0.0,1,1,1.0,1.0,0.7208825349807739,0.697314441204071,-0.11472150683403015,0.24985593557357788,0.567360512334169,0.656188204809172,0.6028915893241702,0.7259603151007877,0.574748558747444,0.6654756125594503,low_punc_jaccard,low_punc_jaccard,EN:low_punc_jaccard;SP:low_punc_jaccard
0:01:30.45,ai,はい,Yes.,Sí.,0.0,0.0,0.0,0.0,1,1,1.0,1.0,0.9201773405075073,0.9837301969528198,0.517665684223175,0.5430669784545898,0.9043192196105287,0.9192768597260406,0.9103022756567335,0.8675931992929045,1.0,0.9205559195757427,low_punc_jaccard,low_punc_jaccard,EN:low_punc_jaccard;SP:low_punc_jaccard
0:01:33.27,ai,はい　遅刻なしっと,Yes — no tardies.,"Bien, sin tardanzas.",0.0,0.0,0.0,0.0,1,1,2.0,1.5,0.4969078302383423,0.8499559164047241,-0.09822997450828552,0.13949652016162872,0.5761477956505803,0.3605196666837017,0.4898965440638289,0.6726522195087219,0.8013806696601398,0.7241435995692891,length_ratio_extreme;low_punc_jaccard,low_punc_jaccard,EN:length_ratio_extreme;EN:low_punc_jaccard;SP:low_punc_jaccard
0:01:36.03,ai,素晴らしい　先生　とてもうれしいです,"Wonderful. Teacher, I'm very pleased.","Excelente. Profesor, estoy muy contento.",0.0,0.0,0.0,0.0,1,1,1.6666666666666667,1.6666666666666667,0.9278618693351746,0.8909522294998169,0.456074059009552,0.6104047894477844,0.8715009799236418,0.9294211901193868,0.8946690640019398,0.9001201065077193,0.8622493225879576,0.8849717929398146,low_punc_jaccard,low_punc_jaccard,EN:low_punc_jaccard;SP:low_punc_jaccard
0:01:39.40,ai,速過ぎ,Too fast.,Demasiado rápido.,0.0,0.0,0.0,0.0,1,1,2.0,2.0,0.9793047904968262,0.9787968993186951,0.3800308108329773,0.36636555194854736,0.830982394213774,0.9973308824851418,0.8975217895223211,0.7822392084233715,0.9926753612993284,0.8664136695737543,length_ratio_extreme;low_punc_jaccard,length_ratio_extreme;low_punc_jaccard,EN:length_ratio_extreme;EN:low_punc_jaccard;SP:length_ratio_extreme;SP:low_punc_jaccard
0:01:40.86,ai,クラス一斉射撃で駄目なのかよ,Is a class-wide volley that hopeless?,¿No sirve disparar todos a la vez?,0.0,0.0,0.0,0.0,1,1,6.0,7.0,0.5706267952919006,0.7234900593757629,-0.356510728597641,-0.48206275701522827,0.43852649300082447,0.4578359178852551,0.4462502629545967,0.37241375557525275,0.6136124100886152,0.46889321738059775,length_ratio_extreme;low_punc_jaccard,length_ratio_extreme;low_punc_jaccard,EN:length_ratio_extreme;EN:low_punc_jaccard;SP:length_ratio_extreme;SP:low_punc_jaccard
0:01:43.50,ai,僕らは,We are,Nosotros somos…,0.0,0.0,1.0,0.0,1,1,2.0,2.0,0.9350437521934509,0.9264596700668335,-0.7610642313957214,-0.4073084592819214,0.22296579339355932,0.9389019786224319,0.5093402674851083,0.40852312816126773,0.9149684554332855,0.6111012590700748,length_ratio_extreme;model_discrepancy,length_ratio_extreme;low_punc_jaccard;model_discrepancy,EN:length_ratio_extreme;EN:model_discrepancy;SP:length_ratio_extreme;SP:low_punc_jaccard;SP:model_discrepancy
0:01:45.02,ai,殺し屋,assassins.,asesinos.,0.0,0.0,0.0,0.0,1,1,1.0,1.0,0.8486101627349854,0.9608265161514282,-0.3661285936832428,-0.45125457644462585,0.43340174754134586,0.8248011784025573,0.5899615198858305,0.3872953624480767,0.9659941079522025,0.6187748606497271,low_punc_jaccard,low_punc_jaccard;model_discrepancy,EN:low_punc_jaccard;SP:low_punc_jaccard;SP:model_discrepancy
0:01:46.54,ai,僕らのターゲットは,Our target is,Nuestro objetivo es…,0.0,0.0,1.0,0.0,1,1,3.0,3.0,0.9491438865661621,0.9035634994506836,-0.07232144474983215,-0.05101313069462776,0.5899527948951805,0.9575155364442692,0.736977891514816,0.5806282934925571,0.8809737140189082,0.7007664617030975,length_ratio_extreme,length_ratio_extreme;low_punc_jaccard,EN:length_ratio_extreme;SP:length_ratio_extreme;SP:low_punc_jaccard
0:01:49.07,ai,先生,the teacher.,el profesor.,0.0,0.0,0.0,0.0,1,1,2.0,2.0,0.41060739755630493,0.5982637405395508,-0.4877898395061493,-0.3680941164493561,0.36857624712350195,0.246594646445202,0.319783606852182,0.4274652540188145,0.4276845360139574,0.4275529668168717,length_ratio_extreme;low_punc_jaccard,length_ratio_extreme;low_punc_jaccard,EN:length_ratio_extreme;EN:low_punc_jaccard;SP:length_ratio_extreme;SP:low_punc_jaccard
0:01:50.07,ai,残念ですねぇ,"That's unfortunate, isn't it.",Qué lástima.,0.0,0.0,0.0,0.0,1,1,4.0,2.0,0.7093304991722107,0.8609867095947266,0.24176743626594543,0.38764187693595886,0.7573106807182997,0.6409383865592992,0.7107617630546994,0.7925165405571368,0.8177584722357857,0.8026133132285964,length_ratio_extreme;low_punc_jaccard,length_ratio_extreme;low_punc_jaccard,EN:length_ratio_extreme;EN:low_punc_jaccard;SP:length_ratio_extreme;SP:low_punc_jaccard
0:01:51.60,ai,今日も命中弾ゼロです,Zero hits again today.,Hoy tampoco hay impactos.,0.0,0.0,0.0,0.0,1,1,4.0,4.0,0.7162578701972961,0.5884974002838135,-0.19213669002056122,-0.3977603018283844,0.5261109101616663,0.6500831945249808,0.5756998239069921,0.4131352773681231,0.4131841107190641,0.41315481070849946,length_ratio_extreme;low_punc_jaccard,length_ratio_extreme;low_punc_jaccard,EN:length_ratio_extreme;EN:low_punc_jaccard;SP:length_ratio_extreme;SP:low_punc_jaccard
0:01:53.98,ai,数に頼る戦術は　個々の思考を疎かにする,Tactics that rely on numbers neglect individual thinking.,La táctica de confiar en la cantidad descuida el pensamiento individual.,0.0,0.0,0.0,0.0,1,1,4.0,5.5,0.8545708656311035,0.7164433002471924,0.35051149129867554,-0.006545141339302063,0.8152534359258501,0.8326698897979903,0.8222200174747062,0.6021081447448681,0.6031498415481716,0.6025248234661895,length_ratio_extreme;low_punc_jaccard,length_ratio_extreme;low_punc_jaccard,EN:length_ratio_extreme;EN:low_punc_jaccard;SP:length_ratio_extreme;SP:low_punc_jaccard
0:01:57.64,ai,目線　銃口の向き　指の動き,"Gaze, muzzle direction, finger movement.","La mirada, la dirección del cañón, el movimiento de los dedos.",0.0,0.0,0.0,0.0,1,1,1.6666666666666667,3.6666666666666665,0.7618880271911621,0.8219773769378662,-0.07420976459980011,0.30353623628616333,0.5889466299624186,0.7103194691003932,0.6374957656176085,0.7518900882072834,0.7598399583214102,0.7550700362529341,low_punc_jaccard,length_ratio_extreme;low_punc_jaccard,EN:low_punc_jaccard;SP:length_ratio_extreme;SP:low_punc_jaccard
0:02:01.38,ai,一人一人が単純過ぎます,Each one of you is too simple.,Cada uno es demasiado simple.,0.0,0.0,0.0,0.0,1,1,7.0,5.0,0.8413947820663452,0.9382146000862122,0.0500071756541729,0.22626930475234985,0.6551338965638026,0.8152761695102856,0.7191908057423958,0.7145670110875386,0.9324214091630684,0.8017087703177506,length_ratio_extreme;low_punc_jaccard,length_ratio_extreme;low_punc_jaccard,EN:length_ratio_extreme;EN:low_punc_jaccard;SP:length_ratio_extreme;SP:low_punc_jaccard
0:02:04.01,ai,もっと工夫しましょう,Use more ingenuity.,Sean más ingeniosos.,0.0,0.0,0.0,0.0,1,1,3.0,3.0,0.6785619258880615,0.8150234222412109,0.13963428139686584,0.31304731965065,0.7028904515906224,0.6003208574789838,0.6618626139459669,0.7564843291180889,0.7495151797510868,0.7536966693712881,length_ratio_extreme;low_punc_jaccard,length_ratio_extreme;low_punc_jaccard,EN:length_ratio_extreme;EN:low_punc_jaccard;SP:length_ratio_extreme;SP:low_punc_jaccard
0:02:05.91,ai,でないと,Otherwise,Si no…,0.0,0.0,1.0,0.0,1,1,1.0,2.0,0.6137434244155884,0.7215356826782227,-0.7010090947151184,-0.763977587223053,0.25496533656484177,0.5147540895893283,0.3588808377746364,0.23623740250703476,0.6107106789837508,0.3860267130977212,,length_ratio_extreme;low_punc_jaccard,SP:length_ratio_extreme;SP:low_punc_jaccard
0:02:07.43,ai,最高速度マッハ20の先生は　殺せませんよ,you won't be able to kill a teacher who can hit Mach 20.,no podrán matar al profesor que alcanza Mach 20.,0.0,0.0,0.0,0.0,1,1,6.5,4.5,0.7871811985969543,0.8060582876205444,-0.3853631913661957,-0.5265263915061951,0.4231528600529806,0.7437089316412976,0.5513752886883074,0.35093600789991947,0.736204332348523,0.5050433376793608,length_ratio_extreme;low_punc_jaccard,length_ratio_extreme;low_punc_jaccard,EN:length_ratio_extreme;EN:low_punc_jaccard;SP:length_ratio_extreme;SP:low_punc_jaccard
0:02:12.21,ai,いや　ていうかさ,"I mean, seriously—","O sea,",0.0,0.0,0.0,0.0,1,1,1.5,1.0,0.542327344417572,0.7166159749031067,0.10228073596954346,0.0087425597012043,0.6829871351456175,0.4204778721211651,0.5779834299358365,0.6094927274323367,0.6034062176197442,0.6070581235072997,low_punc_jaccard,low_punc_jaccard,EN:low_punc_jaccard;SP:low_punc_jaccard
0:02:14.37,ai,本当に全部よけてんのかよ　先生,"Are you really dodging everything, Sensei?","¿Realmente lo estás esquivando todo, profesor?",0.0,0.0,0.0,0.0,1,1,3.0,3.0,0.541303277015686,0.7221280932426453,-0.2084139734506607,-0.1899118274450302,0.51743778638538,0.419126002891085,0.4781130729876619,0.5135345618309257,0.6115902515675822,0.5527568377255883,length_ratio_extreme;low_punc_jaccard,length_ratio_extreme;low_punc_jaccard,EN:length_ratio_extreme;EN:low_punc_jaccard;SP:length_ratio_extreme;SP:low_punc_jaccard
0:02:16.60,ai,どう見ても これ　ただのBB弾だろ,"From any angle, these are just BB pellets.",A todas luces esto son solo perdigones BB.,0.0,0.0,0.0,0.0,1,1,2.6666666666666665,2.6666666666666665,0.5878686904907227,0.6198577880859375,-0.23583310842514038,-0.528820812702179,0.5028278821901494,0.48059690758635004,0.49393549234862966,0.3498277089479233,0.4597459699863002,0.39379501336327405,length_ratio_extreme;low_punc_jaccard,length_ratio_extreme;low_punc_jaccard,EN:length_ratio_extreme;EN:low_punc_jaccard;SP:length_ratio_extreme;SP:low_punc_jaccard
0:02:19.79,ai,当たってるのに　我慢してるだけじゃないの,"They're hitting you — you're just holding back, aren't you?","Está siendo alcanzado pero solo lo toleras, ¿no?",0.0,0.0,0.0,0.0,1,1,5.0,4.0,0.5752067565917969,0.7318788170814514,-0.4423539936542511,-0.6716617345809937,0.392786104784706,0.4638819151944995,0.4212244289486234,0.2808297218749491,0.6260674906247289,0.418924829374861,length_ratio_extreme;low_punc_jaccard,length_ratio_extreme;low_punc_jaccard,EN:length_ratio_extreme;EN:low_punc_jaccard;SP:length_ratio_extreme;SP:low_punc_jaccard
0:02:22.58,ai,そうよ　そうだよ,"Yeah, that's it.","Eso es, así es.",0.0,0.0,0.0,0.0,1,1,1.5,2.0,0.8128564357757568,0.855499267578125,0.22838476300239563,0.19093859195709229,0.750179909655007,0.7776027584080801,0.7611490491562363,0.6975008368241554,0.8096110760834709,0.7423449325278817,low_punc_jaccard,length_ratio_extreme;low_punc_jaccard,EN:low_punc_jaccard;SP:length_ratio_extreme;SP:low_punc_jaccard
0:02:26.18,ai,では　弾を込めて渡しなさい,"Now, load the rounds and pass them along.","Entonces, carguen las balas y pásenlas.",0.0,0.0,0.0,0.0,1,1,4.0,3.0,0.49923503398895264,0.8663304448127747,-0.19336983561515808,-0.5016738176345825,0.5254538457060371,0.36359180347546294,0.4607090288138075,0.3629408140028825,0.8256925019025768,0.5480414891627602,length_ratio_extreme;low_punc_jaccard,length_ratio_extreme;low_punc_jaccard,EN:length_ratio_extreme;EN:low_punc_jaccard;SP:length_ratio_extreme;SP:low_punc_jaccard
0:02:29.43,ai,言ったでしょう,"I told you, remember?",¿No les dije?,0.0,0.0,0.0,0.0,1,1,4.0,3.0,0.6926054358482361,0.5611605048179626,-0.34662583470344543,-0.585900604724884,0.44379352104195824,0.6188596655325553,0.5138199788381971,0.32225584298466686,0.3725960705610313,0.3423919340152126,length_ratio_extreme;low_punc_jaccard,length_ratio_extreme;low_punc_jaccard,EN:length_ratio_extreme;EN:low_punc_jaccard;SP:length_ratio_extreme;SP:low_punc_jaccard
0:02:30.96,ai,この弾は君たちにとっては無害ですが,"These rounds are harmless to you,","Estas balas son inofensivas para ustedes,",0.0,0.0,0.0,0.0,1,1,6.0,6.0,0.6800769567489624,0.887315034866333,-0.24260368943214417,0.4500153958797455,0.49922027239682665,0.6023208465419124,0.540460502054861,0.8226454923811141,0.8568490531231663,0.836326916677935,length_ratio_extreme;low_punc_jaccard,length_ratio_extreme;low_punc_jaccard,EN:length_ratio_extreme;EN:low_punc_jaccard;SP:length_ratio_extreme;SP:low_punc_jaccard
0:02:36.57,ai,国が開発した対先生用特殊弾です,developed by the government specifically for use against Sensei.,son munición especial desarrollada por el país para usar contra el profesor.,0.0,0.0,0.0,0.0,1,1,9.0,12.0,0.3326563835144043,0.8267580270767212,-0.2235606163740158,-0.24700596928596497,0.5093671086562849,0.14369167624742316,0.36309693569274015,0.485955764320605,0.7669379559729629,0.5983486409815482,length_ratio_extreme;low_punc_jaccard,length_ratio_extreme;low_punc_jaccard,EN:length_ratio_extreme;EN:low_punc_jaccard;SP:length_ratio_extreme;SP:low_punc_jaccard
0:02:40.37,ai,当たれば　先生の細胞を豆腐のように破壊できる,"If they hit, they can destroy Sensei's cells like tofu.","Si impactan, pueden destrozar las células del profesor como tofu.",0.0,0.0,0.0,0.0,1,1,5.0,5.0,0.5692522525787354,0.8521953821182251,-0.4547884166240692,-0.6162437796592712,0.38616059568381345,0.45602138693159244,0.414104912182925,0.30759885278649346,0.8047056823495163,0.5064415846117026,length_ratio_extreme;low_punc_jaccard,length_ratio_extreme;low_punc_jaccard,EN:length_ratio_extreme;EN:low_punc_jaccard;SP:length_ratio_extreme;SP:low_punc_jaccard
0:02:45.04,ai,もちろん数秒あれば再生しますが,"Of course, he regenerates in a few seconds,","Claro, se regenerará en segundos,",0.0,0.0,0.0,0.0,1,1,8.0,5.0,0.6388729810714722,0.8024834990501404,0.19116689264774323,0.2524946928024292,0.7303488857828799,0.5479275646419276,0.657380357326499,0.7272349423908543,0.7308967193376276,0.7286996531695635,length_ratio_extreme;low_punc_jaccard,length_ratio_extreme;low_punc_jaccard,EN:length_ratio_extreme;EN:low_punc_jaccard;SP:length_ratio_extreme;SP:low_punc_jaccard
0:02:48.49,ai,だが　君たちも目に入ると危ない,but if it gets in your eyes it's dangerous for you too.,pero si les entra a ustedes en los ojos es peligroso.,0.0,0.0,0.0,0.0,1,1,6.0,5.5,0.7281825542449951,0.808256208896637,-0.4931611120700836,-0.5149917602539062,0.36571423934540864,0.6658249449340096,0.48575852158084903,0.3565077049148138,0.7394676625657263,0.5096916879751788,length_ratio_extreme;low_punc_jaccard,length_ratio_extreme;low_punc_jaccard,EN:length_ratio_extreme;EN:low_punc_jaccard;SP:length_ratio_extreme;SP:low_punc_jaccard
0:02:52.18,ai,先生を殺す以外の目的で室内での発砲はしないように,Do not fire indoors for any purpose other than killing Sensei.,No disparen dentro del aula con otro fin que no sea matar al profesor.,0.0,0.0,0.0,0.0,1,1,11.0,14.0,0.5557793378829956,0.9056845903396606,0.29483965039253235,-0.02692348137497902,0.7855894708602891,0.43823582049024123,0.64664801071227,0.5922645759422024,0.8841229714862816,0.7090079341598341,length_ratio_extreme;low_punc_jaccard,length_ratio_extreme;low_punc_jaccard,EN:length_ratio_extreme;EN:low_punc_jaccard;SP:length_ratio_extreme;SP:low_punc_jaccard
0:02:57.51,ai,殺せるといいですね　卒業までに,Hopefully you'll be able to kill him before graduation.,Ojalá lo maten antes de graduarse.,0.0,0.0,0.0,0.0,1,1,4.5,3.0,0.8059476613998413,0.7502337098121643,-0.3941195011138916,-0.5204907059669495,0.4184871823561214,0.7684824998399765,0.5584853093496635,0.35385149001341853,0.6533196387035477,0.47363874948947016,length_ratio_extreme;low_punc_jaccard,length_ratio_extreme;low_punc_jaccard,EN:length_ratio_extreme;EN:low_punc_jaccard;SP:length_ratio_extreme;SP:low_punc_jaccard
0:03:02.02,ai,さあ　銃と弾を片付けましょう,"Now, put away your guns and ammo.","Bien, guarden las armas y las balas.",0.0,0.0,0.0,0.0,1,1,3.5,3.5,0.7704888582229614,0.8140115737915039,0.267855703830719,-0.2717380225658417,0.771211450749726,0.7216734081122147,0.7513962336947215,0.47400917457554026,0.7480128531404497,0.583610646001504,length_ratio_extreme;low_punc_jaccard,length_ratio_extreme;low_punc_jaccard,EN:length_ratio_extreme;EN:low_punc_jaccard;SP:length_ratio_extreme;SP:low_punc_jaccard
0:03:04.83,ai,授業を始めます,Class will begin.,Empezaremos la clase.,0.0,0.0,0.0,0.0,1,1,3.0,3.0,0.8594251871109009,0.9300573468208313,0.4135240912437439,0.15047255158424377,0.8488288222079735,0.8390780694054746,0.8449285210869739,0.6779540900388817,0.9203100513269851,0.7748964745541231,length_ratio_extreme;low_punc_jaccard,length_ratio_extreme;low_punc_jaccard,EN:length_ratio_extreme;EN:low_punc_jaccard;SP:length_ratio_extreme;SP:low_punc_jaccard
0:03:08.08,ai,椚ヶ丘中学校３-Eは　暗殺教室,"Kunugigaoka Middle School, Class 3-E: Assassination Classroom.",La clase 3-E de la escuela Kunugigaoka es… el aula de asesinato.,0.0,0.0,0.25,0.3333333333333333,0,0,3.5,6.0,0.8035157322883606,0.7645571827888489,-0.04557880386710167,0.022630900144577026,0.6042022386353931,0.7652721153189067,0.6686301893087986,0.6162013619172771,0.6745861975601086,0.6395552961744098,length_ratio_extreme;low_punc_jaccard;digits_mismatch,length_ratio_extreme;digits_mismatch,EN:length_ratio_extreme;EN:low_punc_jaccard;EN:digits_mismatch;SP:length_ratio_extreme;SP:digits_mismatch
0:03:13.64,ai,始業のベルが　今日も鳴る,The starting bell rings again today.,Suena la campana; otro día comienza.,0.0,0.0,0.0,0.0,1,1,3.0,3.0,0.8447549343109131,0.877007246017456,0.23882956802845,-0.15284857153892517,0.7557452785446728,0.8197118994431496,0.7813319269040635,0.5314376250305693,0.8415447202569354,0.6554804631211157,length_ratio_extreme;low_punc_jaccard,length_ratio_extreme;low_punc_jaccard,EN:length_ratio_extreme;EN:low_punc_jaccard;SP:length_ratio_extreme;SP:low_punc_jaccard
0:04:56.48,ai,はい　ここで問題です,"All right, question time.","Bien, pregunta ahora.",0.0,0.0,0.0,0.0,1,1,2.0,1.5,0.5939089059829712,0.659010112285614,0.01943226531147957,0.19299353659152985,0.6388424814152112,0.4885705833932217,0.5787337222064154,0.6984934588365147,0.5178767884211115,0.6262467906703534,length_ratio_extreme;low_punc_jaccard,low_punc_jaccard,EN:length_ratio_extreme;EN:low_punc_jaccard;SP:low_punc_jaccard
0:04:58.90,ai,磯貝君,Isogai.,Isogai-kun.,0.0,0.0,0.0,0.0,1,1,1.0,1.0,0.7433658838272095,0.5099204182624817,-0.4496600329875946,-0.17924486100673676,0.3888931834797092,0.6858684264807899,0.5076832806801415,0.5186871413770143,0.29651813064232563,0.42981953708313886,low_punc_jaccard,low_punc_jaccard,EN:low_punc_jaccard;SP:low_punc_jaccard
0:05:00.27,ai,はい,Yes.,Sí.,0.0,0.0,0.0,0.0,1,1,1.0,1.0,0.9201773405075073,0.9837301969528198,0.517665684223175,0.5430669784545898,0.9043192196105287,0.9192768597260406,0.9103022756567335,0.8675931992929045,1.0,0.9205559195757427,low_punc_jaccard,low_punc_jaccard,EN:low_punc_jaccard;SP:low_punc_jaccard
0:05:01.23,ai,この4本の触手のうち　仲間外れは,Which of these four tentacles is the odd one out?,"De estos cuatro tentáculos, ¿cuál es el intruso?",0.0,0.0,0.0,0.0,0,0,5.0,4.0,0.6724263429641724,0.7064743638038635,-0.37462911009788513,-0.6027578115463257,0.42887236575948073,0.5922212873255591,0.4942119343859121,0.3141131250362413,0.5883486146422064,0.4238073208786274,length_ratio_extreme;low_punc_jaccard;digits_mismatch,length_ratio_extreme;low_punc_jaccard;digits_mismatch,EN:length_ratio_extreme;EN:low_punc_jaccard;EN:digits_mismatch;SP:length_ratio_extreme;SP:low_punc_jaccard;SP:digits_mismatch
0:05:04.39,ai,ええと　青い触手,Um… the blue tentacle.,Eh… el tentáculo azul.,0.0,0.0,0.0,0.0,1,1,2.0,2.0,0.749168872833252,0.9114866256713867,-0.25264328718185425,-0.43587708473205566,0.4938708125608969,0.6935289401006108,0.5737340635767825,0.39472331768977453,0.8927374552829732,0.593928972727054,length_ratio_extreme;low_punc_jaccard,length_ratio_extreme;low_punc_jaccard,EN:length_ratio_extreme;EN:low_punc_jaccard;SP:length_ratio_extreme;SP:low_punc_jaccard
0:05:06.71,ai,正解　青の例文の「WHO」だけが関係詞です,"Correct. In the blue example, only ""WHO"" is a relative pronoun.","Correcto. En la frase azul, ""WHO"" es el único pronombre relativo.",0.1336306209562122,0.12909944487358055,0.0,0.0,1,1,5.5,5.5,0.9013216495513916,0.9343599081039429,-0.23894795775413513,-0.08959069848060608,0.5011681781067949,0.8943855016293679,0.6584551075158241,0.561993755935722,0.9266982138145463,0.7078755390872518,length_ratio_extreme;low_punc_jaccard,length_ratio_extreme;low_punc_jaccard,EN:length_ratio_extreme;EN:low_punc_jaccard;SP:length_ratio_extreme;SP:low_punc_jaccard
0:05:11.39,ai,関係代名詞は直前の名詞を修飾し,"A relative pronoun modifies the noun immediately before it,",El pronombre relativo modifica el sustantivo inmediatamente anterior,0.0,0.0,0.0,1.0,1,1,9.0,8.0,0.7229135036468506,0.746938943862915,-0.7431218028068542,-0.6723534464836121,0.23252616657663377,0.6588692822869526,0.4030634128607613,0.28049559683369807,0.6484277850244604,0.42766847211000303,length_ratio_extreme;low_punc_jaccard,length_ratio_extreme,EN:length_ratio_extreme;EN:low_punc_jaccard;SP:length_ratio_extreme
0:05:14.40,ai,ここでは「who is standing over there」が,"here, ""who is standing over there""","aquí ""who is standing over there""",0.923869770874312,0.9097176522946842,0.0,0.0,1,1,1.2,1.2,0.9662008285522461,0.9558549523353577,-0.07860186696052551,-0.1656004935503006,0.586606359389858,0.9800323697970178,0.7439767635527219,0.5252779269655924,0.9586126541193427,0.6986118178270926,low_punc_jaccard,low_punc_jaccard,EN:low_punc_jaccard;SP:low_punc_jaccard
0:05:17.55,ai,前の「the boy」少年を説明しています,"describes the preceding ""the boy.""","describe al sustantivo anterior ""the boy"".",0.529150262212918,0.35805743701971643,0.0,0.0,1,1,2.5,3.0,0.9271529316902161,0.8863731622695923,-0.26541975140571594,-0.43028154969215393,0.48706305154151586,0.928485323020698,0.6636319601331887,0.39742618917275935,0.8554506220969359,0.58063596234243,length_ratio_extreme;low_punc_jaccard,length_ratio_extreme;low_punc_jaccard,EN:length_ratio_extreme;EN:low_punc_jaccard;SP:length_ratio_extreme;SP:low_punc_jaccard
0:05:12.18,ai,ねえ　渚,"Hey, Nagisa.","Oye, Nagisa.",0.0,0.0,0.0,0.0,1,1,1.0,1.0,0.6970676183700562,0.7044911980628967,0.21503129601478577,0.21984782814979553,0.7430647007490828,0.6247501833238067,0.6957388937789724,0.7114651761666723,0.5854041394425648,0.6610407614770293,low_punc_jaccard,low_punc_jaccard,EN:low_punc_jaccard;SP:low_punc_jaccard
0:05:16.12,ai,昼間だけど　出てるね　三日月,"It's daytime, but the crescent moon is out.","Es de día, pero la media luna está ahí.",0.0,0.0,0.0,0.0,1,1,2.6666666666666665,3.0,0.4386722147464752,0.5637305974960327,-0.5342488884925842,-0.7873503565788269,0.3438211899225694,0.2836429527747881,0.31974989506345686,0.22494740229800866,0.37641197661216586,0.28553323202367153,length_ratio_extreme;low_punc_jaccard,length_ratio_extreme;low_punc_jaccard,EN:length_ratio_extreme;EN:low_punc_jaccard;SP:length_ratio_extreme;SP:low_punc_jaccard
0:05:21.41,ai,何で僕らがこんな状態になったのか,How did we end up like this?,Por qué estamos así…,0.0,0.0,0.0,0.0,1,1,7.0,4.0,0.870261013507843,0.8818729519844055,0.2994517385959625,0.19006210565567017,0.7880469578253149,0.8533824211127337,0.8141811431402823,0.6970774582173829,0.8487690032568257,0.75775407623316,length_ratio_extreme;low_punc_jaccard,length_ratio_extreme;low_punc_jaccard,EN:length_ratio_extreme;EN:low_punc_jaccard;SP:length_ratio_extreme;SP:low_punc_jaccard
0:05:25.49,ai,３年生の始め,"At the start of our third year,",A comienzos de tercero.,0.0,0.0,0.0,0.0,0,0,7.0,4.0,0.6815230846405029,0.7430006265640259,-0.32898396253585815,-0.39735889434814453,0.4531937469219085,0.6042298769394565,0.5136081989289277,0.41332917354135057,0.642580428257776,0.5050296754279208,length_ratio_extreme;low_punc_jaccard;digits_mismatch,length_ratio_extreme;low_punc_jaccard;digits_mismatch,EN:length_ratio_extreme;EN:low_punc_jaccard;EN:digits_mismatch;SP:length_ratio_extreme;SP:low_punc_jaccard;SP:digits_mismatch
0:05:27.39,ai,僕らは二つの事件に同時に遭った,we experienced two incidents at once.,Sufrimos dos incidentes al mismo tiempo.,0.0,0.0,0.0,0.0,1,1,6.0,6.0,0.8926443457603455,0.9278132915496826,0.5538780689239502,0.5649949908256531,0.9236144844557391,0.8829306110884042,0.9073409351088051,0.87818532299397,0.9169782243616296,0.8937024835410339,length_ratio_extreme;low_punc_jaccard,length_ratio_extreme;low_punc_jaccard,EN:length_ratio_extreme;EN:low_punc_jaccard;SP:length_ratio_extreme;SP:low_punc_jaccard
0:05:45.82,ai,一つ目は　その日突然　月が爆発して三日月形になってしまったこと,The first was that the moon suddenly exploded and became a crescent.,Primero: ese día la luna explotó de repente y quedó en forma de media luna.,0.0,0.0,0.0,0.0,1,1,4.0,5.0,0.7891330718994141,0.9000241756439209,0.3279711902141571,0.26011592149734497,0.8032431504196527,0.7462855954954059,0.7804601284499539,0.7309163064709469,0.8757187567769412,0.7888372865933446,length_ratio_extreme;low_punc_jaccard,length_ratio_extreme;low_punc_jaccard,EN:length_ratio_extreme;EN:low_punc_jaccard;SP:length_ratio_extreme;SP:low_punc_jaccard
0:05:55.23,ai,番組の途中ですが　ここで臨時ニュースです,We interrupt this program for breaking news.,Interrumpimos la programación con noticias de última hora.,0.0,0.0,0.0,0.0,1,1,3.5,4.0,0.527818500995636,0.5335748791694641,0.31341552734375,0.35533449053764343,0.7954873681809842,0.40132477834038127,0.6378223322447429,0.7769107561659963,0.33163873204377436,0.5988019465171075,length_ratio_extreme;low_punc_jaccard,length_ratio_extreme;low_punc_jaccard,EN:length_ratio_extreme;EN:low_punc_jaccard;SP:length_ratio_extreme;SP:low_punc_jaccard
0:05:58.27,ai,つい先ほど　月が７割方蒸発し　失われたとの情報が入りました,Just now we received reports that roughly 70% of the moon has evaporated and been lost.,Hace un momento llegó información: la luna se ha evaporado en un 70% y se ha perdido.,0.0,0.0,0.0,0.0,0,0,5.333333333333333,5.666666666666667,0.8795222640037537,0.9319473505020142,0.4038616716861725,0.09258158504962921,0.8436803365186317,0.8656081784744352,0.852451473300953,0.6499903937251174,0.9231162055739627,0.7592407184646555,length_ratio_extreme;low_punc_jaccard;digits_mismatch,length_ratio_extreme;low_punc_jaccard;digits_mismatch,EN:length_ratio_extreme;EN:low_punc_jaccard;EN:digits_mismatch;SP:length_ratio_extreme;SP:low_punc_jaccard;SP:digits_mismatch
0:06:04.49,ai,繰り返します,We repeat —,Repito:,0.0,0.0,0.0,0.0,1,1,3.0,1.0,0.8491525053977966,0.8213953971862793,0.28042659163475037,0.2034969925880432,0.7779096732369354,0.8255171238146113,0.7969526534680058,0.7035670561749849,0.7589758727284401,0.7257305827963669,length_ratio_extreme;low_punc_jaccard,low_punc_jaccard,EN:length_ratio_extreme;EN:low_punc_jaccard;SP:low_punc_jaccard
0:06:05.70,ai,われわれはもう一生三日月しか見られないということでしょうか,does this mean we'll only ever see a crescent moon for the rest of our lives?,¿Significa esto que solo veremos medias lunas por el resto de nuestras vidas?,0.0,0.0,0.0,0.0,1,1,16.0,13.0,0.46634024381637573,0.6046478748321533,0.09585370123386383,0.3338839113712311,0.6795625791982802,0.3201674599387469,0.5358045314944668,0.7665492521616494,0.43716328239780033,0.6347948642561098,length_ratio_extreme;low_punc_jaccard,length_ratio_extreme;low_punc_jaccard,EN:length_ratio_extreme;EN:low_punc_jaccard;SP:length_ratio_extreme;SP:low_punc_jaccard
0:06:10.74,ai,そして　二つ目の事件が　これ,And the second incident is this:,Y el segundo incidente es esto:,0.0,0.0,0.0,0.0,1,1,2.0,2.0,0.895478367805481,0.8984250426292419,0.6215759515762329,0.6441653370857239,0.9596863583748242,0.8866717976481284,0.930480534084146,0.9164278270044781,0.8733444683322674,0.8991944835355938,length_ratio_extreme;low_punc_jaccard,length_ratio_extreme;low_punc_jaccard,EN:length_ratio_extreme;EN:low_punc_jaccard;SP:length_ratio_extreme;SP:low_punc_jaccard
0:06:13.88,ai,初めまして　私が月をやった犯人です,Nice to meet you. I am the one who did the moon.,Mucho gusto. Yo soy el que destruyó la luna.,0.0,0.0,0.0,0.0,1,1,6.0,4.5,0.7827945947647095,0.8212042450904846,-0.54655522108078,-0.6479412913322449,0.33726393199756455,0.7379181851196895,0.4975256332464146,0.2922876627445195,0.7586920625587704,0.4788494226702199,length_ratio_extreme;low_punc_jaccard,length_ratio_extreme;low_punc_jaccard,EN:length_ratio_extreme;EN:low_punc_jaccard;SP:length_ratio_extreme;SP:low_punc_jaccard
0:06:20.93,ai,来年には　地球もやる予定です,I plan to do the Earth next year.,El próximo año planeo hacer lo mismo con la Tierra.,0.0,0.0,0.0,0.0,1,1,4.0,5.0,0.888008177280426,0.917449951171875,-0.17502392828464508,0.27858611941337585,0.5352292069172074,0.8768104147986602,0.6718616900697885,0.7398381648591668,0.9015914122069258,0.8045394637982703,length_ratio_extreme;low_punc_jaccard,length_ratio_extreme;low_punc_jaccard,EN:length_ratio_extreme;EN:low_punc_jaccard;SP:length_ratio_extreme;SP:low_punc_jaccard
0:06:23.54,ai,君たちの担任になったので　どうぞよろしく,"Since I'm your homeroom teacher now, pleased to meet you.",Soy su nuevo profesor; un gusto.,0.0,0.0,0.0,0.0,1,1,5.0,3.0,0.6508841514587402,0.6295359134674072,-0.15077786147594452,-0.06315137445926666,0.5481483859327371,0.5637834854864866,0.5544024257542368,0.5747650270326017,0.4741154195870522,0.534505184054382,length_ratio_extreme;low_punc_jaccard,length_ratio_extreme;low_punc_jaccard,EN:length_ratio_extreme;EN:low_punc_jaccard;SP:length_ratio_extreme;SP:low_punc_jaccard
0:06:28.13,ai,まず五六カ所ツッコませろ,"First, let me poke a few holes in that.","Primero, déjenme hacer unas cuantas aclaraciones.",0.0,0.0,0.0,0.0,1,1,9.0,6.0,0.6373332142829895,0.5662121772766113,-0.7286919951438904,-0.23782727122306824,0.24021488862084572,0.5458949217328617,0.36248690186565213,0.49038944958362635,0.380096464483706,0.4462722555436582,length_ratio_extreme;low_punc_jaccard,length_ratio_extreme;low_punc_jaccard,EN:length_ratio_extreme;EN:low_punc_jaccard;SP:length_ratio_extreme;SP:low_punc_jaccard
0:06:30.43,ai,クラス全員　そう思った,The whole class thought so.,Toda la clase pensó lo mismo.,0.0,0.0,0.0,0.0,1,1,2.5,3.0,0.9410481452941895,0.885289192199707,0.43904799222946167,0.583829939365387,0.8624288773678815,0.9468283653653794,0.8961886725668807,0.8872833707996768,0.8538412140066293,0.8739065080824577,length_ratio_extreme;low_punc_jaccard,length_ratio_extreme;low_punc_jaccard,EN:length_ratio_extreme;EN:low_punc_jaccard;SP:length_ratio_extreme;SP:low_punc_jaccard
0:06:34.04,ai,防衛省の烏間という者だ,I'm a man named Kuruma from the Defense Ministry.,Soy Kuruma del Ministerio de Defensa.,0.0,0.0,0.0,0.0,1,1,9.0,6.0,0.7206767201423645,0.7001738548278809,-0.030562303960323334,-0.015676062554121017,0.6122035714706527,0.6559165090725171,0.6296887465113985,0.5976975376467221,0.5789940296765259,0.5902161344586436,length_ratio_extreme;low_punc_jaccard,length_ratio_extreme;low_punc_jaccard,EN:length_ratio_extreme;EN:low_punc_jaccard;SP:length_ratio_extreme;SP:low_punc_jaccard
0:06:36.53,ai,まずは　ここからの話は国家機密だと理解いただきたい,"First, understand that what's about to be said is a state secret.",Entiendan que lo que diré es secreto de estado.,0.0,0.0,0.0,0.0,1,1,6.0,4.5,0.7865423560142517,0.722437858581543,0.5284185409545898,0.6093553900718689,0.9100487295610515,0.7428655968873252,0.8431754764915611,0.8996132038385022,0.6120501709476176,0.7845879906821484,length_ratio_extreme;low_punc_jaccard,length_ratio_extreme;low_punc_jaccard,EN:length_ratio_extreme;EN:low_punc_jaccard;SP:length_ratio_extreme;SP:low_punc_jaccard
0:06:43.72,ai,単刀直入に言う,I'll be blunt.,Iré al grano.,0.0,0.0,0.0,0.0,1,1,3.0,3.0,0.5277498960494995,0.5969406962394714,-0.8328180313110352,-0.805858314037323,0.1847327804490521,0.40123421309482965,0.2713333535073631,0.21600730451180228,0.42572016609310964,0.2998924491443252,length_ratio_extreme;low_punc_jaccard,length_ratio_extreme;low_punc_jaccard,EN:length_ratio_extreme;EN:low_punc_jaccard;SP:length_ratio_extreme;SP:low_punc_jaccard
0:06:45.84,ai,この怪物を君たちに殺してほしい,I want you to kill this creature.,Quiero que maten a este monstruo.,0.0,0.0,0.0,0.0,1,1,7.0,6.0,0.7779526114463806,0.8019508123397827,0.08371958136558533,0.22774283587932587,0.6730970824226163,0.7315262930932905,0.696468766690886,0.7152787866789687,0.7301058208386135,0.7212096003428266,length_ratio_extreme;low_punc_jaccard,length_ratio_extreme;low_punc_jaccard,EN:length_ratio_extreme;EN:low_punc_jaccard;SP:length_ratio_extreme;SP:low_punc_jaccard
0:06:50.86,ai,えっと　何っすか,Uh… what?,Eh… ¿qué?,0.0,0.0,0.0,0.0,1,1,1.0,1.0,0.7746409177780151,0.8510973453521729,0.36357352137565613,0.2861877381801605,0.8222133567328895,0.7271545332252688,0.7841898273298412,0.743510056544725,0.8030753889458195,0.7673361895051629,low_punc_jaccard,low_punc_jaccard,EN:low_punc_jaccard;SP:low_punc_jaccard
0:06:53.87,ai,そいつ　攻めてきた宇宙人か何かっすか,Is that thing an alien invader or something?,¿Es un alienígena invasor o qué?,0.0,0.0,0.0,0.0,1,1,4.0,3.0,0.7644760012626648,0.7710842490196228,-0.4873076379299164,0.06092783436179161,0.36883318151760697,0.7137358482460104,0.5067942482089683,0.6347003420225422,0.6842771599672968,0.654531069200444,length_ratio_extreme;low_punc_jaccard,length_ratio_extreme;low_punc_jaccard,EN:length_ratio_extreme;EN:low_punc_jaccard;SP:length_ratio_extreme;SP:low_punc_jaccard
0:06:56.38,ai,失礼な,How rude.,Qué falta de respeto.,0.0,0.0,0.0,0.0,1,1,2.0,4.0,0.7510659098625183,0.6744805574417114,0.15059849619865417,0.332672119140625,0.7087325807452857,0.6960332147054511,0.7036528343293518,0.7659639071249279,0.5408462967927814,0.6759168629920693,length_ratio_extreme;low_punc_jaccard,length_ratio_extreme;low_punc_jaccard,EN:length_ratio_extreme;EN:low_punc_jaccard;SP:length_ratio_extreme;SP:low_punc_jaccard
0:06:57.30,ai,生まれも育ちも地球ですよ,"It was born and raised on Earth, you know.","Nació y creció en la Tierra, ¿sabes?",0.0,0.0,0.0,0.0,1,1,9.0,7.0,0.877179741859436,0.836966872215271,-0.5456206202507019,-0.41775989532470703,0.3377619210333577,0.8625158199032589,0.5476634805813182,0.40347465858063913,0.7820953836687381,0.5549229486158788,length_ratio_extreme;low_punc_jaccard;model_discrepancy,length_ratio_extreme;low_punc_jaccard,EN:length_ratio_extreme;EN:low_punc_jaccard;EN:model_discrepancy;SP:length_ratio_extreme;SP:low_punc_jaccard
0:07:00.21,ai,地球,Earth.,En la Tierra.,0.0,0.0,0.0,0.0,1,1,1.0,3.0,0.947971761226654,0.9077820777893066,-0.025536369532346725,-0.7573081254959106,0.6148815706326465,0.9559682162411655,0.7513162288760541,0.23945902435027291,0.8872371841057632,0.4985702882524691,low_punc_jaccard,length_ratio_extreme;low_punc_jaccard;model_discrepancy,EN:low_punc_jaccard;SP:length_ratio_extreme;SP:low_punc_jaccard;SP:model_discrepancy
0:07:01.58,ai,詳しいことを話せないのは申し訳ないが,"Sorry I can't explain details, but","Lamento no poder dar más detalles,",0.0,0.0,0.0,0.0,1,1,6.0,6.0,0.5809546113014221,0.8694387674331665,0.457137793302536,0.6177743077278137,0.8720677759266574,0.47146964614521936,0.7118285240140823,0.9036798841983933,0.8303075366821547,0.8743309451918979,length_ratio_extreme;low_punc_jaccard,length_ratio_extreme;low_punc_jaccard,EN:length_ratio_extreme;EN:low_punc_jaccard;SP:length_ratio_extreme;SP:low_punc_jaccard
0:07:04.35,ai,こいつが言ったことは真実だ,what he says is true.,pero lo que él dice es verdad.,0.0,0.0,0.0,0.0,1,1,5.0,7.0,0.9396400451660156,0.9508091807365417,0.39095988869667053,0.5317935347557068,0.8368058011403378,0.9449695353385235,0.880071294819612,0.8621476665115958,0.951121021408641,0.8977370084704138,length_ratio_extreme;low_punc_jaccard,length_ratio_extreme;low_punc_jaccard,EN:length_ratio_extreme;EN:low_punc_jaccard;SP:length_ratio_extreme;SP:low_punc_jaccard
0:07:06.81,ai,月を壊したこの生物は,The being that destroyed the moon,Esta criatura que destruyó la luna,0.0,0.0,1.0,1.0,1,1,6.0,6.0,0.8724106550216675,0.9523850679397583,-0.14209306240081787,-0.019283972680568695,0.5527759601636719,0.8562201583680064,0.6741536394454057,0.5959547700070936,0.9534607959879667,0.7389571803994428,length_ratio_extreme,length_ratio_extreme,EN:length_ratio_extreme;SP:length_ratio_extreme
0:07:09.00,ai,来年の三月　地球をも破壊する,will destroy the Earth in March next year.,destruirá la Tierra en marzo del próximo año.,0.0,0.0,0.0,0.0,1,1,4.0,4.0,0.9271376729011536,0.949126124382019,-0.15324914455413818,0.25808191299438477,0.5468315971629488,0.9284651799252495,0.6994850302678691,0.7299337974633906,0.9486221290603516,0.8174091301021751,length_ratio_extreme;low_punc_jaccard,length_ratio_extreme;low_punc_jaccard,EN:length_ratio_extreme;EN:low_punc_jaccard;SP:length_ratio_extreme;SP:low_punc_jaccard
0:07:14.33,ai,このことを知っているのは各国首脳だけ,Only world leaders know this.,Solo los líderes mundiales lo saben.,0.0,0.0,0.0,0.0,1,1,5.0,6.0,0.8547368049621582,0.8481229543685913,0.5314330458641052,0.5451337099075317,0.9116549665180185,0.8328889459609926,0.8801485582952082,0.8685915148189998,0.7986592071289008,0.8406185917429602,length_ratio_extreme;low_punc_jaccard,length_ratio_extreme;low_punc_jaccard,EN:length_ratio_extreme;EN:low_punc_jaccard;SP:length_ratio_extreme;SP:low_punc_jaccard
0:07:18.07,ai,こいつの存在が公になれば　世界はパニックに陥るだろう,"If its existence became public, the world would panic.","Si su existencia se hace pública, el mundo entraría en pánico.",0.0,0.0,0.0,0.0,1,1,4.5,5.5,0.7528505325317383,0.8231800198554993,0.37000903487205505,0.438731849193573,0.8256424304697895,0.698389091349292,0.7747410948215905,0.8171950794451746,0.7616255641191731,0.794967273314774,length_ratio_extreme;low_punc_jaccard,length_ratio_extreme;low_punc_jaccard,EN:length_ratio_extreme;EN:low_punc_jaccard;SP:length_ratio_extreme;SP:low_punc_jaccard
0:07:23.21,ai,そうなる前に秘密裏にこいつを殺さなければならない,"Before that happens, we must secretly kill it.",Debemos matarlo en secreto antes de que eso ocurra.,0.0,0.0,0.0,0.0,1,1,8.0,9.0,0.8534941673278809,0.9358052611351013,0.0186261385679245,0.02895662561058998,0.6384129480071181,0.8312485426254063,0.7155471858544333,0.6192569451366394,0.9288441797653791,0.7430918389881354,length_ratio_extreme;low_punc_jaccard,length_ratio_extreme;low_punc_jaccard,EN:length_ratio_extreme;EN:low_punc_jaccard;SP:length_ratio_extreme;SP:low_punc_jaccard
0:07:27.69,ai,つまり　暗殺だ,In other words: assassination.,Es decir: asesinato.,0.0,0.0,0.0,0.0,1,1,2.0,1.5,0.8881055116653442,0.9411185383796692,0.35388389229774475,0.30193081498146057,0.8170503728295911,0.8769389057161109,0.8410057859841991,0.7511146042845281,0.9367329874188554,0.825361957538259,length_ratio_extreme;low_punc_jaccard,low_punc_jaccard,EN:length_ratio_extreme;EN:low_punc_jaccard;SP:low_punc_jaccard
0:07:30.42,ai,だが　こいつは…,"However, this thing…",Pero este ser…,0.0,0.0,0.5,1.0,1,1,1.5,1.5,0.6670615077018738,0.7359649538993835,0.10897725820541382,-0.42690759897232056,0.6865552837541844,0.585139179544183,0.6459888420701838,0.3990559448834472,0.6321343201761906,0.4922872950005446,,,
0:07:31.92,ai,とにかく速い,is unbelievably fast.,es extremadamente rápido.,0.0,0.0,0.0,0.0,1,1,3.0,3.0,0.6896465420722961,0.7923793196678162,-0.06488668918609619,0.38716796040534973,0.5939143008508657,0.6149536360628133,0.6023300349356447,0.7922876195573104,0.7158946925330093,0.76173044874759,length_ratio_extreme;low_punc_jaccard,length_ratio_extreme;low_punc_jaccard,EN:length_ratio_extreme;EN:low_punc_jaccard;SP:length_ratio_extreme;SP:low_punc_jaccard
0:07:33.43,ai,殺すどころか,"Far from being killable,","Ni siquiera matarlo,",0.0,0.0,0.0,0.0,1,1,4.0,3.0,0.7258996963500977,0.8016973733901978,-0.6631353497505188,-1.1445772647857666,0.27514583408828325,0.6628113490133956,0.4302120400583282,0.05239224604179151,0.7297295312092291,0.32332716010876655,length_ratio_extreme;low_punc_jaccard,length_ratio_extreme;low_punc_jaccard;model_discrepancy,EN:length_ratio_extreme;EN:low_punc_jaccard;SP:length_ratio_extreme;SP:low_punc_jaccard;SP:model_discrepancy
0:07:35.43,ai,眉毛の手入れをされている始末だ,it's grooming its eyebrows while we're at it.,terminó arreglándole las cejas (mientras lo atacaban).,0.0,0.0,0.0,0.0,1,1,8.0,7.0,0.7919433116912842,0.46104729175567627,-0.5037181377410889,-0.3635457158088684,0.36008907524801714,0.7499953871524583,0.5160516000097936,0.4296623169085467,0.22395449868986694,0.34737918962107484,length_ratio_extreme;low_punc_jaccard,length_ratio_extreme;low_punc_jaccard,EN:length_ratio_extreme;EN:low_punc_jaccard;SP:length_ratio_extreme;SP:low_punc_jaccard
0:07:37.98,ai,丁寧にな,Very polite about it.,Con delicadeza.,0.0,0.0,0.0,0.0,1,1,4.0,2.0,0.5851901769638062,0.7275131940841675,-0.2842343747615814,-0.31362947821617126,0.47703794152420914,0.477061007495474,0.47704716791271506,0.453773894115213,0.6195856982152748,0.5200986157552376,length_ratio_extreme;low_punc_jaccard,length_ratio_extreme;low_punc_jaccard,EN:length_ratio_extreme;EN:low_punc_jaccard;SP:length_ratio_extreme;SP:low_punc_jaccard
0:07:41.79,ai,満月を三日月に変えるほどのパワーを持つ超生物だ,It's a super-being with power enough to turn a full moon into a crescent.,Es un superser con poder suficiente para convertir luna llena en media luna.,0.0,0.0,0.0,0.0,1,1,14.0,13.0,0.780608594417572,0.795422375202179,0.1251901090145111,-0.2391556203365326,0.6951940755057455,0.7350324506447935,0.7111294255613647,0.48974780282194436,0.7204128229983408,0.5820138108925028,length_ratio_extreme;low_punc_jaccard,length_ratio_extreme;low_punc_jaccard,EN:length_ratio_extreme;EN:low_punc_jaccard;SP:length_ratio_extreme;SP:low_punc_jaccard
0:07:45.91,ai,最高速度はマッハ20,Its top speed is Mach 20.,Su velocidad máxima es Mach 20.,0.0,0.0,0.0,0.0,1,1,6.0,6.0,0.6079598069190979,0.650582492351532,0.4647713601589203,0.6090599894523621,0.8761352157107156,0.507119148258651,0.7285287887298897,0.8994705132995586,0.5053640077819032,0.7418279110924965,length_ratio_extreme;low_punc_jaccard,length_ratio_extreme;low_punc_jaccard,EN:length_ratio_extreme;EN:low_punc_jaccard;SP:length_ratio_extreme;SP:low_punc_jaccard
0:07:48.38,ai,つまり　こいつが本気で逃げれば,"So if it really tries to escape,","Es decir, si se esfuerza por huir,",0.0,0.0,0.0,0.0,1,1,3.5,3.5,0.5794129371643066,0.8641112446784973,-0.6734549403190613,-0.3237617015838623,0.26964718397839693,0.46943448534922244,0.3495621045267271,0.44887961726689113,0.8223975782240165,0.5982868016497414,length_ratio_extreme;low_punc_jaccard,length_ratio_extreme;low_punc_jaccard,EN:length_ratio_extreme;EN:low_punc_jaccard;SP:length_ratio_extreme;SP:low_punc_jaccard
0:07:51.52,ai,われわれは破滅の時まで　手も足も出ない,we won't be able to stop it until the end of the world.,no podremos alcanzarlo jamás.,0.0,0.0,0.0,0.0,1,1,6.5,2.0,0.7090396881103516,0.5948007106781006,-0.3627954125404358,-0.7966951131820679,0.43517778669090634,0.640554487486279,0.5173284670090554,0.22043350399190892,0.4225428550480046,0.3012772444143472,length_ratio_extreme;low_punc_jaccard,length_ratio_extreme;low_punc_jaccard,EN:length_ratio_extreme;EN:low_punc_jaccard;SP:length_ratio_extreme;SP:low_punc_jaccard
0:07:55.90,ai,まあ　それでは面白くないのでね,"Well, that wouldn't be interesting, so—","Pero eso sería aburrido, así que…",0.0,0.0,0.0,0.0,1,1,3.0,3.0,0.80817711353302,0.6788167953491211,-0.08463725447654724,0.11028280854225159,0.5833904872089071,0.7714255949265207,0.6586045302959526,0.6585408061255356,0.5472844601365519,0.6140382677299421,length_ratio_extreme;low_punc_jaccard,length_ratio_extreme;low_punc_jaccard,EN:length_ratio_extreme;EN:low_punc_jaccard;SP:length_ratio_extreme;SP:low_punc_jaccard
0:07:58.61,ai,私から国に提案したのです,I made a proposal to the government.,propuse algo al gobierno.,0.0,0.0,0.0,0.0,1,1,7.0,4.0,0.7742993235588074,0.6531285047531128,0.38954421877861023,0.3036629259586334,0.8360514811410313,0.726703595412709,0.7923123268497024,0.7519512844826112,0.5091441610084209,0.654828435092935,length_ratio_extreme;low_punc_jaccard,length_ratio_extreme;low_punc_jaccard,EN:length_ratio_extreme;EN:low_punc_jaccard;SP:length_ratio_extreme;SP:low_punc_jaccard
0:08:01.25,ai,殺されるのはごめんですが,"I don't want to be killed myself, but","No quiero que me maten,",0.0,0.0,0.0,0.0,1,1,8.0,5.0,0.5739359855651855,0.5883619785308838,-0.5814275145530701,-0.13250897824764252,0.31868271609953136,0.4622043730266799,0.3760913788703908,0.5412624775764813,0.41298304532913904,0.4899507046775444,length_ratio_extreme;low_punc_jaccard,length_ratio_extreme;low_punc_jaccard,EN:length_ratio_extreme;EN:low_punc_jaccard;SP:length_ratio_extreme;SP:low_punc_jaccard
0:08:03.54,ai,椚ヶ丘中学校　3年E組の担任ならやってもいいと,I'd be willing to be the homeroom teacher of Kunugigaoka Middle School's 3-E.,pero acepté ser profesor de la 3-E de Kunugigaoka.,0.0,0.0,0.0,0.0,1,1,6.5,4.5,0.6044826507568359,0.5199139714241028,-0.26764363050460815,-0.5305952429771423,0.48587808853641623,0.5025289616993597,0.4925384378015936,0.3489705868041886,0.31135590684672343,0.3339247148212025,length_ratio_extreme;low_punc_jaccard,length_ratio_extreme;low_punc_jaccard,EN:length_ratio_extreme;EN:low_punc_jaccard;SP:length_ratio_extreme;SP:low_punc_jaccard
0:08:08.08,ai,いや　なんで,"Wait, why?",¿Por qué?,0.0,0.0,0.0,0.0,1,1,1.0,1.0,0.6838083267211914,0.8226909637451172,0.4583910405635834,0.4369642734527588,0.8727355512752918,0.6072466202187343,0.7665399788526688,0.8163412683208059,0.7608994454905046,0.7941645391886853,low_punc_jaccard,low_punc_jaccard,EN:low_punc_jaccard;SP:low_punc_jaccard
0:08:09.53,ai,こいつの狙いは分からん,We don't know its motives.,No sabemos cuál es su objetivo.,0.0,0.0,0.0,0.0,1,1,5.0,6.0,0.5433870553970337,0.6528656482696533,-0.0022717565298080444,0.30663254857063293,0.6272777956566146,0.42187679436326947,0.5451173951392765,0.7533857332379069,0.508753888838716,0.6555329954782305,length_ratio_extreme;low_punc_jaccard,length_ratio_extreme;low_punc_jaccard,EN:length_ratio_extreme;EN:low_punc_jaccard;SP:length_ratio_extreme;SP:low_punc_jaccard
0:08:11.72,ai,しかし　われわれ政府は,"However, our government","Sin embargo, nosotros en el gobierno",0.0,0.0,0.0,0.0,1,1,1.5,3.0,0.9030381441116333,0.9276646971702576,0.31112703680992126,0.02094871923327446,0.7942679778726448,0.8966514424993899,0.8352213637233428,0.6153887999760225,0.916757601114674,0.735936320431483,low_punc_jaccard,length_ratio_extreme;low_punc_jaccard,EN:low_punc_jaccard;SP:length_ratio_extreme;SP:low_punc_jaccard
0:08:13.63,ai,君たち生徒に危害を加えないことを条件にやむなく承諾した,reluctantly agreed on the condition it wouldn't harm you students.,aceptamos con reserva con la condición de no dañar a los alumnos.,0.0,0.0,0.0,0.0,1,1,10.0,12.0,0.8344670534133911,0.8706436157226562,-0.06281611323356628,0.05328535661101341,0.595017578409533,0.8061308894408045,0.6794629028220416,0.6310087137824146,0.8320964168722712,0.7114437950183572,length_ratio_extreme;low_punc_jaccard,length_ratio_extreme;low_punc_jaccard,EN:length_ratio_extreme;EN:low_punc_jaccard;SP:length_ratio_extreme;SP:low_punc_jaccard
0:08:18.86,ai,理由は二つ,There are two reasons.,Hay dos razones.,0.0,0.0,0.0,0.0,1,1,4.0,3.0,0.9489532709121704,0.9678956270217896,0.6813767552375793,0.5537331700325012,0.9915503837389811,0.9572639051190962,0.9778357922910271,0.8727454045498474,0.9764898629016346,0.9142431878905622,length_ratio_extreme;low_punc_jaccard,length_ratio_extreme;low_punc_jaccard,EN:length_ratio_extreme;EN:low_punc_jaccard;SP:length_ratio_extreme;SP:low_punc_jaccard
0:08:20.41,ai,教師として毎日教室に来るのなら　監視ができる,"If it comes to class every day as a teacher, we can monitor it.","Si viene a clase todos los días como profesor, podemos vigilarlo.",0.0,0.0,0.0,0.0,1,1,7.0,5.5,0.912852942943573,0.8811945915222168,-0.13581635057926178,0.03300877660512924,0.5561204186398185,0.9096079378588653,0.6975154263274372,0.6212142992215995,0.8477618178682971,0.7118333066802787,length_ratio_extreme;low_punc_jaccard,length_ratio_extreme;low_punc_jaccard,EN:length_ratio_extreme;EN:low_punc_jaccard;SP:length_ratio_extreme;SP:low_punc_jaccard
0:08:24.24,ai,何よりも,And more importantly—,"Y, sobre todo,",0.0,0.0,0.0,0.0,1,1,3.0,3.0,0.6558504104614258,0.8148345351219177,0.20386165380477905,0.04295903071761131,0.7371131124610101,0.5703394335832376,0.670403640909901,0.626020677503086,0.7492347324708614,0.6753062994901962,length_ratio_extreme;low_punc_jaccard,length_ratio_extreme;low_punc_jaccard,EN:length_ratio_extreme;EN:low_punc_jaccard;SP:length_ratio_extreme;SP:low_punc_jaccard
0:08:25.94,ai,30人もの人間が　至近距離からこいつを殺すチャンスを得る,thirty people get a chance to kill it from close range.,treinta personas tendrían la oportunidad de matarlo desde muy cerca.,0.0,0.0,0.0,0.0,0,0,5.5,5.0,0.9027591347694397,0.9046079516410828,-0.245335191488266,-0.238543301820755,0.4977648295688104,0.8962831228517556,0.6571721468819884,0.4900435776214938,0.8825244485381232,0.6470359259881455,length_ratio_extreme;low_punc_jaccard;digits_mismatch,length_ratio_extreme;low_punc_jaccard;digits_mismatch,EN:length_ratio_extreme;EN:low_punc_jaccard;EN:digits_mismatch;SP:length_ratio_extreme;SP:low_punc_jaccard;SP:digits_mismatch
0:08:33.36,ai,中村さん,Nakamura.,Nakamura-san.,0.0,0.0,0.0,0.0,1,1,1.0,1.0,0.6102017164230347,0.5834060907363892,-0.19588981568813324,0.1220923364162445,0.5241111094207996,0.5100786882942139,0.5184981409701653,0.6642452894127479,0.40562486623111643,0.5607971201400953,low_punc_jaccard,low_punc_jaccard,EN:low_punc_jaccard;SP:low_punc_jaccard
0:08:35.43,ai,暗殺は勉強の妨げにならないときにと言ったはずです,I said assassinations should not interfere with studies.,Dije que el asesinato no debe interferir con los estudios.,0.0,0.0,0.0,0.0,1,1,8.0,10.0,0.8042776584625244,0.8781172633171082,0.05804675072431564,0.09683722257614136,0.6594176721699431,0.7662779324638991,0.7021617762875254,0.6520460400985751,0.84319280157585,0.728504744689485,length_ratio_extreme;low_punc_jaccard,length_ratio_extreme;low_punc_jaccard,EN:length_ratio_extreme;EN:low_punc_jaccard;SP:length_ratio_extreme;SP:low_punc_jaccard
0:08:38.97,ai,すみません,Sorry.,Lo siento.,0.0,0.0,0.0,0.0,1,1,1.0,2.0,0.8918251991271973,0.8888728618621826,0.3273330330848694,0.48672205209732056,0.80290311728115,0.88184925733548,0.8344815733028821,0.8403763033971692,0.8591620130840294,0.8478905872719132,low_punc_jaccard,length_ratio_extreme;low_punc_jaccard,EN:low_punc_jaccard;SP:length_ratio_extreme;SP:low_punc_jaccard
0:08:40.14,ai,罰として後ろで立って受講しなさい,"As punishment, stand at the back and observe class.","Como castigo, quédate de pie atrás durante la clase.",0.0,0.0,0.0,0.0,1,1,9.0,9.0,0.7484608888626099,0.8086581826210022,0.12108319997787476,0.2356814444065094,0.6930057662239381,0.6925943319453876,0.6928411925125179,0.719113458153581,0.7400644869449755,0.7274938696701387,length_ratio_extreme;low_punc_jaccard,length_ratio_extreme;low_punc_jaccard,EN:length_ratio_extreme;EN:low_punc_jaccard;SP:length_ratio_extreme;SP:low_punc_jaccard
0:08:43.96,ai,なんでこんな怪物がうちの担任に,Why did a monster like this become our teacher?,¿Por qué un monstruo así es nuestro profesor?,0.0,0.0,0.0,0.0,1,1,9.0,8.0,0.6505734920501709,0.6749838590621948,0.2420569509267807,0.29215431213378906,0.7574649445731534,0.56337338465259,0.679828320604928,0.7463921549455718,0.5415935662261119,0.6644727194577877,length_ratio_extreme;low_punc_jaccard,length_ratio_extreme;low_punc_jaccard,EN:length_ratio_extreme;EN:low_punc_jaccard;SP:length_ratio_extreme;SP:low_punc_jaccard
0:08:46.95,ai,どうして僕らが暗殺なんか…,Why are we supposed to assassinate…,¿Por qué tenemos que asesinar?,0.0,0.0,1.0,0.0,1,1,6.0,5.0,0.9218824505805969,0.8962497711181641,-0.09612230956554413,0.031059086322784424,0.5772708355611302,0.9215277719584427,0.7149736101200552,0.6202725193511807,0.8701147670095059,0.7202094184145107,length_ratio_extreme,length_ratio_extreme;low_punc_jaccard,EN:length_ratio_extreme;SP:length_ratio_extreme;SP:low_punc_jaccard
0:08:49.70,ai,そんな声は　この条件でかき消えた,Those protests were drowned out by the terms.,Esa protesta se apagó con las condiciones impuestas.,0.0,0.0,0.0,0.0,1,1,4.0,4.0,0.5119675397872925,0.5046119689941406,-0.04984525963664055,0.10578340291976929,0.6019289170990221,0.3803999576837628,0.5133173333329184,0.656367409826403,0.2886364912531909,0.5092750423971182,length_ratio_extreme;low_punc_jaccard,length_ratio_extreme;low_punc_jaccard,EN:length_ratio_extreme;EN:low_punc_jaccard;SP:length_ratio_extreme;SP:low_punc_jaccard
0:08:53.80,ai,成功報酬は100億円,The success reward is 10 billion yen.,La recompensa por el éxito es de 10 mil millones de yenes.,0.0,0.0,0.0,0.0,0,0,7.0,12.0,0.4920029938220978,0.509576678276062,0.5315585136413574,0.5702638030052185,0.9117218202756935,0.3540448024145277,0.6886510131312271,0.8807303740190817,0.29600776792062766,0.6468413315797001,length_ratio_extreme;low_punc_jaccard;digits_mismatch;model_discrepancy,length_ratio_extreme;low_punc_jaccard;digits_mismatch;model_discrepancy,EN:length_ratio_extreme;EN:low_punc_jaccard;EN:digits_mismatch;EN:model_discrepancy;SP:length_ratio_extreme;SP:low_punc_jaccard;SP:digits_mismatch;SP:model_discrepancy
0:08:57.41,ai,当然の額だ,A natural amount.,Una suma justa.,0.0,0.0,0.0,0.0,1,1,3.0,3.0,0.5680029392242432,0.6394633054733276,-0.1801513433456421,0.3251366913318634,0.5324971352132652,0.45437217099174726,0.501247149524658,0.7623239883698574,0.48885496402084405,0.652936378630252,length_ratio_extreme;low_punc_jaccard,length_ratio_extreme;low_punc_jaccard,EN:length_ratio_extreme;EN:low_punc_jaccard;SP:length_ratio_extreme;SP:low_punc_jaccard
0:08:59.60,ai,暗殺の成功は冗談抜きで地球を救うことなのだから,Succeeding in the assassination literally saves the Earth.,"Porque matar al objetivo significaría, sin broma, salvar la Tierra.",0.0,0.0,0.0,0.0,1,1,8.0,10.0,0.819959282875061,0.8280888199806213,-0.43902134895324707,-0.026005234569311142,0.39456185809872296,0.7869792119714193,0.5515287996478015,0.5927081265745696,0.7689138305155934,0.6631904081509792,length_ratio_extreme;low_punc_jaccard,length_ratio_extreme;low_punc_jaccard,EN:length_ratio_extreme;EN:low_punc_jaccard;SP:length_ratio_extreme;SP:low_punc_jaccard
0:09:04.58,ai,幸いなことに　こいつは君たちをなめきっている,"Fortunately, it underestimates you.","Afortunadamente, este tipo subestima a ustedes.",0.0,0.0,0.0,0.0,1,1,2.0,3.0,0.3092428147792816,0.5761827826499939,-0.5406784415245056,-0.07597686350345612,0.3403952921361529,0.11278347325112983,0.24935056458214366,0.5685697930923844,0.3949001693082089,0.49910194357871424,low_qe_mix;length_ratio_extreme;low_punc_jaccard,length_ratio_extreme;low_punc_jaccard,EN:low_qe_mix;EN:length_ratio_extreme;EN:low_punc_jaccard;SP:length_ratio_extreme;SP:low_punc_jaccard
0:09:08.28,ai,見ろ　緑のしましまになったときは　なめている顔だ,"Look — when its stripes turn green, that's a face of mockery.","Miren, cuando su cara se torna rayada de verde, está despreciándolos.",0.0,0.0,0.0,0.0,1,1,4.0,3.6666666666666665,0.7478559613227844,0.8735959529876709,-0.5422350764274597,-0.6975011229515076,0.3395658609079147,0.6917957683684081,0.48045782389211206,0.26834824414915526,0.8364798547656546,0.495600888395755,length_ratio_extreme;low_punc_jaccard,length_ratio_extreme;low_punc_jaccard;model_discrepancy,EN:length_ratio_extreme;EN:low_punc_jaccard;SP:length_ratio_extreme;SP:low_punc_jaccard;SP:model_discrepancy
0:09:11.96,ai,どんな皮膚だよ,What kind of skin is that?,Qué tipo de piel es esa…,0.0,0.0,0.0,0.0,1,1,6.0,6.0,0.9254342913627625,0.9565557241439819,0.4590589106082916,0.5387024879455566,0.873091416526954,0.9262165495278785,0.8943414697273238,0.865484972492339,0.9596531144139504,0.9031522292609835,length_ratio_extreme;low_punc_jaccard,length_ratio_extreme;low_punc_jaccard,EN:length_ratio_extreme;EN:low_punc_jaccard;SP:length_ratio_extreme;SP:low_punc_jaccard
0:09:13.09,ai,当然でしょう,Naturally.,Naturalmente.,0.0,0.0,0.0,0.0,1,1,1.0,1.0,0.6688408851623535,0.9804308414459229,0.364548921585083,0.4413060247898102,0.8227330851497414,0.5874881319989634,0.7286351038894302,0.8184385111745176,0.9951013320449337,0.889103639522684,low_punc_jaccard,low_punc_jaccard,EN:low_punc_jaccard;SP:low_punc_jaccard
0:09:14.66,ai,国がやれない私を　君たちがやれるわけがない,"If the country couldn't do it, you certainly can't.","Si el país no pudo, menos aún ustedes podrían.",0.0,0.0,0.0,0.0,1,1,4.5,4.5,0.7602536082267761,0.6253121495246887,-0.3711576759815216,-0.18043848872184753,0.43072207108050314,0.7081618760523735,0.5416979930692513,0.5181105705416131,0.46784425025331183,0.4980040424262926,length_ratio_extreme;low_punc_jaccard,length_ratio_extreme;low_punc_jaccard,EN:length_ratio_extreme;EN:low_punc_jaccard;SP:length_ratio_extreme;SP:low_punc_jaccard
0:09:18.45,ai,最新鋭の戦闘機に襲われた時も,"Even when attacked by the latest fighter jets,","Incluso cuando fue atacado por cazas de última generación,",0.0,0.0,0.0,0.0,1,1,8.0,9.0,0.8051242828369141,0.5731631517410278,0.027256935834884644,-0.036223698407411575,0.6430117481266735,0.7673955595254239,0.6927652726861737,0.5877721920641142,0.3904168181994975,0.5088300425182676,length_ratio_extreme;low_punc_jaccard,length_ratio_extreme;low_punc_jaccard,EN:length_ratio_extreme;EN:low_punc_jaccard;SP:length_ratio_extreme;SP:low_punc_jaccard
0:09:29.24,ai,逆に空中でワックスをかけてやりましたよ,it was waxing itself midair.,él me dio una manicura en pleno aire.,0.0,0.0,0.0,0.0,1,1,5.0,8.0,0.7005417346954346,0.6623441576957703,-0.8176554441452026,-0.2813970148563385,0.19281195384569016,0.6293363570008017,0.3674217151077348,0.4693434876251083,0.522826961682928,0.49073687724823617,length_ratio_extreme;low_punc_jaccard,length_ratio_extreme;low_punc_jaccard,EN:length_ratio_extreme;EN:low_punc_jaccard;SP:length_ratio_extreme;SP:low_punc_jaccard
0:09:32.06,ai,だからなぜ手入れする,So why is it grooming itself?,"Entonces, ¿por qué lo arregla?",0.0,0.0,0.0,0.0,1,1,6.0,5.0,0.4580237865447998,0.7773791551589966,-0.4759424328804016,-0.6230421662330627,0.37488897274103933,0.30918892213155336,0.34860895249724494,0.3043149549876994,0.6936234262064576,0.46003834347520267,length_ratio_extreme;low_punc_jaccard,length_ratio_extreme;low_punc_jaccard,EN:length_ratio_extreme;EN:low_punc_jaccard;SP:length_ratio_extreme;SP:low_punc_jaccard
0:09:34.05,ai,君たちにはなめているこいつの隙をあわよくば突いてほしい,I want you to exploit any opening where it underestimates you.,Quiero que aprovechen cualquier descuido de ese que los desprecia.,0.0,0.0,0.0,0.0,1,1,11.0,10.0,0.3316119313240051,0.44440925121307373,-0.712611734867096,-0.8932110667228699,0.2487830313539042,0.14231289710076728,0.20619497765264944,0.17381236470527062,0.19925142080972802,0.18398798714705358,low_qe_mix;length_ratio_extreme;low_punc_jaccard,low_qe_mix;length_ratio_extreme;low_punc_jaccard,EN:low_qe_mix;EN:length_ratio_extreme;EN:low_punc_jaccard;SP:low_qe_mix;SP:length_ratio_extreme;SP:low_punc_jaccard
0:09:38.92,ai,人間には無害で　こいつには効く武器と弾を支給する,We'll supply weapons and rounds that are harmless to humans but effective on it.,Les daremos armas y balas que son inofensivas para humanos pero eficaces contra él.,0.0,0.0,0.0,0.0,1,1,7.0,7.0,0.795320987701416,0.8331857919692993,0.12178678810596466,0.08259527385234833,0.6933806633588719,0.7544542501715016,0.7178100980839238,0.6451665984020848,0.7764814822271514,0.6976925519321115,length_ratio_extreme;low_punc_jaccard,length_ratio_extreme;low_punc_jaccard,EN:length_ratio_extreme;EN:low_punc_jaccard;SP:length_ratio_extreme;SP:low_punc_jaccard
0:09:43.63,ai,君たちの家族や友人には絶対秘密だ,Keep this absolutely secret from family and friends.,Esto debe permanecer absolutamente en secreto para sus familias y amigos.,0.0,0.0,0.0,0.0,1,1,8.0,11.0,0.7765570282936096,0.7354569435119629,0.6346704363822937,0.6256468892097473,0.9666635722322457,0.7296839866994197,0.8718717380191152,0.907482661919068,0.6313800594726998,0.7970416209405207,length_ratio_extreme;low_punc_jaccard,length_ratio_extreme;low_punc_jaccard,EN:length_ratio_extreme;EN:low_punc_jaccard;SP:length_ratio_extreme;SP:low_punc_jaccard
0:09:47.19,ai,とにかく時間がない,"In any case, there's no time.",No hay tiempo.,0.0,0.0,0.0,0.0,1,1,6.0,3.0,0.8937832713127136,0.9526591300964355,-0.018714696168899536,0.36975836753845215,0.618516404276519,0.8844341043221142,0.7248834842947571,0.7838780766351844,0.9538677056107111,0.8518739282253951,length_ratio_extreme;low_punc_jaccard,length_ratio_extreme;low_punc_jaccard,EN:length_ratio_extreme;EN:low_punc_jaccard;SP:length_ratio_extreme;SP:low_punc_jaccard
0:09:48.99,ai,地球が消えれば　逃げる場所など　どこにもない,"If Earth is gone, there will be nowhere to run.","Si la Tierra se destruye, no habrá lugar a donde huir.",0.0,0.0,0.0,0.0,1,1,3.3333333333333335,3.6666666666666665,0.8449262976646423,0.8737918138504028,0.1293015033006668,0.31238439679145813,0.6973847746902916,0.8199381158471122,0.7464061111530198,0.7561641103581757,0.8367706562054846,0.7884067286970993,length_ratio_extreme;low_punc_jaccard,length_ratio_extreme;low_punc_jaccard,EN:length_ratio_extreme;EN:low_punc_jaccard;SP:length_ratio_extreme;SP:low_punc_jaccard
0:09:52.85,ai,そういうことです,That's the situation.,Eso es todo.,0.0,0.0,0.0,0.0,1,1,3.0,3.0,0.7336528301239014,0.8686951994895935,-0.09286701679229736,0.12140491604804993,0.5790053729777492,0.6730462446522933,0.6166217216475669,0.6639132373575347,0.8292035354764703,0.730029356605109,length_ratio_extreme;low_punc_jaccard,length_ratio_extreme;low_punc_jaccard,EN:length_ratio_extreme;EN:low_punc_jaccard;SP:length_ratio_extreme;SP:low_punc_jaccard
0:09:54.58,ai,さあ　皆さん　残された1年を有意義に過ごしましょう,"Now then, spend the remaining year meaningfully.","Bien, pasen el año que les queda de manera significativa.",0.0,0.0,0.0,0.0,0,0,2.3333333333333335,3.3333333333333335,0.7738065719604492,0.7525660395622253,0.30481329560279846,-0.13219791650772095,0.7909037888041203,0.7260531150608627,0.7649635193068172,0.5414127330748896,0.6567825298601352,0.5875606517889879,length_ratio_extreme;low_punc_jaccard;digits_mismatch,length_ratio_extreme;low_punc_jaccard;digits_mismatch,EN:length_ratio_extreme;EN:low_punc_jaccard;EN:digits_mismatch;SP:length_ratio_extreme;SP:low_punc_jaccard;SP:digits_mismatch
0:10:02.13,ai,残された時間は1年,The time left is one year.,Les queda un año.,0.0,0.0,0.0,0.0,0,0,6.0,4.0,0.8334484696388245,0.8839497566223145,0.6358408331871033,0.471417635679245,0.9672872018691612,0.8047862591356512,0.9022868247757572,0.8329836465010616,0.8518525073858566,0.8405311908549796,length_ratio_extreme;low_punc_jaccard;digits_mismatch,length_ratio_extreme;low_punc_jaccard;digits_mismatch,EN:length_ratio_extreme;EN:low_punc_jaccard;EN:digits_mismatch;SP:length_ratio_extreme;SP:low_punc_jaccard;SP:digits_mismatch
0:10:04.73,ai,僕たちがこいつの暗殺に成功しないと,"If we don't succeed in assassinating it,","Si no logramos asesinarlo,",0.0,0.0,0.0,0.0,1,1,7.0,4.0,0.7505578994750977,0.8743489980697632,-0.42907118797302246,-0.37127411365509033,0.3998636627976497,0.6953625912581562,0.5180632341818523,0.42592918576045163,0.8375979270087501,0.590596682259771,length_ratio_extreme;low_punc_jaccard,length_ratio_extreme;low_punc_jaccard,EN:length_ratio_extreme;EN:low_punc_jaccard;SP:length_ratio_extreme;SP:low_punc_jaccard
0:10:08.30,ai,地球が壊される,the Earth will be destroyed.,la Tierra será destruida.,0.0,0.0,0.0,0.0,1,1,5.0,4.0,0.8670629262924194,0.8984442353248596,-0.2295142561197281,0.30631235241889954,0.5061947946362134,0.8491606328850433,0.6433811299357454,0.7532310654462998,0.8733729643954523,0.8012878250259609,length_ratio_extreme;low_punc_jaccard,length_ratio_extreme;low_punc_jaccard,EN:length_ratio_extreme;EN:low_punc_jaccard;SP:length_ratio_extreme;SP:low_punc_jaccard
0:10:16.94,ai,昼休みですね,It's lunch break.,Es hora del recreo.,0.0,0.0,0.0,0.0,1,1,3.0,4.0,0.9017263650894165,0.3988308310508728,0.048670656979084015,0.16655966639518738,0.6544217512019465,0.8949197657625525,0.7506209570261888,0.6857248221593916,0.13157955403926608,0.4640667149113414,length_ratio_extreme;low_punc_jaccard,length_ratio_extreme;low_punc_jaccard;model_discrepancy,EN:length_ratio_extreme;EN:low_punc_jaccard;SP:length_ratio_extreme;SP:low_punc_jaccard;SP:model_discrepancy
0:10:18.84,ai,先生　ちょっと中国に行ってマーボー豆腐を食べてきます,"Teacher, I'm going to China for a bit to eat mapo tofu.","Profesor, voy a China un momento a comer mapo tofu.",0.0,0.0,0.0,0.0,1,1,6.0,5.0,0.805706799030304,0.8776110410690308,-0.04686081036925316,-0.03313477709889412,0.6035191393256765,0.7681645379309634,0.6693772987677913,0.5892642669521169,0.8424411957850783,0.6905350384853015,length_ratio_extreme;low_punc_jaccard,length_ratio_extreme;low_punc_jaccard,EN:length_ratio_extreme;EN:low_punc_jaccard;SP:length_ratio_extreme;SP:low_punc_jaccard
0:10:23.48,ai,暗殺希望者がもしいれば　携帯で呼んでください,"If anyone wants to attempt an assassination, call me on your cell.","Si alguien quiere intentar el asesinato, llámenme al móvil.",0.0,0.0,0.0,0.0,1,1,6.0,4.5,0.8800439834594727,0.9008380174636841,0.23045207560062408,0.4560551047325134,0.7512814483807845,0.866296899234047,0.7972876287220895,0.8255629179190237,0.8769270960524855,0.8461085891724084,length_ratio_extreme;low_punc_jaccard,length_ratio_extreme;low_punc_jaccard,EN:length_ratio_extreme;EN:low_punc_jaccard;SP:length_ratio_extreme;SP:low_punc_jaccard
0:10:29.87,ai,えーと　マッハ20だから,"Um, it's Mach 20, so—",Eh… porque va a Mach 20.,0.0,0.0,0.0,0.0,1,1,2.5,3.0,0.5185730457305908,0.5620144009590149,-0.12998437881469727,-0.09324894845485687,0.5592279035706481,0.3891198722298277,0.49118469103431994,0.5602266720978901,0.37386387988148295,0.4856815552113273,length_ratio_extreme;low_punc_jaccard,length_ratio_extreme;low_punc_jaccard,EN:length_ratio_extreme;EN:low_punc_jaccard;SP:length_ratio_extreme;SP:low_punc_jaccard
0:10:32.98,ai,マーボーの本場　四川省まで10分くらい,"The mapo capital, Sichuan, is about ten minutes away.","Tardaría como 10 minutos en ir a Sichuan, la cuna del mapo.",0.0,0.0,0.0,0.0,0,1,4.5,6.0,0.7224462628364563,0.8010464906692505,0.025191452354192734,0.050385404378175735,0.6419111840207006,0.6582524786728092,0.648447701881544,0.6296079186598283,0.7287631429794837,0.6692700083876905,length_ratio_extreme;low_punc_jaccard;digits_mismatch,length_ratio_extreme;low_punc_jaccard,EN:length_ratio_extreme;EN:low_punc_jaccard;EN:digits_mismatch;SP:length_ratio_extreme;SP:low_punc_jaccard
0:10:36.70,ai,確かにあんなもん　ミサイルでも落とせんわな,"Indeed, you can't take something like that down with missiles.","Cierto, ni un misil podría con eso.",0.0,0.0,0.0,0.0,1,1,5.0,3.5,0.8471190929412842,0.7218526005744934,-0.4008212983608246,-0.758011519908905,0.41491622303137676,0.8228328202942001,0.5780828619365062,0.23911925618036314,0.6111812180146624,0.38794404091408285,length_ratio_extreme;low_punc_jaccard,length_ratio_extreme;low_punc_jaccard,EN:length_ratio_extreme;EN:low_punc_jaccard;SP:length_ratio_extreme;SP:low_punc_jaccard
0:10:40.54,ai,しかも　あのタコ　音速飛行中にテストの採点までしてるんだぜ,And that octopus grades tests even while flying at supersonic speed.,"Además, ese pulpo corrige exámenes mientras vuela a velocidad supersónica.",0.0,0.0,0.0,0.0,1,1,3.6666666666666665,3.3333333333333335,0.6998345851898193,0.754851758480072,-0.1452881544828415,-0.2555597126483917,0.5510734998469351,0.6284028504211107,0.5820052400766054,0.4818239576493559,0.6601762162918453,0.5531648611063518,length_ratio_extreme;low_punc_jaccard,length_ratio_extreme;low_punc_jaccard,EN:length_ratio_extreme;EN:low_punc_jaccard;SP:length_ratio_extreme;SP:low_punc_jaccard
0:10:44.67,ai,マジで,Seriously.,En serio.,0.0,0.0,0.0,0.0,1,1,1.0,2.0,0.7137714624404907,0.8635175824165344,0.34984180331230164,0.507688045501709,0.8148966020092905,0.6468008928584426,0.7476583183489514,0.8505037327280675,0.8215161472012817,0.8389086985173531,low_punc_jaccard,length_ratio_extreme;low_punc_jaccard,EN:low_punc_jaccard;SP:length_ratio_extreme;SP:low_punc_jaccard
0:10:45.99,ai,俺なんかイラスト付きで返ってきた,Mine came back with illustrations.,A mí me devolvió el examen con ilustraciones.,0.0,0.0,0.0,0.0,1,1,5.0,8.0,0.5468381643295288,0.5825843214988708,-0.029758695513010025,-0.3014366328716278,0.6126317630396666,0.42643259602915856,0.5381520962354633,0.45966353536367344,0.4044047568425176,0.4375600239552111,length_ratio_extreme;low_punc_jaccard,length_ratio_extreme;low_punc_jaccard,EN:length_ratio_extreme;EN:low_punc_jaccard;SP:length_ratio_extreme;SP:low_punc_jaccard
0:10:48.47,ai,てか　あいつ　何げに教えてるの　うまくない,"By the way, he's actually pretty good at teaching.","Y en realidad, da clase sorprendentemente bien.",0.0,0.0,0.0,0.0,1,1,2.25,1.75,0.5803125500679016,0.3797793388366699,-0.22922354936599731,-0.1893085241317749,0.5063496936811639,0.47062206245705085,0.4920586411915187,0.5138259819202219,0.10329314046218402,0.34961284533700676,length_ratio_extreme;low_punc_jaccard,low_punc_jaccard,EN:length_ratio_extreme;EN:low_punc_jaccard;SP:low_punc_jaccard
0:10:51.27,ai,わかる,I know.,Sí.,0.0,0.0,0.0,0.0,1,1,2.0,1.0,0.7888791561126709,0.8115096092224121,-0.06137746945023537,0.13751991093158722,0.5957841397129836,0.7459504017977083,0.6558506445468735,0.6716974366894228,0.7442980992639122,0.7007377017192187,length_ratio_extreme;low_punc_jaccard,low_punc_jaccard,EN:length_ratio_extreme;EN:low_punc_jaccard;SP:low_punc_jaccard
0:10:52.40,ai,放課後に数学教わって　次のテストの点　よかったもん,I got math help after school and did better on the next test.,Me enseñó matemáticas después de clase y me fue mejor en el examen.,0.0,0.0,0.0,0.0,1,1,4.333333333333333,4.333333333333333,0.847946047782898,0.8305352330207825,0.04147567227482796,-0.1836567521095276,0.6505880038093621,0.8239244816467484,0.7199225949443167,0.5165560181577453,0.7725461051036582,0.6189520529361104,length_ratio_extreme;low_punc_jaccard,length_ratio_extreme;low_punc_jaccard,EN:length_ratio_extreme;EN:low_punc_jaccard;SP:length_ratio_extreme;SP:low_punc_jaccard
0:10:56.93,ai,まっ　でもさ,"Still,","Bueno, pero",0.0,0.0,0.0,0.0,1,1,0.5,1.0,0.6592273712158203,0.9162713289260864,-0.34924736618995667,0.3518823981285095,0.44239667450036024,0.5747973523946817,0.4953569456580888,0.7752432548345345,0.8998414707366892,0.8250825411953964,low_punc_jaccard,low_punc_jaccard,EN:low_punc_jaccard;SP:low_punc_jaccard
0:10:59.61,ai,しょせん俺ら　E組だしな,we're after all Class E.,al fin y al cabo somos la clase E.,0.0,0.0,0.0,0.0,1,1,2.5,4.5,0.2860059142112732,0.31153953075408936,-0.1367635279893875,-0.13863509893417358,0.5556157283485055,0.08210848953182608,0.3662128328218337,0.5383033116009539,0.0019751223173600364,0.32377203588751635,length_ratio_extreme;low_punc_jaccard,length_ratio_extreme;low_punc_jaccard;model_discrepancy,EN:length_ratio_extreme;EN:low_punc_jaccard;SP:length_ratio_extreme;SP:low_punc_jaccard;SP:model_discrepancy
0:11:02.34,ai,頑張っても仕方ねぇけど,"Even if we try, it might not help.","No tiene sentido esforzarse, supongo.",0.0,0.0,0.0,0.0,1,1,8.0,5.0,0.4795052111148834,0.6741459369659424,-0.31912973523139954,0.05526186153292656,0.45844443469780527,0.3375465056666816,0.41008526308535576,0.6319634462166364,0.5403494741259507,0.5953178573803621,length_ratio_extreme;low_punc_jaccard,length_ratio_extreme;low_punc_jaccard,EN:length_ratio_extreme;EN:low_punc_jaccard;SP:length_ratio_extreme;SP:low_punc_jaccard
0:11:05.10,ai,そう　タコ型の超生物で暗殺のターゲット,Yeah — an octopus-like super-being is our assassination target.,Sí: un superser con forma de pulpo es nuestro objetivo.,0.0,0.0,0.0,0.0,1,1,4.5,5.0,0.7931987643241882,0.5945461392402649,-0.012407489120960236,0.06850839406251907,0.6218771117093261,0.7516527075408629,0.6737873500419409,0.6383620613208848,0.4221648839738981,0.5518831903820901,length_ratio_extreme;low_punc_jaccard,length_ratio_extreme;low_punc_jaccard,EN:length_ratio_extreme;EN:low_punc_jaccard;SP:length_ratio_extreme;SP:low_punc_jaccard
0:11:10.13,ai,なのに,Yet,"Y sin embargo,",0.0,0.0,1.0,0.0,1,1,1.0,3.0,0.6577655673027039,0.7469513416290283,-0.17894184589385986,-0.33177801966667175,0.5331415990853516,0.5728676281139229,0.5490320106967801,0.4450074089096825,0.6484461924193127,0.5263829223135346,,length_ratio_extreme;low_punc_jaccard,SP:length_ratio_extreme;SP:low_punc_jaccard
0:11:11.56,ai,あの先生はなぜか普通に先生している,that teacher somehow just acts like a normal teacher.,ese profesor actúa como un profesor normal.,0.0,0.0,0.0,0.0,1,1,9.0,7.0,0.8992310762405396,0.9143521785736084,0.0769430473446846,0.27338093519210815,0.6694863006487483,0.8916257401849915,0.7583420764632456,0.7373238487312145,0.8969920414123905,0.8011911258036849,length_ratio_extreme;low_punc_jaccard,length_ratio_extreme;low_punc_jaccard,EN:length_ratio_extreme;EN:low_punc_jaccard;SP:length_ratio_extreme;SP:low_punc_jaccard
0:11:15.87,ai,僕らも同じ　即席の殺し屋であるのを除けば　普通の生徒だ,"We're normal students, except that we're amateur assassins.","Nosotros también somos estudiantes normales, salvo que somos asesinos improvisados.",0.0,0.0,0.0,0.0,1,1,2.6666666666666665,3.3333333333333335,0.811016321182251,0.9275522232055664,0.26840314269065857,0.4121725857257843,0.7715031459218715,0.7751736269913387,0.7729713383496584,0.8043658727072559,0.9165906071046438,0.849255766466211,length_ratio_extreme;low_punc_jaccard,length_ratio_extreme;low_punc_jaccard,EN:length_ratio_extreme;EN:low_punc_jaccard;SP:length_ratio_extreme;SP:low_punc_jaccard
0:11:21.77,ai,けど　僕らE組は　少しだけ普通と違う,But Class E is a little different from normal.,Pero la clase E es un poco distinta al resto.,0.0,0.0,0.0,0.0,1,1,3.0,3.3333333333333335,0.565950334072113,0.6444762945175171,0.30152711272239685,0.5281943082809448,0.7891527920241213,0.45166253123409233,0.6541566877081096,0.8604090934296534,0.496297923331696,0.7147646253904705,length_ratio_extreme;low_punc_jaccard,length_ratio_extreme;low_punc_jaccard,EN:length_ratio_extreme;EN:low_punc_jaccard;SP:length_ratio_extreme;SP:low_punc_jaccard
0:11:29.06,ai,おい　渚,"Hey, Nagisa.","Oye, Nagisa.",0.0,0.0,0.0,0.0,1,1,1.0,1.0,0.7722886800765991,0.7269465923309326,0.006251741200685501,-0.11203514039516449,0.6318194227125622,0.7240493491675374,0.6687113932945523,0.5511521757168918,0.6187444448716888,0.5781890833788106,low_punc_jaccard,low_punc_jaccard,EN:low_punc_jaccard;SP:low_punc_jaccard
0:11:31.32,ai,ちょっと付き合えよ,Come with me for a bit.,Vente conmigo un momento.,0.0,0.0,0.0,0.0,1,1,6.0,4.0,0.7211000323295593,0.8314537405967712,0.11396348476409912,0.24637866020202637,0.6892121251310517,0.6564753226032795,0.6761174041199428,0.7242806493720897,0.7739098452703592,0.7441323277313975,length_ratio_extreme;low_punc_jaccard,length_ratio_extreme;low_punc_jaccard,EN:length_ratio_extreme;EN:low_punc_jaccard;SP:length_ratio_extreme;SP:low_punc_jaccard
0:11:32.93,ai,暗殺の計画　進めようぜ,Let's move the assassination plan forward.,Avancemos con el plan de asesinato.,0.0,0.0,0.0,0.0,1,1,3.0,3.0,0.8302097320556641,0.9075132012367249,0.39228126406669617,0.23836000263690948,0.8375098776029971,0.8005108084427424,0.8227102499388952,0.7204073109495756,0.8868379737299041,0.7869795760617071,length_ratio_extreme;low_punc_jaccard,length_ratio_extreme;low_punc_jaccard,EN:length_ratio_extreme;EN:low_punc_jaccard;SP:length_ratio_extreme;SP:low_punc_jaccard
0:11:39.87,ai,あのタコ　機嫌によって顔の色が変わるだろ,"That octopus changes facial color depending on its mood, right?",Ese pulpo cambia el color de su cara según su humor.,0.0,0.0,0.0,0.0,1,1,5.0,5.5,0.6614205241203308,0.8594483733177185,0.3276246190071106,0.21304543316364288,0.8030584847787968,0.5776925289455691,0.7129121024455057,0.7081793421413358,0.8154744508235605,0.7510973856142258,length_ratio_extreme;low_punc_jaccard,length_ratio_extreme;low_punc_jaccard,EN:length_ratio_extreme;EN:low_punc_jaccard;SP:length_ratio_extreme;SP:low_punc_jaccard
0:11:43.92,ai,観察しとけって言ったやつ　できてるか,Did the person I told to observe do it?,"¿El que dijo ""obsérvalo"", lo hizo?",0.0,0.0,0.0,0.0,1,1,4.5,3.0,0.6378511786460876,0.7678636312484741,-0.682383120059967,-0.5244631767272949,0.26488992774934966,0.546578685402578,0.37756543081064103,0.3519326247291226,0.6794953966689606,0.4829577335050579,length_ratio_extreme;low_punc_jaccard,length_ratio_extreme;low_punc_jaccard,EN:length_ratio_extreme;EN:low_punc_jaccard;SP:length_ratio_extreme;SP:low_punc_jaccard
0:11:47.21,ai,一応,Sort of.,Más o menos.,0.0,0.0,0.0,0.0,1,1,2.0,3.0,0.743017315864563,0.8444567322731018,-0.019449282437562943,-0.3052275478839874,0.6181249902141026,0.6854082826441386,0.645038307186117,0.45783236890537066,0.7932158395809699,0.5919857571756104,length_ratio_extreme;low_punc_jaccard,length_ratio_extreme;low_punc_jaccard,EN:length_ratio_extreme;EN:low_punc_jaccard;SP:length_ratio_extreme;SP:low_punc_jaccard
0:11:48.84,ai,余裕な時は　緑のしましまなのは知ってるよね,"You know when it's relaxed, it's green-striped, right?","Sabemos que cuando está relajado tiene rayas verdes, ¿no?",0.0,0.0,0.0,0.0,1,1,4.0,4.5,0.6504840850830078,0.7234009504318237,-0.7707895040512085,-0.5835005640983582,0.2177838173063703,0.5632553587026965,0.3559724338649008,0.3234151604263741,0.6134801069381144,0.4394411390310702,length_ratio_extreme;low_punc_jaccard,length_ratio_extreme;low_punc_jaccard,EN:length_ratio_extreme;EN:low_punc_jaccard;SP:length_ratio_extreme;SP:low_punc_jaccard
0:11:53.34,ai,生徒の解答が間違っていたら暗い紫,"If a student's answer is wrong, it's dark purple.","Si un alumno se equivoca, su color es púrpura oscuro.",0.0,0.0,0.0,0.0,1,1,9.0,10.0,0.9081374406814575,0.9091079235076904,-0.30253341794013977,-0.233965665102005,0.46728755122371435,0.9033830132095824,0.6417257360180615,0.49225476272860935,0.8892057133898709,0.651035142993114,length_ratio_extreme;low_punc_jaccard,length_ratio_extreme;low_punc_jaccard,EN:length_ratio_extreme;EN:low_punc_jaccard;SP:length_ratio_extreme;SP:low_punc_jaccard
0:11:57.06,ai,正解だったら明るい朱色,"If correct, a bright vermilion.","Si aciertan, se pone rojo brillante.",0.0,0.0,0.0,0.0,1,1,5.0,6.0,0.5537974238395691,0.6228065490722656,-0.18763315677642822,-1.0857192277908325,0.5285105551285137,0.43561949991696874,0.49135413304389575,0.08082307680303863,0.4641240980542454,0.23414348530352136,length_ratio_extreme;low_punc_jaccard,low_qe_mix;length_ratio_extreme;low_punc_jaccard,EN:length_ratio_extreme;EN:low_punc_jaccard;SP:low_qe_mix;SP:length_ratio_extreme;SP:low_punc_jaccard
0:11:59.97,ai,面白いのは昼休みの後で…,The interesting part is after lunch…,Lo interesante es después del recreo…,0.0,0.0,1.0,1.0,1,1,6.0,6.0,0.8836726546287537,0.5608224868774414,0.12106426060199738,-0.020364463329315186,0.6929956746412772,0.8710871004364246,0.7642322449593362,0.5954328489859039,0.3720942035600344,0.5060973908155562,length_ratio_extreme,length_ratio_extreme,EN:length_ratio_extreme;SP:length_ratio_extreme
0:12:02.13,ai,俺は知らなくていいんだよ,I don't need to know.,No necesito saberlo.,0.0,0.0,0.0,0.0,1,1,5.0,3.0,0.7739250063896179,0.7965940833091736,0.06268315017223358,0.44378629326820374,0.661888113043003,0.7262094601024882,0.687616651866797,0.8196365819385448,0.7221524988060636,0.7806429486855524,length_ratio_extreme;low_punc_jaccard,length_ratio_extreme;low_punc_jaccard,EN:length_ratio_extreme;EN:low_punc_jaccard;SP:length_ratio_extreme;SP:low_punc_jaccard
0:12:05.05,ai,作戦がある,I have a plan.,Tengo un plan.,0.0,0.0,0.0,0.0,1,1,4.0,3.0,0.6188550591468811,0.6474487781524658,0.19882448017597198,0.2177300751209259,0.7344291246473861,0.521501947880606,0.649258253940674,0.7104422151399038,0.5007112732417144,0.626549838380628,length_ratio_extreme;low_punc_jaccard,length_ratio_extreme;low_punc_jaccard,EN:length_ratio_extreme;EN:low_punc_jaccard;SP:length_ratio_extreme;SP:low_punc_jaccard
0:12:06.79,ai,あいつが一番油断してる顔の時に　お前がやりに行け,Go for it when it's showing its most careless expression.,Ve cuando tenga la cara más despreocupada y tú atácale.,0.0,0.0,0.0,0.0,1,1,5.0,5.0,0.613023579120636,0.8592339754104614,-0.6710777878761292,-1.0492173433303833,0.2709138165501765,0.5138038233247525,0.3680698192600069,0.09845497471446489,0.8151561267885428,0.38513543554409607,length_ratio_extreme;low_punc_jaccard,length_ratio_extreme;low_punc_jaccard;model_discrepancy,EN:length_ratio_extreme;EN:low_punc_jaccard;SP:length_ratio_extreme;SP:low_punc_jaccard;SP:model_discrepancy
0:12:11.55,ai,ぼ…僕が,M-me?,Y-yo…,0.0,0.0,0.0,0.5,1,1,1.0,1.0,0.5986007452011108,0.6099178791046143,-0.4686832129955292,-0.09853550791740417,0.3787569469549892,0.4947642705077661,0.4251598763761,0.5576730484117673,0.4449878411634748,0.5125989655124503,low_punc_jaccard,,EN:low_punc_jaccard
0:12:13.20,ai,でも…,But…,Pero…,0.0,0.0,1.0,1.0,1,1,1.0,1.0,0.9491242170333862,0.9774165749549866,0.697234570980072,0.8171780109405518,1.0,0.9574895707352926,0.982995828294117,1.0,0.9906259456743794,0.9962503782697518,,,
0:12:13.83,ai,いい子ぶってんじゃねえよ,Don't act like a goody-two-shoes.,Deja de hacerte el buen chico.,0.0,0.0,0.0,0.0,1,1,5.0,6.0,0.5728321075439453,0.6341157555580139,-1.0052030086517334,-0.23694658279418945,0.09287984613917326,0.4607471459653281,0.2400267660696352,0.49081485798922775,0.4809152705402522,0.4868550230096375,low_qe_mix;length_ratio_extreme;low_punc_jaccard,length_ratio_extreme;low_punc_jaccard,EN:low_qe_mix;EN:length_ratio_extreme;EN:low_punc_jaccard;SP:length_ratio_extreme;SP:low_punc_jaccard
0:12:15.95,ai,俺らはE組だ,We're Class E.,Somos la clase E.,0.0,0.0,0.0,0.0,1,1,3.0,4.0,0.5718122124671936,0.6545917391777039,0.43009233474731445,0.5213640332221985,0.8576569800071059,0.45940078461290973,0.6983545018494274,0.8571097921929388,0.5113166760864445,0.7187925457503411,length_ratio_extreme;low_punc_jaccard,length_ratio_extreme;low_punc_jaccard,EN:length_ratio_extreme;EN:low_punc_jaccard;SP:length_ratio_extreme;SP:low_punc_jaccard
0:12:17.93,ai,進学校で有名なこの学校のレベルについていけなかった脱落組,We're the dropouts who couldn't keep up at this prestigious school.,Somos los rezagados que no pudieron seguir el ritmo de esta prestigiosa escuela.,0.0,0.0,0.0,0.0,1,1,11.0,13.0,0.6937863826751709,0.7347904443740845,-0.4004565179347992,-0.5150175094604492,0.41511059120095933,0.6204186309627152,0.4972338071056617,0.3564952669985863,0.6303904850052078,0.4660533542012349,length_ratio_extreme;low_punc_jaccard,length_ratio_extreme;low_punc_jaccard,EN:length_ratio_extreme;EN:low_punc_jaccard;SP:length_ratio_extreme;SP:low_punc_jaccard
0:12:22.98,ai,通称　エンドのE組,"Commonly known as the ""End"" — Class E.",Conocidos como la clase E del fin.,0.0,0.0,0.0,0.0,1,1,4.0,3.5,0.7458906769752502,0.5745669603347778,-0.4386849105358124,-0.6311624646186829,0.39474112462375704,0.6892014006218158,0.5125252350229805,0.3003925199062803,0.39250110167815705,0.33723595261503103,length_ratio_extreme;low_punc_jaccard,length_ratio_extreme;low_punc_jaccard,EN:length_ratio_extreme;EN:low_punc_jaccard;SP:length_ratio_extreme;SP:low_punc_jaccard
0:12:27.72,ai,毎日山の上の隔離校舎まで通わされて,"We're forced to commute every day to the isolated campus on the hill,",Nos obligan a ir cada día al edificio aislado en la cima.,0.0,0.0,0.0,0.0,1,1,13.0,12.0,0.684138834476471,0.675216555595398,-0.0321594774723053,-0.13357873260974884,0.6113525398091896,0.6076829228135073,0.6098846930109167,0.5407457426193204,0.5419390588679549,0.5412230691187742,length_ratio_extreme;low_punc_jaccard,length_ratio_extreme;low_punc_jaccard,EN:length_ratio_extreme;EN:low_punc_jaccard;SP:length_ratio_extreme;SP:low_punc_jaccard
0:12:31.31,ai,あらゆる面でカスみたいに差別されてる,and discriminated against in every way like trash.,Somos discriminados en todo aspecto.,0.0,0.0,0.0,0.0,1,1,8.0,5.0,0.8083896040916443,0.8247044682502747,-0.503894031047821,0.2774755656719208,0.3599953529492527,0.7717061032674344,0.5246796530765254,0.7393017221389093,0.7638889657092801,0.7491366195670577,length_ratio_extreme;low_punc_jaccard,length_ratio_extreme;low_punc_jaccard,EN:length_ratio_extreme;EN:low_punc_jaccard;SP:length_ratio_extreme;SP:low_punc_jaccard
0:12:35.15,ai,落ちこぼれの俺らが100億円稼ぐチャンスなんて,A chance for us dropouts to earn 10 billion yen,"Una oportunidad de ganar 10 mil millones no volverá para nosotros, los fracasados.",0.0,0.0,1.0,0.0,0,0,10.0,13.0,0.5540882349014282,0.7083289623260498,-0.08407950401306152,-0.6084949374198914,0.5836876767753889,0.436003398989989,0.524613965661229,0.3113418594097414,0.5911022016173463,0.42324599629278337,length_ratio_extreme;digits_mismatch,length_ratio_extreme;low_punc_jaccard;digits_mismatch,EN:length_ratio_extreme;EN:digits_mismatch;SP:length_ratio_extreme;SP:low_punc_jaccard;SP:digits_mismatch
0:12:38.71,ai,この先　一生回ってこねえぞ,will never come around again in our lives.,No nos va a volver a ocurrir en la vida.,0.0,0.0,0.0,0.0,1,1,4.0,5.0,0.3729785680770874,0.4790927767753601,-1.0058765411376953,-1.0443028211593628,0.0925209637345519,0.19692090754559174,0.13428094125896783,0.10082888922555718,0.2507472583711942,0.160796236883812,low_qe_mix;length_ratio_extreme;low_punc_jaccard,low_qe_mix;length_ratio_extreme;low_punc_jaccard,EN:low_qe_mix;EN:length_ratio_extreme;EN:low_punc_jaccard;SP:low_qe_mix;SP:length_ratio_extreme;SP:low_punc_jaccard
0:12:41.90,ai,抜け出すんだよ　このクソみてえな状況から,Get out of this shitty situation.,Hay que escapar de esta situación de mierda.,0.0,0.0,0.0,0.0,1,1,3.0,4.0,0.7935070395469666,0.7523586750030518,0.14589598774909973,0.11794734001159668,0.7062269146114271,0.7520596610160957,0.7245600131732945,0.6622430872105802,0.6564746484818125,0.6599357117190732,length_ratio_extreme;low_punc_jaccard,length_ratio_extreme;low_punc_jaccard,EN:length_ratio_extreme;EN:low_punc_jaccard;SP:length_ratio_extreme;SP:low_punc_jaccard
0:12:46.41,ai,たとえ　どんな手を使ってもな,By any means necessary.,Aunque sea por cualquier medio.,0.0,0.0,0.0,0.0,1,1,2.0,2.5,0.47173240780830383,0.6758774518966675,0.057264283299446106,0.01458735391497612,0.6590007453003,0.32728564431880713,0.5263147049077028,0.6123160012554234,0.5429203146089272,0.5845577265968249,length_ratio_extreme;low_punc_jaccard,length_ratio_extreme;low_punc_jaccard,EN:length_ratio_extreme;EN:low_punc_jaccard;SP:length_ratio_extreme;SP:low_punc_jaccard
0:12:51.03,ai,しくじんなよ　渚君,"Don't screw up, Nagisa.","No la cagues, Nagisa.",0.0,0.0,0.0,0.0,1,1,2.0,2.0,0.5946168303489685,0.6681609153747559,-0.4741863012313843,-0.6421851515769958,0.3758247030319561,0.4895051128644784,0.421296866964965,0.29506811285082624,0.5314633042610066,0.3896261894148984,length_ratio_extreme;low_punc_jaccard,length_ratio_extreme;low_punc_jaccard,EN:length_ratio_extreme;EN:low_punc_jaccard;SP:length_ratio_extreme;SP:low_punc_jaccard
0:12:54.67,ai,渚のやつ　E組行きだってよ,Nagisa's been sent to Class E.,Dicen que mandaron a Nagisa a la clase E.,0.0,0.0,0.0,0.0,1,1,3.0,4.5,0.32380735874176025,0.4054470658302307,-0.28224340081214905,-0.4533344507217407,0.47809880426417084,0.13201009719869736,0.33966332143798145,0.38629069840224023,0.14140290809404568,0.2883355822789624,length_ratio_extreme;low_punc_jaccard,length_ratio_extreme;low_punc_jaccard,EN:length_ratio_extreme;EN:low_punc_jaccard;SP:length_ratio_extreme;SP:low_punc_jaccard
0:12:58.88,ai,終わったな　あいつ,That's it for him.,Se jodió.,0.0,0.0,0.0,0.0,1,1,2.0,1.0,0.628147542476654,0.6192708015441895,-0.39523011445999146,-0.3420923054218292,0.41789540750255416,0.5337689356408036,0.46424481875785395,0.4400251885078491,0.45887445063771665,0.4475648933597961,length_ratio_extreme;low_punc_jaccard,low_punc_jaccard,EN:length_ratio_extreme;EN:low_punc_jaccard;SP:low_punc_jaccard
0:13:01.22,ai,俺　あいつのアドレス消すわ,I'm deleting his contact.,Voy a borrar su contacto.,0.0,0.0,0.0,0.0,1,1,2.0,2.5,0.8324893712997437,0.7561310529708862,-0.24429938197135925,-0.26247307658195496,0.4983167462438113,0.8035201554291602,0.6203981099179509,0.47848452109962925,0.6620756293481662,0.551920964399044,length_ratio_extreme;low_punc_jaccard,length_ratio_extreme;low_punc_jaccard,EN:length_ratio_extreme;EN:low_punc_jaccard;SP:length_ratio_extreme;SP:low_punc_jaccard
0:13:03.49,ai,俺も,Me too.,Yo también.,0.0,0.0,0.0,0.0,1,1,2.0,2.0,0.8909975290298462,0.9518156051635742,0.5652042627334595,0.6567897200584412,0.9296494890832577,0.8807566517753326,0.9100923541600877,0.9225259185156407,0.9526152947840302,0.9345616690229965,length_ratio_extreme;low_punc_jaccard,length_ratio_extreme;low_punc_jaccard,EN:length_ratio_extreme;EN:low_punc_jaccard;SP:length_ratio_extreme;SP:low_punc_jaccard
0:13:04.41,ai,同じレベルだと思われたくないし,I don't want to be thought of as on the same level.,No quiero que me comparen con él.,0.0,0.0,0.0,0.0,1,1,12.0,7.0,0.7835433483123779,0.6064737439155579,-0.14009271562099457,0.11613486707210541,0.5538418170857689,0.7389066131080643,0.6278677354946871,0.6613675889093634,0.4398742137752536,0.5727702388557195,length_ratio_extreme;low_punc_jaccard,length_ratio_extreme;low_punc_jaccard,EN:length_ratio_extreme;EN:low_punc_jaccard;SP:length_ratio_extreme;SP:low_punc_jaccard
0:13:15.85,ai,ただ今　帰りました,I'm back.,Acabo de volver.,0.0,0.0,0.0,0.0,1,1,1.0,1.5,0.7257144451141357,0.8632655143737793,-0.2786560654640198,0.24984249472618103,0.4800102659423425,0.6625667992452162,0.553032879263492,0.7259538226236828,0.821141893004982,0.7640290507762024,low_punc_jaccard,low_punc_jaccard,EN:low_punc_jaccard;SP:low_punc_jaccard
0:13:17.38,ai,お…　おかえり　先生,"O-oh, welcome back, Sensei.","B-bienvenido de nuevo, profesor.",0.0,0.0,0.0,0.0,1,1,1.3333333333333333,1.3333333333333333,0.5219689607620239,0.7291157245635986,0.34987881779670715,0.006177105009555817,0.8149163246617922,0.39360281254264917,0.646390919814135,0.6082535082553502,0.6219650309941148,0.613738117350856,low_punc_jaccard,low_punc_jaccard,EN:low_punc_jaccard;SP:low_punc_jaccard
0:13:20.14,ai,どうしたの　そのミサイル,What's with that missile?,"¿Qué es eso, ese misil?",0.0,0.0,0.0,0.0,1,1,2.0,2.5,0.9553724527359009,0.6696808338165283,0.2289162576198578,-0.20361784100532532,0.7504631091596096,0.9657378535855831,0.836573006929999,0.5069139986616572,0.5337199800722251,0.5176363912258843,length_ratio_extreme;low_punc_jaccard,length_ratio_extreme;low_punc_jaccard,EN:length_ratio_extreme;EN:low_punc_jaccard;SP:length_ratio_extreme;SP:low_punc_jaccard
0:13:22.24,ai,お土産です,It's a souvenir.,Un souvenir.,0.0,0.0,0.0,0.0,1,1,3.0,2.0,0.8680808544158936,0.8804737329483032,-0.1108005940914154,0.05662478879094124,0.5694497160811426,0.850504397666564,0.6818715887153112,0.6326217956314468,0.8466915340541451,0.7182496910005262,length_ratio_extreme;low_punc_jaccard,length_ratio_extreme;low_punc_jaccard,EN:length_ratio_extreme;EN:low_punc_jaccard;SP:length_ratio_extreme;SP:low_punc_jaccard
0:13:23.44,ai,日本海で　自衛隊に待ち伏せされまして,I was ambushed by the Self-Defense Forces in the Sea of Japan.,Me tendieron una emboscada las Fuerzas de Autodefensa en el Mar de Japón.,0.0,0.0,0.0,0.0,1,1,6.0,6.5,0.8455408215522766,0.8738967180252075,-0.03932497650384903,-0.1483248621225357,0.6075345034466526,0.8207493475427134,0.6928204410850769,0.5336227610527153,0.836926411085004,0.6549442210656308,length_ratio_extreme;low_punc_jaccard,length_ratio_extreme;low_punc_jaccard,EN:length_ratio_extreme;EN:low_punc_jaccard;SP:length_ratio_extreme;SP:low_punc_jaccard
0:13:26.54,ai,た…　大変ですね　ターゲットだと,Th-that's terrible if you're a target.,"Q-qué grave, si eras el objetivo.",0.0,0.0,0.0,0.0,1,1,2.0,2.0,0.5947976112365723,0.7385036945343018,-0.6268044114112854,-0.6708478331565857,0.2945042685886079,0.48974376133516306,0.37260006568723,0.2812228694353353,0.6359036767576507,0.4230951923642615,length_ratio_extreme;low_punc_jaccard,length_ratio_extreme;low_punc_jaccard,EN:length_ratio_extreme;EN:low_punc_jaccard;SP:length_ratio_extreme;SP:low_punc_jaccard
0:13:29.39,ai,いえいえ　皆から狙われるのは力を持つ者の証しですから,"No, no — being targeted by everyone is proof of power.","No, ser blanco de todos es señal de tener poder.",0.0,0.0,0.0,0.0,1,1,5.5,5.0,0.8313839435577393,0.6876303553581238,-0.06552913784980774,-0.21422001719474792,0.5935719810280151,0.802060882584677,0.6769675416506798,0.5017927154464467,0.5603702594376284,0.5252237330429194,length_ratio_extreme;low_punc_jaccard,length_ratio_extreme;low_punc_jaccard,EN:length_ratio_extreme;EN:low_punc_jaccard;SP:length_ratio_extreme;SP:low_punc_jaccard
0:13:34.79,ai,さっ　5時間目を始めますよ,"Now then, let's start fifth period.","Bien, empezaremos la quinta hora.",0.0,0.0,0.0,0.0,0,0,3.0,2.5,0.6734402179718018,0.9093180894851685,0.12486325204372406,-0.025961983948946,0.6950199143211134,0.5935597015973514,0.6544358292316086,0.5927290183869831,0.8895177541314535,0.7114445126847713,length_ratio_extreme;low_punc_jaccard;digits_mismatch,length_ratio_extreme;low_punc_jaccard;digits_mismatch,EN:length_ratio_extreme;EN:low_punc_jaccard;EN:digits_mismatch;SP:length_ratio_extreme;SP:low_punc_jaccard;SP:digits_mismatch
0:13:41.90,ai,はい,Yes.,Sí.,0.0,0.0,0.0,0.0,1,1,1.0,1.0,0.9201773405075073,0.9837301969528198,0.517665684223175,0.5430669784545898,0.9043192196105287,0.9192768597260406,0.9103022756567335,0.8675931992929045,1.0,0.9205559195757427,low_punc_jaccard,low_punc_jaccard,EN:low_punc_jaccard;SP:low_punc_jaccard
0:13:43.87,ai,先生には　分からないよね,"You wouldn't understand, Sensei.","El profesor no lo entiende, ¿verdad?",0.0,0.0,0.0,0.0,1,1,2.0,3.0,0.48419225215911865,0.8380324244499207,-0.16366897523403168,0.3273342549800873,0.5412795355058084,0.3437338587219151,0.46226126479225105,0.7633855011786366,0.7836774461580381,0.7715022791703972,length_ratio_extreme;low_punc_jaccard,length_ratio_extreme;low_punc_jaccard,EN:length_ratio_extreme;EN:low_punc_jaccard;SP:length_ratio_extreme;SP:low_punc_jaccard
0:13:46.59,ai,みんなから　暗殺のターゲットにされるってことは,Being the target of everyone's assassination attempts,Ser objetivo de intentos de asesinato por parte de todos,0.0,0.0,0.0,1.0,1,1,3.5,5.0,0.8523339629173279,0.850388765335083,-0.07913097739219666,-0.13838493824005127,0.5863244302654488,0.8297169592156216,0.6836814418455179,0.538424149412081,0.8020233355323385,0.6438638238601841,length_ratio_extreme;low_punc_jaccard,length_ratio_extreme,EN:length_ratio_extreme;EN:low_punc_jaccard;SP:length_ratio_extreme
0:13:49.89,ai,裏を返せば　みんなに力を認められているってことだ,on the flip side means everyone acknowledges your strength.,implica que todos reconocen tu poder.,0.0,0.0,0.0,0.0,1,1,4.5,3.0,0.7254487872123718,0.764036238193512,0.03710669279098511,-0.009353581815958023,0.6482600539397079,0.6622161048060993,0.6538424742862644,0.6007515535302865,0.6738127329879499,0.629976025313352,length_ratio_extreme;low_punc_jaccard,length_ratio_extreme;low_punc_jaccard,EN:length_ratio_extreme;EN:low_punc_jaccard;SP:length_ratio_extreme;SP:low_punc_jaccard
0:13:55.11,ai,分からないよね　そんな怪物に,You wouldn't understand the feelings of someone who is no longer expected or feared by such a monster…,No lo entendería esa criatura.,0.0,0.0,0.0,0.0,1,1,9.0,2.5,0.5491009950637817,0.7428955435752869,-0.2655690014362335,-0.5424453616142273,0.4869835257414121,0.4294197541369964,0.4639580170996458,0.3432464965240343,0.6424244078869846,0.4629176610692144,length_ratio_extreme;low_punc_jaccard,length_ratio_extreme;low_punc_jaccard,EN:length_ratio_extreme;EN:low_punc_jaccard;SP:length_ratio_extreme;SP:low_punc_jaccard
0:13:58.31,ai,期待も警戒もされなくなった　認識さえされない人間の気持ちなんて…,"the feelings of a person who is no longer expected, watched, or even recognized…",Lo que siente una persona ignorada — sin expectativas ni vigilancia — es…,0.0,0.0,0.5,0.5,1,1,7.0,6.5,0.7654650211334229,0.787118136882782,-0.12515918910503387,-0.332531601190567,0.5617989387053308,0.7150414513037323,0.6230959437446915,0.4446433983197181,0.708083231336749,0.5500193315265305,length_ratio_extreme,length_ratio_extreme,EN:length_ratio_extreme;SP:length_ratio_extreme
0:14:06.52,ai,お前のおかげで　俺の評価まで　落とされたよ,Because of you my reputation dropped too.,"Por tu culpa, hasta mi reputación ha caído.",0.0,0.0,0.0,0.0,1,1,2.3333333333333335,2.6666666666666665,0.7187016010284424,0.7201763987541199,0.17293386161327362,0.28134188055992126,0.7206336691339885,0.6533091584714364,0.6937038648689677,0.7411693098102394,0.6086925028317963,0.6881785870188621,length_ratio_extreme;low_punc_jaccard,length_ratio_extreme;low_punc_jaccard,EN:length_ratio_extreme;EN:low_punc_jaccard;SP:length_ratio_extreme;SP:low_punc_jaccard
0:14:10.32,ai,唯一　よかったのは　もうお前を見ずに済むことだ,The only good thing is I don't have to see you anymore.,La única ventaja es no tener que verte más.,0.0,0.0,0.0,0.0,1,1,4.0,3.0,0.7169493436813354,0.7933849692344666,-0.17368745803833008,-0.01658780872821808,0.535941326474466,0.6509960072214571,0.5819631987732625,0.5972571270843515,0.7173878154462202,0.6453094024290991,length_ratio_extreme;low_punc_jaccard,length_ratio_extreme;low_punc_jaccard,EN:length_ratio_extreme;EN:low_punc_jaccard;SP:length_ratio_extreme;SP:low_punc_jaccard
0:14:19.62,ai,殺せるかもしれない,Maybe I could kill him.,Puede que pueda matarlo.,0.0,0.0,0.0,0.0,1,1,5.0,4.0,0.8377082347869873,0.9279599189758301,-0.16355444490909576,-0.16994081437587738,0.5413405613943464,0.8104095661763436,0.6489681633071454,0.5231813751072266,0.9171959272045942,0.6807871959461738,length_ratio_extreme;low_punc_jaccard,length_ratio_extreme;low_punc_jaccard,EN:length_ratio_extreme;EN:low_punc_jaccard;SP:length_ratio_extreme;SP:low_punc_jaccard
0:14:21.63,ai,だって　この先生にも僕の姿は　見えてないから,"After all, this teacher can't even see me.",Porque este profesor tampoco puede verme.,0.0,0.0,0.0,0.0,1,1,2.6666666666666665,2.0,0.848729133605957,0.8432796597480774,-0.23334765434265137,-0.3065144419670105,0.504152221782212,0.8249582315998822,0.6324746257092801,0.45721074661298555,0.7914681990350897,0.5909137275818273,length_ratio_extreme;low_punc_jaccard,length_ratio_extreme;low_punc_jaccard,EN:length_ratio_extreme;EN:low_punc_jaccard;SP:length_ratio_extreme;SP:low_punc_jaccard
0:14:36.46,ai,はい　それでは　お題に沿って短歌を作ってみましょう,"All right then, let's compose a tanka following the theme.","Bien, ahora compongan un tanka acorde al tema.",0.0,0.0,0.0,0.0,1,1,3.3333333333333335,2.6666666666666665,0.6536573767662048,0.587174654006958,0.28732091188430786,0.0771501362323761,0.7815832157622931,0.5674444144002831,0.6959276952174891,0.6425363750027135,0.4112201832836695,0.550009898315096,length_ratio_extreme;low_punc_jaccard,length_ratio_extreme;low_punc_jaccard,EN:length_ratio_extreme;EN:low_punc_jaccard;SP:length_ratio_extreme;SP:low_punc_jaccard
0:14:41.60,ai,ラスト７文字を「触手なりけり」で締めてください,"End the last seven syllables with ""shokushu narikeri"" (""…are tentacles"").","Terminen los últimos siete caracteres con ""触手なりけり"" (ser tentáculos).",0.0,0.0,0.0,0.0,0,0,10.0,9.0,0.5160893201828003,0.5985699892044067,-0.630939245223999,-0.6667833924293518,0.2923010799787859,0.3858411113417863,0.32971709252398607,0.2831861599620828,0.4281392340656453,0.3411673896035078,length_ratio_extreme;low_punc_jaccard;digits_mismatch,length_ratio_extreme;low_punc_jaccard;digits_mismatch,EN:length_ratio_extreme;EN:low_punc_jaccard;EN:digits_mismatch;SP:length_ratio_extreme;SP:low_punc_jaccard;SP:digits_mismatch
0:14:46.65,ai,「触手なりけり」ですか,"""…are tentacles,"" huh?","¿""触手なりけり""?",0.0,0.0,0.0,0.0,1,1,3.0,1.0,0.5461896061897278,0.9687780737876892,-0.7138287425041199,0.18778708577156067,0.2481345657842087,0.4255764357886311,0.3191113137859777,0.6959785308897665,0.9778000623285009,0.8087071434652603,length_ratio_extreme;low_punc_jaccard,low_punc_jaccard,EN:length_ratio_extreme;EN:low_punc_jaccard;SP:low_punc_jaccard
0:14:48.94,ai,はい　書けた人は先生の所へ持ってきなさい,"Yes. Those who finished, bring them to Sensei.","Sí. Quien lo haya escrito, tráigalo al profesor.",0.0,0.0,0.0,0.0,1,1,4.0,4.0,0.3972095251083374,0.8951455950737,-0.13160011172294617,-0.6883665919303894,0.5583669827933673,0.22890814311779473,0.42658344692313827,0.2727605949308697,0.8684753584054736,0.5110465003207113,length_ratio_extreme;low_punc_jaccard,length_ratio_extreme;low_punc_jaccard;model_discrepancy,EN:length_ratio_extreme;EN:low_punc_jaccard;SP:length_ratio_extreme;SP:low_punc_jaccard;SP:model_discrepancy
0:14:52.72,ai,チェックするのは　文法の正しさと触手を美しく表現できたか,I'll check for grammatical correctness and whether the tentacles were expressed beautifully.,Verificaré la gramática y si logran expresar la belleza de los tentáculos.,0.0,0.0,0.0,0.0,1,1,6.0,6.0,0.6814302802085876,0.7634854316711426,0.19645896553993225,-0.015042569488286972,0.7331686931189253,0.604107366003467,0.6815441622727421,0.5980035406169656,0.6729949313733824,0.6280000969195323,length_ratio_extreme;low_punc_jaccard,length_ratio_extreme;low_punc_jaccard,EN:length_ratio_extreme;EN:low_punc_jaccard;SP:length_ratio_extreme;SP:low_punc_jaccard
0:14:58.16,ai,例文です,Here's an example.,Ejemplo:,0.0,0.0,0.0,0.0,1,1,3.0,1.0,0.680098295211792,0.3102092444896698,0.45829764008522034,0.7307382225990295,0.8726857841312173,0.6023490154019537,0.7645510766395118,0.9582460591815632,0.0,0.5749476355089379,length_ratio_extreme;low_punc_jaccard,low_punc_jaccard;model_discrepancy,EN:length_ratio_extreme;EN:low_punc_jaccard;SP:low_punc_jaccard;SP:model_discrepancy
0:14:59.81,ai,花さそふ　嵐の庭の雪ならではえゆくものは触手なりけり,"Flower-inviting / In the storm-garden's snow, what departs is / indeed tentacles.","Invitando flores, la nieve del jardín tempestuoso — lo que se va es un tentáculo.",0.0,0.0,0.0,0.0,1,1,6.0,7.5,0.7350512742996216,0.9181472063064575,-1.1795152425765991,-1.2530406713485718,0.0,0.674892327876561,0.2699569311506244,0.0,0.902626651173186,0.3610506604692744,length_ratio_extreme;low_punc_jaccard;model_discrepancy,length_ratio_extreme;low_punc_jaccard;model_discrepancy,EN:length_ratio_extreme;EN:low_punc_jaccard;EN:model_discrepancy;SP:length_ratio_extreme;SP:low_punc_jaccard;SP:model_discrepancy
0:15:08.22,ai,「触手だったのだなぁ」って…,"Like, ""So it was tentacles, huh…""","""¡Ah, era un tentáculo...""",0.0,0.0,0.2,0.0,1,1,6.0,4.0,0.7094255685806274,0.8701779246330261,-0.36786597967147827,-0.08974386751651764,0.43247600561469934,0.6410638874860193,0.5159111583632273,0.5619197690486255,0.831404989103132,0.6697138570704282,length_ratio_extreme;low_punc_jaccard,length_ratio_extreme;low_punc_jaccard,EN:length_ratio_extreme;EN:low_punc_jaccard;SP:length_ratio_extreme;SP:low_punc_jaccard
0:15:10.51,ai,できた者から　今日は　帰ってよし,Those who finish may go home today.,Los que lo terminen pueden irse a casa hoy.,0.0,0.0,0.0,0.0,1,1,2.3333333333333335,3.0,0.7132673263549805,0.7599601149559021,-0.2156858891248703,-0.2837807536125183,0.5135630473969005,0.6461353838689764,0.5665919819857308,0.4681920446511979,0.6677607709477149,0.5480195351698047,length_ratio_extreme;low_punc_jaccard,length_ratio_extreme;low_punc_jaccard,EN:length_ratio_extreme;EN:low_punc_jaccard;SP:length_ratio_extreme;SP:low_punc_jaccard
0:15:13.28,ai,そんなの思い付かないよ,I can't think of anything like that.,No se me ocurre nada así.,0.0,0.0,0.0,0.0,1,1,7.0,6.0,0.7000983357429504,0.7897376418113708,-0.34176528453826904,-0.22389212250709534,0.4463833975028835,0.6287510269732965,0.5193304492910487,0.4971206943720099,0.7119725014760209,0.5830614172136143,length_ratio_extreme;low_punc_jaccard,length_ratio_extreme;low_punc_jaccard,EN:length_ratio_extreme;EN:low_punc_jaccard;SP:length_ratio_extreme;SP:low_punc_jaccard
0:15:15.32,ai,ほーら　ほら　ヌルヌル　素晴らしい句が湧いてきませんか,"Come on, slime, won't a wonderful verse rise up?","Venga, venga, ¿no les surge un verso resbaladizo y magnífico?",0.0,0.0,0.0,0.0,1,1,2.25,2.5,0.5263630151748657,0.6892184615135193,-0.5189914107322693,-0.1550043821334839,0.35195092445090276,0.39940339456008167,0.37093191249457436,0.5303962806484508,0.5627281759205346,0.5433290387572843,length_ratio_extreme;low_punc_jaccard,length_ratio_extreme;low_punc_jaccard,EN:length_ratio_extreme;EN:low_punc_jaccard;SP:length_ratio_extreme;SP:low_punc_jaccard
0:15:19.31,ai,ヌルヌルヌルヌルヌルヌル…,Slime slime slime slime slime…,"Resbaloso, resbaloso…",0.0,0.0,1.0,0.5,1,1,5.0,2.0,0.6467269659042358,0.8136369585990906,-0.6279478073120117,-0.595392644405365,0.2938950260073821,0.5582955935523053,0.3996552530253514,0.3176708009494046,0.7474566489258024,0.48958514013996374,length_ratio_extreme,length_ratio_extreme,EN:length_ratio_extreme;SP:length_ratio_extreme
0:15:21.92,ai,ヌルヌル　うるせえよ,Shut up with the slime.,"""Resbaloso"", cállate.",0.0,0.0,0.0,0.0,1,1,2.5,1.0,0.5400314927101135,0.7670032382011414,-0.6254074573516846,-0.4188322126865387,0.2952486161033965,0.41744712309583326,0.3441280189003712,0.40295668559015,0.6782179411656297,0.5130611878203419,length_ratio_extreme;low_punc_jaccard,low_punc_jaccard,EN:length_ratio_extreme;EN:low_punc_jaccard;SP:low_punc_jaccard
0:15:23.48,ai,先生　質問,"Teacher, question.","Profesor, pregunta.",0.0,0.0,0.0,0.0,1,1,1.0,1.0,0.6167230010032654,0.7577651739120483,0.06771428883075714,0.4340440332889557,0.6645688852067625,0.518687422395479,0.6062163000822491,0.8149306733006827,0.6645018655850434,0.754759150214427,low_punc_jaccard,low_punc_jaccard,EN:low_punc_jaccard;SP:low_punc_jaccard
0:15:26.14,ai,何ですか　茅野さん,Yes? Chino?,"¿Sí, Chino?",0.0,0.0,0.0,0.0,1,1,1.0,1.0,0.47457438707351685,0.5567383170127869,-0.35386860370635986,-0.13849028944969177,0.43993431245134246,0.33103733518807177,0.39637552154603417,0.5383732604839974,0.36603029441256363,0.46943607405542387,low_punc_jaccard,low_punc_jaccard,EN:low_punc_jaccard;SP:low_punc_jaccard
0:15:28.14,ai,いまさらなんだけどさ　先生の名前　何ていうの,"It's late to ask, but what's your name, Sensei?","Es tarde, pero ¿cómo se llama el profesor?",0.0,0.0,0.0,0.0,1,1,3.0,2.6666666666666665,0.5191963911056519,0.8371074199676514,-0.07863976061344147,-0.3130837678909302,0.5865861682846599,0.38994274915248517,0.50792880063179,0.4540374944439656,0.7823040598084577,0.5853441205897625,length_ratio_extreme;low_punc_jaccard,length_ratio_extreme;low_punc_jaccard,EN:length_ratio_extreme;EN:low_punc_jaccard;SP:length_ratio_extreme;SP:low_punc_jaccard
0:15:32.85,ai,他の先生と区別するとき不便だよ,It's inconvenient when distinguishing from other teachers.,Es incómodo distinguirlo de otros profesores.,0.0,0.0,0.0,0.0,1,1,7.0,6.0,0.9193781614303589,0.8576712012290955,0.17438380420207977,0.0611766092479229,0.7214062508485742,0.9182218651019258,0.8001324965499148,0.634820510431928,0.812835821569157,0.7060266348868196,length_ratio_extreme;low_punc_jaccard,length_ratio_extreme;low_punc_jaccard,EN:length_ratio_extreme;EN:low_punc_jaccard;SP:length_ratio_extreme;SP:low_punc_jaccard
0:15:35.85,ai,名前…　ですか,A name… huh?,Un nombre... ¿eh?,0.0,0.0,0.5,0.0,1,1,1.5,1.5,0.8623284101486206,0.8916168212890625,0.1308552324771881,0.25942161679267883,0.6982126576426692,0.8429106080504163,0.7560918378057679,0.7305809290006313,0.8632360651485492,0.7836429834597984,,low_punc_jaccard,SP:low_punc_jaccard
0:15:38.05,ai,そういやぁ…,Now that you mention it…,Ahora que lo dices...,0.0,0.0,1.0,0.0,1,1,5.0,4.0,0.5658854246139526,0.7798238396644592,0.11923247575759888,-0.15466482937335968,0.6920196335988502,0.45157684439446966,0.595842517917098,0.5305602984708331,0.697253134378894,0.5972374328340575,length_ratio_extreme,length_ratio_extreme;low_punc_jaccard,EN:length_ratio_extreme;SP:length_ratio_extreme;SP:low_punc_jaccard
0:15:39.21,ai,名乗ってないね,I haven't introduced myself.,No se ha presentado.,0.0,0.0,0.0,0.0,1,1,4.0,4.0,0.6225377917289734,0.696727991104126,-0.5792681574821472,-0.6299523711204529,0.3198332994406484,0.5263635154406859,0.4024453858406634,0.30097704438602846,0.5738778358726763,0.4101373609806876,length_ratio_extreme;low_punc_jaccard,length_ratio_extreme;low_punc_jaccard,EN:length_ratio_extreme;EN:low_punc_jaccard;SP:length_ratio_extreme;SP:low_punc_jaccard
0:15:41.90,ai,名乗るような名前はありませんねぇ,There's no name worth announcing.,No tiene un nombre digno de presentarse.,0.0,0.0,0.0,0.0,1,1,5.0,7.0,0.7583754658699036,0.8028901815414429,-0.11518001556396484,-0.025512199848890305,0.5671162023432353,0.705682544264944,0.6225427391119188,0.5929462824392804,0.7315005349870372,0.6483679834583831,length_ratio_extreme;low_punc_jaccard,length_ratio_extreme;low_punc_jaccard,EN:length_ratio_extreme;EN:low_punc_jaccard;SP:length_ratio_extreme;SP:low_punc_jaccard
0:15:44.42,ai,何なら　皆さんで　付けてください,"If you like, you may give me one.","Si quieren, pónganle uno ustedes.",0.0,0.0,0.0,0.0,1,1,2.6666666666666665,1.6666666666666667,0.5951509475708008,0.7762548327445984,-0.5443564057350159,-0.2673068344593048,0.33843554013088156,0.49021019988914216,0.3991454040341858,0.47614961903411174,0.6919541055857903,0.5624714136547831,length_ratio_extreme;low_punc_jaccard,low_punc_jaccard,EN:length_ratio_extreme;EN:low_punc_jaccard;SP:low_punc_jaccard
0:15:46.82,ai,付けていいんだ,We can name you?,¿Podemos ponerle nombre?,0.0,0.0,0.0,0.0,1,1,4.0,3.0,0.432804137468338,0.3966769576072693,-0.9898343682289124,-0.4290429651737213,0.10106881214402161,0.2758965162634448,0.1709998937917909,0.3980244759764815,0.12838162317204282,0.290167334854706,low_qe_mix;length_ratio_extreme;low_punc_jaccard,length_ratio_extreme;low_punc_jaccard,EN:low_qe_mix;EN:length_ratio_extreme;EN:low_punc_jaccard;SP:length_ratio_extreme;SP:low_punc_jaccard
0:15:48.07,ai,でも　今は　課題に集中ですよ,"But for now, focus on the assignment.",Pero ahora concéntrense en la tarea.,0.0,0.0,0.0,0.0,1,1,2.3333333333333335,2.0,0.7736974954605103,0.8397548794746399,0.5538913607597351,0.5036715269088745,0.923621566825317,0.7259091234019925,0.8445365894559873,0.8485635905454101,0.7862348350832379,0.8236320883605412,length_ratio_extreme;low_punc_jaccard,length_ratio_extreme;low_punc_jaccard,EN:length_ratio_extreme;EN:low_punc_jaccard;SP:length_ratio_extreme;SP:low_punc_jaccard
0:15:50.90,ai,はーい,Okay.,¡Sí!,0.0,0.0,0.0,0.0,1,1,1.0,1.0,0.8787356615066528,0.8312838077545166,0.19798752665519714,0.14815641939640045,0.7339831656203868,0.8645697861672721,0.7862178138391409,0.6768353037929368,0.773657540064956,0.7155641983017444,low_punc_jaccard,low_punc_jaccard,EN:low_punc_jaccard;SP:low_punc_jaccard
0:15:52.25,ai,では　先生は　その間　一休みを,Then I'll take a little rest in the meantime.,"Bien, el profesor descansará mientras tanto.",0.0,0.0,0.0,0.0,1,1,2.25,1.5,0.5930901765823364,0.8844216465950012,0.1051083505153656,0.281295508146286,0.6844937901751781,0.4874897804280636,0.6056921862763323,0.7411469100444408,0.8525531388524219,0.7857094015676332,length_ratio_extreme;low_punc_jaccard,low_punc_jaccard,EN:length_ratio_extreme;EN:low_punc_jaccard;SP:low_punc_jaccard
0:16:03.04,ai,おっ　もうできましたか　渚君,"Oh — already done, Nagisa?","Oh, ¿ya terminaste, Nagisa?",0.0,0.0,0.0,0.0,1,1,1.6666666666666667,1.3333333333333333,0.6725935339927673,0.7868822813034058,0.38347911834716797,0.43208858370780945,0.8328197768469208,0.59244199585186,0.7366686644488964,0.8139861114542095,0.7077330483491022,0.7714848862121666,low_punc_jaccard,low_punc_jaccard,EN:low_punc_jaccard;SP:low_punc_jaccard
0:16:12.35,ai,昼食の後で　僕らが眠くなるころに,"After lunch, when we begin to get sleepy,","Después del almuerzo, cuando nos dé sueño,",0.0,0.0,0.0,0.0,1,1,4.0,3.5,0.9154290556907654,0.9543544054031372,-0.06288670003414154,-0.3005583584308624,0.5949799672159335,0.9130086588951299,0.722191443887612,0.4600877777146285,0.9563847398625809,0.6586065625738095,length_ratio_extreme;low_punc_jaccard,length_ratio_extreme;low_punc_jaccard,EN:length_ratio_extreme;EN:low_punc_jaccard;SP:length_ratio_extreme;SP:low_punc_jaccard
0:16:15.22,ai,先生の顔が薄いピンクになるときがある,there are times when Sensei's face turns a pale pink.,hay momentos en que la cara del profesor se vuelve rosa pálido.,0.0,0.0,0.0,0.0,1,1,10.0,12.0,0.6592782735824585,0.9364876747131348,0.1861341893672943,0.305629163980484,0.7276672799321185,0.5748645485021543,0.6665461873601328,0.7529010575856518,0.929857382956071,0.8236835877338196,length_ratio_extreme;low_punc_jaccard,length_ratio_extreme;low_punc_jaccard,EN:length_ratio_extreme;EN:low_punc_jaccard;SP:length_ratio_extreme;SP:low_punc_jaccard
0:16:19.51,ai,茅野の質問への反応も少し遅れた,His reaction to Chino's question was also a bit delayed.,Su reacción a la pregunta de Chino también fue algo tardía.,0.0,0.0,0.0,0.0,1,1,10.0,11.0,0.7399634122848511,0.7618793249130249,0.3872634470462799,0.4392404854297638,0.8348362036885679,0.6813768309316429,0.7734524545857979,0.8174407714778772,0.6706102887691041,0.7587085783943679,length_ratio_extreme;low_punc_jaccard,length_ratio_extreme;low_punc_jaccard,EN:length_ratio_extreme;EN:low_punc_jaccard;SP:length_ratio_extreme;SP:low_punc_jaccard
0:16:22.79,ai,たぶん　先生も一番　油断する時間なんだ,That’s probably when Sensei is most off guard.,Probablemente ese es el momento en que el profesor más se confía.,0.0,0.0,0.0,0.0,1,1,2.6666666666666665,4.0,0.3081030249595642,0.8440005779266357,-0.019668087363243103,-0.16784146428108215,0.6180084030568269,0.1112788390999042,0.4153165774740578,0.5241954467667839,0.7925385713463323,0.6315326965986032,length_ratio_extreme;low_punc_jaccard;model_discrepancy,length_ratio_extreme;low_punc_jaccard,EN:length_ratio_extreme;EN:low_punc_jaccard;EN:model_discrepancy;SP:length_ratio_extreme;SP:low_punc_jaccard
0:16:29.41,ai,この進学校で　落ちこぼれた僕らは思う,We dropouts at this elite school think—,"Nosotros, los rezagados de esta escuela de élite, pensamos",0.0,0.0,0.0,0.0,1,1,3.5,4.5,0.7555317282676697,0.746598482131958,-0.2711898982524872,-0.8201578855514526,0.4839885091570751,0.7019285322186648,0.5711645183817109,0.20910002865903196,0.6479222896427475,0.38462893305251816,length_ratio_extreme;low_punc_jaccard,length_ratio_extreme;low_punc_jaccard,EN:length_ratio_extreme;EN:low_punc_jaccard;SP:length_ratio_extreme;SP:low_punc_jaccard
0:16:33.38,ai,どこかで見返さなきゃ,we need to get our revenge somewhere.,que debemos demostrar algo en algún lugar.,0.0,0.0,0.0,0.0,1,1,7.0,7.0,0.5385234355926514,0.522712767124176,-0.16653379797935486,-0.2652786076068878,0.5397530546053553,0.41545634005699633,0.4900343687860117,0.4771293352688113,0.31551137623462844,0.41248215165513813,length_ratio_extreme;low_punc_jaccard,length_ratio_extreme;low_punc_jaccard,EN:length_ratio_extreme;EN:low_punc_jaccard;SP:length_ratio_extreme;SP:low_punc_jaccard
0:16:35.44,ai,やればできると　親や　友達や　先生たちを,"To make our parents, friends, and teachers say ""You can do it.""","Para que padres, amigos y profesores crean que podemos lograrlo.",0.0,0.0,0.0,0.0,1,1,3.0,2.5,0.8299251198768616,0.8801929950714111,-0.04860476031899452,-0.09461268782615662,0.6025898998835602,0.8001350925022481,0.6816079769310354,0.5595679303992634,0.8462747127572494,0.6742506433424579,length_ratio_extreme;low_punc_jaccard,length_ratio_extreme;low_punc_jaccard,EN:length_ratio_extreme;EN:low_punc_jaccard;SP:length_ratio_extreme;SP:low_punc_jaccard
0:16:41.16,ai,やればできると…,"""You can do it…""","""Si te esfuerzas, puedes...""",0.0,0.0,0.5,0.0,1,1,4.0,4.0,0.7895681262016296,0.6702157855033875,-0.06331770122051239,0.031739741563797,0.5947503142364807,0.7468599097675876,0.6555941524489235,0.6206013035742368,0.5345142414606834,0.5861664787288154,length_ratio_extreme,length_ratio_extreme;low_punc_jaccard,EN:length_ratio_extreme;SP:length_ratio_extreme;SP:low_punc_jaccard
0:16:46.92,ai,言ったでしょう もっと　工夫を…,You said it — be more creative…,Te dijeron: sé más ingenioso…,0.0,0.0,0.5,0.5,1,1,2.3333333333333335,1.6666666666666667,0.8144775629043579,0.7811048626899719,0.08293530344963074,-0.056221719831228256,0.6726791908580139,0.7797428049315491,0.715504636487428,0.578112332651724,0.6991551138508434,0.6265294451313718,length_ratio_extreme,,EN:length_ratio_extreme
0:16:50.09,ai,認めさせなきゃ…,We must make them recognize us…,Debemos hacer que nos reconozcan.,0.0,0.0,1.0,0.0,1,1,6.0,5.0,0.5099626183509827,0.5294187664985657,0.0027482323348522186,-0.0424552857875824,0.6299526268080011,0.37775326509938434,0.5290728821245544,0.5847620813770248,0.3254680069079059,0.48104445158937725,length_ratio_extreme,length_ratio_extreme;low_punc_jaccard,EN:length_ratio_extreme;SP:length_ratio_extreme;SP:low_punc_jaccard
0:16:52.92,ai,どんな手を使っても…,By any means…,Por cualquier medio…,0.0,0.0,1.0,1.0,1,1,3.0,3.0,0.6344202160835266,0.8062372803688049,-0.0041821859776973724,0.07327921688556671,0.6262598499325285,0.5420494789173983,0.5925757015264764,0.6406665631901136,0.736470089111703,0.6789879735587494,length_ratio_extreme,length_ratio_extreme,EN:length_ratio_extreme;SP:length_ratio_extreme
0:17:02.59,ai,しゃーっ,Ha—!,¡Sí!,0.0,0.0,0.0,0.0,1,1,1.0,1.0,0.8388224244117737,0.758384644985199,-0.07908231019973755,-0.04186089709401131,0.5863503619011455,0.8118804055639164,0.6765623793662539,0.5850491953416779,0.6654216158480236,0.6171981635442161,low_punc_jaccard,low_punc_jaccard,EN:low_punc_jaccard;SP:low_punc_jaccard
0:17:03.85,ai,やったぜー,Nailed it!,¡Lo hice!,0.0,0.0,0.0,0.0,1,1,2.0,2.0,0.7773318290710449,0.7075183391571045,-0.012922655791044235,0.15977323055267334,0.621602612324079,0.7307067995811967,0.665244287226926,0.6824466970508837,0.5898986411846964,0.6454274747044088,length_ratio_extreme;low_punc_jaccard,length_ratio_extreme;low_punc_jaccard,EN:length_ratio_extreme;EN:low_punc_jaccard;SP:length_ratio_extreme;SP:low_punc_jaccard
0:17:04.91,ai,100億円いただき,Got the 10 billion yen.,Conseguí los 10 mil millones.,0.0,0.0,0.0,0.0,0,0,5.0,5.0,0.5072774291038513,0.653457522392273,-0.08555249869823456,-0.1770559400320053,0.5829028120723087,0.3742085524042496,0.499425108205085,0.519744479422245,0.5096326649487316,0.5156997536328396,length_ratio_extreme;low_punc_jaccard;digits_mismatch,length_ratio_extreme;low_punc_jaccard;digits_mismatch,EN:length_ratio_extreme;EN:low_punc_jaccard;EN:digits_mismatch;SP:length_ratio_extreme;SP:low_punc_jaccard;SP:digits_mismatch
0:17:04.97,ai,渚,Nagisa.,Nagisa.,0.0,0.0,0.0,0.0,1,1,1.0,1.0,0.6878150105476379,0.6878150105476379,-0.09391765296459198,-0.09391762316226959,0.578445556125921,0.6125358351372616,0.5920816677304572,0.5599036749608566,0.5606444234244188,0.5601999743462814,low_punc_jaccard,low_punc_jaccard,EN:low_punc_jaccard;SP:low_punc_jaccard
0:17:07.35,ai,ざまあみろ,Serves him right.,Toma eso.,0.0,0.0,0.0,0.0,1,1,3.0,2.0,0.46230408549308777,0.8150627613067627,-0.9092366695404053,-0.2956359088420868,0.14401417337774117,0.3148393357987381,0.2123442383461399,0.46246552149159637,0.7495735878309067,0.5773087480273205,low_qe_mix;length_ratio_extreme;low_punc_jaccard,length_ratio_extreme;low_punc_jaccard,EN:low_qe_mix;EN:length_ratio_extreme;EN:low_punc_jaccard;SP:length_ratio_extreme;SP:low_punc_jaccard
0:17:08.41,ai,寺坂　何やったんだ,"Terasaka, what did you do?","Terasaka, ¿qué hiciste?",0.0,0.0,0.0,0.0,1,1,2.5,1.5,0.69841468334198,0.7421762943267822,0.13185429573059082,0.2783638834953308,0.69874499458294,0.6265284409688687,0.6698583731373116,0.7397308158530225,0.6413565134942798,0.7003810949095255,length_ratio_extreme;low_punc_jaccard,low_punc_jaccard,EN:length_ratio_extreme;EN:low_punc_jaccard;SP:low_punc_jaccard
0:17:10.88,ai,こいつも自爆テロは予想してなかったろ,He probably didn't expect a suicide bombing either.,Él tampoco esperaba un suicidio explosivo.,0.0,0.0,0.0,0.0,1,1,8.0,6.0,0.7598264813423157,0.6933495402336121,-0.02214556559920311,-0.30077072978019714,0.616688313283505,0.707598026747749,0.6530521986692026,0.4599851936972241,0.5688617322783359,0.5035358091296689,length_ratio_extreme;low_punc_jaccard,length_ratio_extreme;low_punc_jaccard,EN:length_ratio_extreme;EN:low_punc_jaccard;SP:length_ratio_extreme;SP:low_punc_jaccard
0:17:13.29,ai,ちょっと　渚に　何　持たせたのよ,What did you make Nagisa carry?,¿Qué le diste a Nagisa para que lo llevara?,0.0,0.0,0.0,0.0,1,1,1.5,2.25,0.5630614757537842,0.6681827902793884,-0.6682306528091431,-0.650973379611969,0.27243087281757017,0.44784895542510017,0.34259810586058215,0.29082304052578295,0.53149578269327,0.3870921373927778,low_punc_jaccard,length_ratio_extreme;low_punc_jaccard,EN:low_punc_jaccard;SP:length_ratio_extreme;SP:low_punc_jaccard
0:17:16.81,ai,おもちゃの手榴弾だよ,A toy grenade.,Era una granada de juguete.,0.0,0.0,0.0,0.0,1,1,3.0,5.0,0.8729260563850403,0.7473461627960205,-0.3002605140209198,-0.2619125247001648,0.4684986364215397,0.8569005386271591,0.6238593973037875,0.4787552905050963,0.6490323971476857,0.5468661331621321,length_ratio_extreme;low_punc_jaccard,length_ratio_extreme;low_punc_jaccard,EN:length_ratio_extreme;EN:low_punc_jaccard;SP:length_ratio_extreme;SP:low_punc_jaccard
0:17:19.19,ai,ただし　火薬を使って威力を上げてある,Although we increased its power with real powder.,Pero con pólvora para aumentar su efecto.,0.0,0.0,0.0,0.0,1,1,4.0,3.5,0.5324178338050842,0.7549577951431274,-0.24721422791481018,-0.0754946619272232,0.4967636111789265,0.4073963479387692,0.4610167058828636,0.568802716106923,0.6603336526160868,0.6054150907105885,length_ratio_extreme;low_punc_jaccard,length_ratio_extreme;low_punc_jaccard,EN:length_ratio_extreme;EN:low_punc_jaccard;SP:length_ratio_extreme;SP:low_punc_jaccard
0:17:22.74,ai,300発の対先生弾がすげえ速さで飛び散るようにな,It made 300 anti-Sensei rounds scatter at crazy speed.,Hizo que 300 balas contra el profesor estallaran a enorme velocidad.,0.1414213562373095,0.12216944435630522,0.0,0.0,1,1,9.0,11.0,0.615846574306488,0.683271586894989,-0.5121528506278992,-0.3115038573741913,0.3555947559594885,0.5175304533506564,0.4203690349159557,0.4548006556163843,0.5538986441935975,0.49443985104726956,length_ratio_extreme;low_punc_jaccard,length_ratio_extreme;low_punc_jaccard,EN:length_ratio_extreme;EN:low_punc_jaccard;SP:length_ratio_extreme;SP:low_punc_jaccard
0:17:27.94,ai,人間が死ぬ威力じゃねえよ,It's not lethal to humans.,No tiene poder para matar a un humano.,0.0,0.0,0.0,0.0,1,1,5.0,8.0,0.5342336893081665,0.6304458379745483,-0.5197230577468872,-0.4009183645248413,0.3515610765290685,0.4097934549811062,0.37485402790988354,0.4116098043717318,0.47546641617270174,0.4371524490921198,length_ratio_extreme;low_punc_jaccard,length_ratio_extreme;low_punc_jaccard,EN:length_ratio_extreme;EN:low_punc_jaccard;SP:length_ratio_extreme;SP:low_punc_jaccard
0:17:30.42,ai,俺の100億で　治療費くらい…,"My 10 billion covers treatment costs, at least…","Con mis 10 mil millones cubriría gastos médicos, más o menos…",0.0,0.0,0.5,0.5,0,0,4.0,5.5,0.852818489074707,0.8463214635848999,0.16589708626270294,0.2176533341407776,0.7168842213920782,0.8303565811800777,0.7622731653072781,0.7104051461187396,0.7959844710615177,0.7446368760958508,length_ratio_extreme;digits_mismatch,length_ratio_extreme;digits_mismatch,EN:length_ratio_extreme;EN:digits_mismatch;SP:length_ratio_extreme;SP:digits_mismatch
0:17:35.59,ai,無傷　やけど一つ負ってねえのか,"No injuries, not a single burn?","Está ileso, ni una quemadura.",0.0,0.0,0.0,0.0,1,1,3.0,2.5,0.7009512782096863,0.7297882437705994,-0.20001335442066193,-0.49393245577812195,0.5219139392371437,0.6298769945352805,0.5650991613563984,0.36668020729630046,0.6229635436677611,0.4691935418448847,length_ratio_extreme;low_punc_jaccard,length_ratio_extreme;low_punc_jaccard,EN:length_ratio_extreme;EN:low_punc_jaccard;SP:length_ratio_extreme;SP:low_punc_jaccard
0:17:38.56,ai,それに　何だ　この膜,And what's with this membrane?,"Y además, ¿qué es esta membrana?",0.0,0.0,0.0,0.0,1,1,1.6666666666666667,2.0,0.8964694738388062,0.9092830419540405,-0.17641566693782806,0.051861997693777084,0.5344876383590919,0.887980154644681,0.6758846448733276,0.630321173413171,0.8894657178421596,0.7339789911847664,low_punc_jaccard,length_ratio_extreme;low_punc_jaccard,EN:low_punc_jaccard;SP:length_ratio_extreme;SP:low_punc_jaccard
0:17:40.89,ai,タコの死体に　つながっ…,It's connected to the octopus's corpse…,Conectada al cadáver del pulpo…,0.0,0.0,0.5,1.0,1,1,3.0,2.5,0.6322854161262512,0.8420267701148987,-0.28133392333984375,-0.3021617829799652,0.4785834066686766,0.5392313339698079,0.5028425775891292,0.45931325830621034,0.7896079901899206,0.5914311510596943,length_ratio_extreme,length_ratio_extreme,EN:length_ratio_extreme;SP:length_ratio_extreme
0:17:41.77,ai,実は　先生　月に１度ほど　脱皮をします,"Actually, Sensei sheds his skin about once a month.","En realidad, el profesor muda la piel aproximadamente una vez al mes.",0.0,0.0,0.0,0.0,0,0,2.25,3.0,0.4483182728290558,0.7364710569381714,0.3618071973323822,0.36845675110816956,0.8212721955666462,0.29637669382483117,0.6113139948699202,0.7832493428490303,0.632885748972781,0.7231039052985306,length_ratio_extreme;low_punc_jaccard;digits_mismatch;model_discrepancy,length_ratio_extreme;low_punc_jaccard;digits_mismatch,EN:length_ratio_extreme;EN:low_punc_jaccard;EN:digits_mismatch;EN:model_discrepancy;SP:length_ratio_extreme;SP:low_punc_jaccard;SP:digits_mismatch
0:17:45.94,ai,脱いだ皮を渚君にかぶせて守りました,I covered Nagisa with the shed skin to protect him.,Le puse la piel que mudó sobre Nagisa para protegerlo.,0.0,0.0,0.0,0.0,1,1,10.0,10.0,0.6214646100997925,0.6480777263641357,-0.26717910170555115,-0.7457044124603271,0.4861256062373381,0.5249468106221309,0.5016540879912552,0.24506409068208324,0.5016450945421057,0.3476964922260922,length_ratio_extreme;low_punc_jaccard,length_ratio_extreme;low_punc_jaccard,EN:length_ratio_extreme;EN:low_punc_jaccard;SP:length_ratio_extreme;SP:low_punc_jaccard
0:17:51.51,ai,月1で使える　先生の奥の手です,It's Sensei's secret technique usable once a month.,"Es el recurso secreto del profesor, usable una vez al mes.",0.0,0.0,0.0,0.0,0,0,4.0,5.5,0.4421018958091736,0.7383636236190796,-0.079759880900383,0.015000998973846436,0.5859893277900717,0.28817046755468606,0.46686178369591746,0.6125158086778996,0.6356957085946561,0.6217877686446022,length_ratio_extreme;low_punc_jaccard;digits_mismatch,length_ratio_extreme;low_punc_jaccard;digits_mismatch,EN:length_ratio_extreme;EN:low_punc_jaccard;EN:digits_mismatch;SP:length_ratio_extreme;SP:low_punc_jaccard;SP:digits_mismatch
0:17:58.21,ai,寺坂　吉田　村松,"Terasaka, Yoshida, Muramatsu.","Terasaka, Yoshida, Muramatsu.",0.0,0.0,0.0,0.0,1,1,1.0,1.0,0.7486397624015808,0.7486397624015808,-0.29794082045555115,-0.29794082045555115,0.46973465283065957,0.692830462529141,0.5589729767100522,0.4613521552403964,0.6509530495057593,0.5371925129465416,low_punc_jaccard,low_punc_jaccard,EN:low_punc_jaccard;SP:low_punc_jaccard
0:18:03.80,ai,先生の顔は　顔色を見るまでもなく…,You could tell Sensei's mood without checking his complexion…,"El rostro del profesor, sin siquiera mirar su color…",0.0,0.0,0.5,0.5,1,1,4.5,4.5,0.4902270436286926,0.9099235534667969,0.22466406226158142,-0.3823678195476532,0.7481973860847698,0.3517003742878265,0.5895985813659925,0.42057047366521727,0.8904167075781342,0.6085089672303841,length_ratio_extreme,length_ratio_extreme,EN:length_ratio_extreme;SP:length_ratio_extreme
0:18:12.76,ai,真っ黒,pitch black.,está completamente negro.,0.0,0.0,0.0,0.0,1,1,2.0,3.0,0.7758608460426331,0.7636836171150208,0.10728578269481659,-0.08330710232257843,0.685654004586136,0.7287649579695823,0.7028983859395146,0.565028988982252,0.6732891841997471,0.60833306706925,length_ratio_extreme;low_punc_jaccard,length_ratio_extreme;low_punc_jaccard,EN:length_ratio_extreme;EN:low_punc_jaccard;SP:length_ratio_extreme;SP:low_punc_jaccard
0:18:14.56,ai,ど怒りだ,Furious.,Está furioso.,0.0,0.0,0.0,0.0,1,1,1.0,2.0,0.7137596607208252,0.7255586385726929,0.20383286476135254,0.25615862011909485,0.7370977726201754,0.6467853134330566,0.7009727889453279,0.7290047686164655,0.6166837016191383,0.6840763418175346,low_punc_jaccard,length_ratio_extreme;low_punc_jaccard,EN:low_punc_jaccard;SP:length_ratio_extreme;SP:low_punc_jaccard
0:18:15.66,ai,首謀者は　君ら３人だろ,"You three are the ringleaders, right?","Ustedes tres son los instigadores, ¿no?",0.0,0.0,0.0,0.0,0,0,3.0,3.0,0.6773576140403748,0.8922555446624756,0.09138861298561096,-0.07102681696414948,0.6771834191120506,0.5987310479339184,0.6458024706407978,0.5709608673212351,0.8641843999718049,0.688250280381463,length_ratio_extreme;low_punc_jaccard;digits_mismatch,length_ratio_extreme;low_punc_jaccard;digits_mismatch,EN:length_ratio_extreme;EN:low_punc_jaccard;EN:digits_mismatch;SP:length_ratio_extreme;SP:low_punc_jaccard;SP:digits_mismatch
0:18:19.59,ai,いっ　いや…,N-no…,N-no…,0.0,0.0,0.5,0.5,1,1,0.5,0.5,0.9015066623687744,0.9015066623687744,0.6205667853355408,0.6205667853355408,0.9591486381984841,0.8946297366616809,0.9333410775837628,0.9050287646966793,0.8779198564152404,0.8941852013841037,,,
0:18:20.82,ai,渚が勝手に…,Nagisa acted on his own…,Nagisa actuó por su cuenta…,0.0,0.0,1.0,1.0,1,1,5.0,5.0,0.39685526490211487,0.46951305866241455,-0.5311656594276428,0.01073654368519783,0.34546404558860955,0.2284404849623334,0.2986546213380991,0.6104559029659421,0.2365239174670823,0.46088310876639815,length_ratio_extreme,length_ratio_extreme,EN:length_ratio_extreme;SP:length_ratio_extreme
0:18:29.08,ai,いなく…,He's gone…,No está…,0.0,0.0,0.5,1.0,1,1,2.0,2.0,0.4393347203731537,0.9104247093200684,-0.43049073219299316,-0.09607855975627899,0.3991072784305291,0.2845175250634989,0.35327137708371703,0.5588598545120815,0.8911607911162018,0.6917802291537296,length_ratio_extreme,length_ratio_extreme,EN:length_ratio_extreme;SP:length_ratio_extreme
0:18:34.05,ai,俺らんちの表札,Our family nameplate—,El nombre de mi casa…,0.0,0.0,0.0,0.0,1,1,3.0,5.0,0.526818037033081,0.4896215796470642,-0.39974066615104675,-0.8276183009147644,0.41549202285401265,0.400004067961073,0.4092968408968368,0.20549634397241592,0.2663797384495035,0.22984970176325098,length_ratio_extreme;low_punc_jaccard,low_qe_mix;length_ratio_extreme;low_punc_jaccard,EN:length_ratio_extreme;EN:low_punc_jaccard;SP:low_qe_mix;SP:length_ratio_extreme;SP:low_punc_jaccard
0:18:36.21,ai,政府との契約ですから　先生は　決して君たちに危害は加えない,"By contract with the government, Sensei will never harm you.",Hay un contrato con el gobierno: el profesor jamás dañará a los estudiantes.,0.0,0.0,0.0,0.0,1,1,3.3333333333333335,4.333333333333333,0.5835915207862854,0.8921397924423218,0.19712087512016296,0.26730701327323914,0.7335213824201041,0.4749506248274116,0.6300930793830272,0.734389896887947,0.8640125386217897,0.7862389535814841,length_ratio_extreme;low_punc_jaccard,length_ratio_extreme;low_punc_jaccard,EN:length_ratio_extreme;EN:low_punc_jaccard;SP:length_ratio_extreme;SP:low_punc_jaccard
0:18:41.67,ai,が　しかし…,But — however…,"Pero, sin embargo…",0.0,0.0,0.5,0.5,1,1,1.5,1.5,0.9318357706069946,0.9778550863265991,0.15656834840774536,0.3403034508228302,0.7119135333506719,0.9346671288562864,0.8010149715529177,0.7696501513596514,0.9912770187701887,0.8583008983238662,,,
0:18:44.55,ai,次　また　今のような方法で暗殺に来たら,"Next time you try an assassination the way you did just now,","Si vienen la próxima vez con un método como el anterior,",0.0,0.0,0.0,0.0,1,1,4.0,3.6666666666666665,0.7971457839012146,0.4756178557872772,-0.012088071554899216,-0.4943675696849823,0.6220473089107611,0.7568631598088279,0.6759736492699878,0.3664700295452335,0.24558792223565953,0.31811718662140387,length_ratio_extreme;low_punc_jaccard,length_ratio_extreme;low_punc_jaccard,EN:length_ratio_extreme;EN:low_punc_jaccard;SP:length_ratio_extreme;SP:low_punc_jaccard
0:18:49.23,ai,君たち以外には何をするか分かりませんよ,I don't know what he'll do to anyone else.,no sé qué hará con otros que no sean ustedes.,0.0,0.0,0.0,0.0,1,1,9.0,10.0,0.5592333674430847,0.8429167866706848,-0.12184900045394897,-0.01943417266011238,0.5635627266259017,0.4427954776704935,0.5152558270437384,0.5958822172952335,0.7909294287472975,0.6739011018760591,length_ratio_extreme;low_punc_jaccard,length_ratio_extreme;low_punc_jaccard,EN:length_ratio_extreme;EN:low_punc_jaccard;SP:length_ratio_extreme;SP:low_punc_jaccard
0:18:53.19,ai,家族や友人…　いいや,"Family or friends… no,","Sus familias y amigos… mejor dicho,",0.0,0.0,0.5,0.5,1,1,2.0,3.0,0.8259729743003845,0.8423700332641602,-0.5066929459571838,-0.4809457063674927,0.35850399012126954,0.7949178734131559,0.5330695434380242,0.3729533365660399,0.7901176449348933,0.5398190599135813,length_ratio_extreme,length_ratio_extreme,EN:length_ratio_extreme;SP:length_ratio_extreme
0:18:56.33,ai,君たち以外を地球ごと消しますかね,maybe he'll erase everything but you from the Earth.,quizá borraría del planeta a quienes no sean ustedes.,0.0,0.0,0.0,0.0,1,1,9.0,9.0,0.7821250557899475,0.8761266469955444,-0.3433416187763214,-0.10812719166278839,0.4455434697582978,0.7370343281229204,0.5621398131041468,0.5530398742319371,0.8402372642398788,0.6679188302351138,length_ratio_extreme;low_punc_jaccard,length_ratio_extreme;low_punc_jaccard,EN:length_ratio_extreme;EN:low_punc_jaccard;SP:length_ratio_extreme;SP:low_punc_jaccard
0:19:01.61,ai,5秒間で　皆　悟った,In five seconds everyone understood.,"En cinco segundos, todos entendieron.",0.0,0.0,0.0,0.0,0,0,1.6666666666666667,1.6666666666666667,0.8764376640319824,0.924066960811615,0.38369011878967285,0.413555771112442,0.8329322054940322,0.8615362045191428,0.8443738051040764,0.8050340076238668,0.9114159167238837,0.8475867712638736,low_punc_jaccard;digits_mismatch,low_punc_jaccard;digits_mismatch,EN:low_punc_jaccard;EN:digits_mismatch;SP:low_punc_jaccard;SP:digits_mismatch
0:19:04.61,ai,地球の裏でも　逃げられないと,You can't escape even to the other side of the planet.,Que no habrá escape ni al otro lado del planeta.,0.0,0.0,0.0,0.0,1,1,5.5,5.0,0.7804969549179077,0.8685416579246521,-0.3108849823474884,-0.5392733216285706,0.46283753644442877,0.7348850755753598,0.5716565520968011,0.3447787211207852,0.828975566970992,0.5384574594608679,length_ratio_extreme;low_punc_jaccard,length_ratio_extreme;low_punc_jaccard,EN:length_ratio_extreme;EN:low_punc_jaccard;SP:length_ratio_extreme;SP:low_punc_jaccard
0:19:07.99,ai,どうしても逃げたければ,"If you really wanted to run,","Si realmente quieren huir,",0.0,0.0,0.0,0.0,1,1,6.0,4.0,0.594391942024231,0.8913546800613403,-0.365466833114624,-0.032204676419496536,0.43375435744376256,0.48920823825851295,0.4559359097696627,0.589713543488627,0.862846854943932,0.698966868070749,length_ratio_extreme;low_punc_jaccard,length_ratio_extreme;low_punc_jaccard,EN:length_ratio_extreme;EN:low_punc_jaccard;SP:length_ratio_extreme;SP:low_punc_jaccard
0:19:12.34,ai,この先生を殺すしか…,you'd have to kill this teacher…,solo les queda matar a este profesor.,0.0,0.0,0.5,0.0,1,1,6.0,7.0,0.9258008003234863,0.9272592067718506,-0.2614690661430359,0.03042508289217949,0.489168119161154,0.9267003772384752,0.6641810223920825,0.6199662698539518,0.916155555407077,0.7384419840752019,length_ratio_extreme,length_ratio_extreme;low_punc_jaccard,EN:length_ratio_extreme;SP:length_ratio_extreme;SP:low_punc_jaccard
0:19:16.68,ai,何なんだよ　てめえ　迷惑なんだよ,"What the hell, you're a nuisance.",¿Qué te pasa? Eres un problema.,0.0,0.0,0.0,0.0,1,1,2.0,2.0,0.6254518032073975,0.7387328147888184,-0.21378248929977417,-0.5542567372322083,0.5145772474843852,0.5302102958835814,0.5208304668440636,0.3375411207011668,0.6362438595740555,0.45702221625032224,length_ratio_extreme;low_punc_jaccard,length_ratio_extreme;low_punc_jaccard,EN:length_ratio_extreme;EN:low_punc_jaccard;SP:length_ratio_extreme;SP:low_punc_jaccard
0:19:20.09,ai,いきなり来て　地球　爆破とか　暗殺しろとか,"Suddenly showing up and saying ""blow up the Earth"" or ""assassinate"" —",Llegas de repente y hablas de explotar la Tierra y de asesinatos.,0.0,0.0,0.0,0.0,1,1,3.0,3.0,0.7584831118583679,0.8407495021820068,-0.6337541937828064,-0.24905100464820862,0.29080117384400245,0.7058246475086158,0.4568105633098478,0.48496792889059026,0.7877115860346812,0.6060653917482266,length_ratio_extreme;low_punc_jaccard,length_ratio_extreme;low_punc_jaccard,EN:length_ratio_extreme;EN:low_punc_jaccard;SP:length_ratio_extreme;SP:low_punc_jaccard
0:19:23.49,ai,迷惑なやつに　迷惑な殺し方して　何が悪いんだよ,Doing annoying things to an annoying guy — what's wrong with that?,¿Qué tiene de malo darles a los molestos una muerte molesta?,0.0,0.0,0.0,0.0,1,1,4.0,3.6666666666666665,0.46856680512428284,0.7212881445884705,-0.08920198678970337,-0.4514307677745819,0.5809582331704717,0.3231067388529113,0.4778176354434475,0.387210254854631,0.6103431505663394,0.47646341313931434,length_ratio_extreme;low_punc_jaccard,length_ratio_extreme;low_punc_jaccard,EN:length_ratio_extreme;EN:low_punc_jaccard;SP:length_ratio_extreme;SP:low_punc_jaccard
0:19:27.95,ai,迷惑　とんでもない,Nuisance? That's outrageous.,"Molesto, no, de ninguna manera.",0.0,0.0,0.0,0.0,1,1,1.5,2.5,0.5269733667373657,0.8026638031005859,0.09006880223751068,-0.19766071438789368,0.6764801763363931,0.4002091183780213,0.5659717531530444,0.5097915336140733,0.7311644230368015,0.5983406893831645,low_punc_jaccard,length_ratio_extreme;low_punc_jaccard,EN:low_punc_jaccard;SP:length_ratio_extreme;SP:low_punc_jaccard
0:19:30.18,ai,君たちのアイデア自体は　すごくよかった,Your idea itself was actually quite good.,Sus ideas en sí fueron bastante buenas.,0.0,0.0,0.0,0.0,1,1,3.5,3.5,0.9362330436706543,0.8047922253608704,0.4851439893245697,0.6717454195022583,0.8869904874248717,0.9404719598079151,0.9083830763780891,0.9297501309004309,0.7343245656463232,0.8515799047987878,length_ratio_extreme;low_punc_jaccard,length_ratio_extreme;low_punc_jaccard,EN:length_ratio_extreme;EN:low_punc_jaccard;SP:length_ratio_extreme;SP:low_punc_jaccard
0:19:33.15,ai,特に　渚君,"Especially you, Nagisa.","Especialmente tú, Nagisa.",0.0,0.0,0.0,0.0,1,1,1.5,1.5,0.7576610445976257,0.7765220999717712,0.11717964708805084,0.27596399188041687,0.6909258124327473,0.7047394382413283,0.6964512627561797,0.7385715703899972,0.6923509265402022,0.7200833128500792,low_punc_jaccard,low_punc_jaccard,EN:low_punc_jaccard;SP:low_punc_jaccard
0:19:34.92,ai,君の肉薄までの自然な体運びは100点です,Your natural movement to get close to him scored a hundred points.,Tu acercamiento corporal natural hasta el punto de impacto fue perfecto.,0.0,0.0,0.0,0.0,0,0,12.0,11.0,0.5715280771255493,0.41153085231781006,-0.3812861740589142,-0.23017357289791107,0.42532524194311383,0.4590256981441482,0.43880542442352755,0.4940864978184989,0.1504357176381737,0.35662618574636884,length_ratio_extreme;low_punc_jaccard;digits_mismatch,length_ratio_extreme;low_punc_jaccard;digits_mismatch,EN:length_ratio_extreme;EN:low_punc_jaccard;EN:digits_mismatch;SP:length_ratio_extreme;SP:low_punc_jaccard;SP:digits_mismatch
0:19:38.86,ai,先生は　見事に　隙を突かれました,Sensei was superbly caught off guard.,El profesor fue alcanzado por su descuido con gran maestría.,0.0,0.0,0.0,0.0,1,1,2.0,3.3333333333333335,0.2668948173522949,0.7627251148223877,-0.42603328824043274,-0.47663235664367676,0.40148236536026377,0.056879970638291026,0.2636414074714747,0.3750368602829868,0.6718660624852293,0.4937685411638838,length_ratio_extreme;low_punc_jaccard,length_ratio_extreme;low_punc_jaccard,EN:length_ratio_extreme;EN:low_punc_jaccard;SP:length_ratio_extreme;SP:low_punc_jaccard
0:19:41.87,ai,ただし,However—,"Sin embargo,",0.0,0.0,0.0,0.0,1,1,1.0,2.0,0.7476965188980103,0.8222899436950684,0.09484314918518066,0.03075942024588585,0.6790241206134526,0.6915852887577647,0.6840485878711775,0.6201277684224685,0.7603040370647055,0.6761982758793633,low_punc_jaccard,length_ratio_extreme;low_punc_jaccard,EN:low_punc_jaccard;SP:length_ratio_extreme;SP:low_punc_jaccard
0:19:43.46,ai,寺坂君たちは　渚君を,Terasaka and the others,Terasaka y compañía,0.0,0.0,1.0,1.0,1,1,2.0,1.5,0.5575369596481323,0.3685568571090698,-0.32193872332572937,-0.16352912783622742,0.4569477045135052,0.44055605329721426,0.4503910440269888,0.526278481028694,0.0866307312430527,0.3504193811144375,length_ratio_extreme,,EN:length_ratio_extreme
0:19:45.87,ai,渚君は　自分を大切にしなかった,Nagisa didn't value himself.,Nagisa no se cuidó a sí mismo.,0.0,0.0,0.0,0.0,1,1,2.0,3.5,0.5313923954963684,0.5500772595405579,-0.008099231868982315,-0.46604883670806885,0.6241727065834309,0.4060426689774574,0.5369206915410415,0.3801491317672269,0.35614039054562574,0.3705456352785864,length_ratio_extreme;low_punc_jaccard,length_ratio_extreme;low_punc_jaccard,EN:length_ratio_extreme;EN:low_punc_jaccard;SP:length_ratio_extreme;SP:low_punc_jaccard
0:19:49.36,ai,そんな生徒に暗殺する資格はありません,Such a student has no right to assassinate.,Un estudiante así no merece intentar un asesinato.,0.0,0.0,0.0,0.0,1,1,8.0,8.0,0.8551586270332336,0.926842987537384,0.384204626083374,0.29057973623275757,0.8332063535397572,0.8334457923925902,0.8333021290808904,0.7456315706099641,0.9155375802231658,0.8135939744552447,length_ratio_extreme;low_punc_jaccard,length_ratio_extreme;low_punc_jaccard,EN:length_ratio_extreme;EN:low_punc_jaccard;SP:length_ratio_extreme;SP:low_punc_jaccard
0:19:53.11,ai,人に笑顔で胸を張れる暗殺をしましょう,Perform an assassination you can do with a smile and pride.,Realicen un asesinato del que puedan estar orgullosos y sonreír.,0.0,0.0,0.0,0.0,1,1,11.0,10.0,0.8454315662384033,0.879729151725769,-0.15066812932491302,0.06889402121305466,0.5482068551811361,0.8206051198319436,0.6571661610414591,0.638548334951702,0.84558602839792,0.7213634123301892,length_ratio_extreme;low_punc_jaccard,length_ratio_extreme;low_punc_jaccard,EN:length_ratio_extreme;EN:low_punc_jaccard;SP:length_ratio_extreme;SP:low_punc_jaccard
0:19:56.33,ai,君たち　全員　それができる力を秘めた有能なアサシンだ,All of you are capable assassins with that potential.,"Ustedes, todos, son asesinos capaces con ese potencial.",0.0,0.0,0.0,0.0,1,1,3.0,2.6666666666666665,0.7644595503807068,0.6117149591445923,-0.04855145141482353,-0.05535402521491051,0.6026183047906958,0.7137141314712301,0.6470566354629095,0.5785314645162661,0.4476560284461508,0.52618129008822,length_ratio_extreme;low_punc_jaccard,length_ratio_extreme;low_punc_jaccard,EN:length_ratio_extreme;EN:low_punc_jaccard;SP:length_ratio_extreme;SP:low_punc_jaccard
0:20:01.70,ai,ターゲットである先生からのアドバイスです,"Advice from the target, your teacher.","Es un consejo del objetivo, el profesor.",0.0,0.0,0.0,0.0,1,1,6.0,7.0,0.9274691343307495,0.9274664521217346,-0.20993967354297638,-0.6365489363670349,0.5166248383401505,0.928902741463488,0.6815359995894855,0.2977906345139622,0.9164632597912186,0.5452596846248647,length_ratio_extreme;low_punc_jaccard,length_ratio_extreme;low_punc_jaccard;model_discrepancy,EN:length_ratio_extreme;EN:low_punc_jaccard;SP:length_ratio_extreme;SP:low_punc_jaccard;SP:model_discrepancy
0:20:06.30,ai,マッハ20で怒られてうねる触手で褒められた,"Scolded at Mach 20, praised by writhing tentacles.",Fui reprendidos por alguien a Mach 20 y elogiados por sus retorcidos tentáculos.,0.0,0.0,0.0,0.0,1,1,8.0,13.0,0.5321266055107117,0.543995201587677,-0.5996119379997253,-0.6251242756843567,0.3089933993268319,0.4070118980779828,0.34820079882729227,0.30330921126163485,0.34711014741712615,0.32082958572383136,length_ratio_extreme;low_punc_jaccard,length_ratio_extreme;low_punc_jaccard,EN:length_ratio_extreme;EN:low_punc_jaccard;SP:length_ratio_extreme;SP:low_punc_jaccard
0:20:11.48,ai,この異常な教育が　僕は　普通に　うれしかった,I was oddly genuinely happy for this abnormal education.,"Extrañamente, me gustó esta educación tan fuera de lo común.",0.0,0.0,0.0,0.0,1,1,2.25,2.5,0.9337295293807983,0.8086787462234497,0.14709602296352386,0.2578394114971161,0.7068663366621212,0.937167075842964,0.7989866323344583,0.7298166593565117,0.740095018441245,0.7339280029904051,length_ratio_extreme;low_punc_jaccard,length_ratio_extreme;low_punc_jaccard,EN:length_ratio_extreme;EN:low_punc_jaccard;SP:length_ratio_extreme;SP:low_punc_jaccard
0:20:16.28,ai,この異常な先生は僕らのことを　正面から見てくれたから,Because this abnormal teacher looked at us directly.,Porque este profesor anómalo nos miró de frente.,0.0,0.0,0.0,0.0,1,1,4.0,4.0,0.809662938117981,0.901995062828064,-0.08524900674819946,0.1468522995710373,0.5830645235310459,0.7733870288458176,0.6591935256569545,0.6762053607649272,0.878645001575912,0.7571812170893211,length_ratio_extreme;low_punc_jaccard,length_ratio_extreme;low_punc_jaccard,EN:length_ratio_extreme;EN:low_punc_jaccard;SP:length_ratio_extreme;SP:low_punc_jaccard
0:20:30.79,ai,あなたの…,Your…,Tu…,0.0,0.0,1.0,1.0,1,1,1.0,1.0,0.9627358913421631,0.9147995710372925,-0.2515629529953003,-0.18390046060085297,0.4944464535860086,0.9754583134508785,0.6868511975319566,0.5164382970235433,0.8976563005747046,0.6689254984440078,,,
0:20:33.32,ai,あなたの時間をくれるなら,If you would give your time—,"Si me das tu tiempo,",0.0,0.0,0.0,0.0,1,1,6.0,5.0,0.8333388566970825,0.975655734539032,0.04018578678369522,0.23947185277938843,0.6499007062901001,0.8046415593210817,0.7117970475024928,0.7209443798843654,0.9880115646228101,0.8277712537797433,length_ratio_extreme;low_punc_jaccard,length_ratio_extreme;low_punc_jaccard,EN:length_ratio_extreme;EN:low_punc_jaccard;SP:length_ratio_extreme;SP:low_punc_jaccard
0:20:36.30,ai,あの子たちを教えてあげて,teach those kids.,enséñales a esos chicos.,0.0,0.0,0.0,0.0,1,1,3.0,4.0,0.7814543843269348,0.8659271001815796,-0.1960708498954773,0.01503145694732666,0.5240146478647434,0.736148976130786,0.6088683791711604,0.6125305211204742,0.8250936420902428,0.6975557695083816,length_ratio_extreme;low_punc_jaccard,length_ratio_extreme;low_punc_jaccard,EN:length_ratio_extreme;EN:low_punc_jaccard;SP:length_ratio_extreme;SP:low_punc_jaccard
0:20:40.79,ai,なんて　すてきな触手…,What wonderful tentacles…,Qué tentáculo tan maravilloso…,0.0,0.0,1.0,1.0,1,1,1.5,2.0,0.6038254499435425,0.8617784976959229,0.1573619693517685,0.1700717657804489,0.712336403217657,0.5016613922836758,0.6280663988440646,0.6874213093060432,0.8189340675877945,0.7400264126187437,,length_ratio_extreme,SP:length_ratio_extreme
0:20:43.69,ai,この手なら　きっと　あなたはすてきな教師に…,"With these hands, surely you would be a wonderful teacher…","Con esta mano, seguro serías un gran profesor…",0.0,0.0,0.5,0.5,1,1,3.3333333333333335,2.6666666666666665,0.8610410094261169,0.9335755705833435,-0.03280885890126228,-0.127669095993042,0.611006525958933,0.8412111130559164,0.7030883607977264,0.5436003379658237,0.9255336805988669,0.696373675019041,length_ratio_extreme,length_ratio_extreme,EN:length_ratio_extreme;SP:length_ratio_extreme
0:20:50.99,ai,さて　問題です　渚君,"Now, question, Nagisa.","Ahora, pregunta: Nagisa.",0.0,0.0,0.0,0.0,1,1,1.0,1.0,0.5786586403846741,0.6269068717956543,0.17738117277622223,-0.15926173329353333,0.7230033569479014,0.4684387397519543,0.6211775100695225,0.5283398065201514,0.4702119899132786,0.5050886798774024,low_punc_jaccard,low_punc_jaccard,EN:low_punc_jaccard;SP:low_punc_jaccard
0:20:53.80,ai,先生は　殺される気などみじんもない,Sensei has not the slightest intention of being killed.,El profesor no tiene intención alguna de dejarse matar.,0.0,0.0,0.0,0.0,1,1,4.5,4.5,0.47189223766326904,0.8690345883369446,-0.1073998510837555,0.06909087300300598,0.5712617546294322,0.32749663537523344,0.47375570692775265,0.6386434223893893,0.8297074379105518,0.7150690285978543,length_ratio_extreme;low_punc_jaccard,length_ratio_extreme;low_punc_jaccard,EN:length_ratio_extreme;EN:low_punc_jaccard;SP:length_ratio_extreme;SP:low_punc_jaccard
0:20:57.00,ai,皆さんと　来年　3月までエンジョイしてから,"He intends to enjoy time with you until March next year,","Disfrutará con ustedes hasta marzo del próximo año,",0.0,0.0,0.0,0.0,0,0,3.6666666666666665,2.6666666666666665,0.6862119436264038,0.8174542784690857,-0.12715592980384827,-0.2530294954776764,0.5607350032332764,0.6104196298556712,0.5806088538822344,0.4830461556675467,0.7531243565984957,0.5910774360399262,length_ratio_extreme;low_punc_jaccard;digits_mismatch,length_ratio_extreme;low_punc_jaccard;digits_mismatch,EN:length_ratio_extreme;EN:low_punc_jaccard;EN:digits_mismatch;SP:length_ratio_extreme;SP:low_punc_jaccard;SP:digits_mismatch
0:20:59.52,ai,地球を爆破です,then blow up the Earth.,y después destruirá la Tierra.,0.0,0.0,0.0,0.0,1,1,5.0,5.0,0.8371953964233398,0.8092626333236694,-0.5985440015792847,-0.25795891880989075,0.3095624343749382,0.8097325693277545,0.5096304883560647,0.4806650432882672,0.7409619359411155,0.5847838003494066,length_ratio_extreme;low_punc_jaccard;model_discrepancy,length_ratio_extreme;low_punc_jaccard,EN:length_ratio_extreme;EN:low_punc_jaccard;EN:model_discrepancy;SP:length_ratio_extreme;SP:low_punc_jaccard
0:21:02.11,ai,それが嫌なら君たちは　どうしますか,"If you don't like that, what will you do?","Si no les gusta eso, ¿qué harán?",0.0,0.0,0.0,0.0,1,1,4.5,3.5,0.8773297071456909,0.8611650466918945,0.06776295602321625,-0.49528953433036804,0.6645948168424592,0.8627137887632136,0.743842405610761,0.3660246830447535,0.8180232555309686,0.5468241120392395,length_ratio_extreme;low_punc_jaccard,length_ratio_extreme;low_punc_jaccard,EN:length_ratio_extreme;EN:low_punc_jaccard;SP:length_ratio_extreme;SP:low_punc_jaccard
0:21:06.62,ai,暗殺なんて　したことないし,We've never done assassination before.,Nunca hemos asesinado antes.,0.0,0.0,0.0,0.0,1,1,2.5,2.0,0.7514157295227051,0.7618787884712219,0.043059591203927994,-0.13260746002197266,0.6514319729509379,0.6964950109054011,0.6694571881327231,0.5412149068656319,0.6706094922952884,0.5929727410374945,length_ratio_extreme;low_punc_jaccard,length_ratio_extreme;low_punc_jaccard,EN:length_ratio_extreme;EN:low_punc_jaccard;SP:length_ratio_extreme;SP:low_punc_jaccard
0:21:09.27,ai,僕らには　他に　すべきことがたくさんある,We have plenty of other things to do.,Tenemos muchas otras cosas que hacer.,0.0,0.0,0.0,0.0,1,1,2.6666666666666665,2.0,0.8946980237960815,0.9648216962814331,0.5668683052062988,0.6464032530784607,0.9305361509392064,0.885641667157458,0.912578357426507,0.9175088316403084,0.9719258909433538,0.9392756553615265,length_ratio_extreme;low_punc_jaccard,length_ratio_extreme;low_punc_jaccard,EN:length_ratio_extreme;EN:low_punc_jaccard;SP:length_ratio_extreme;SP:low_punc_jaccard
0:21:14.16,ai,けど　思った,But I thought—,Pero pensé:,0.0,0.0,0.0,0.0,1,1,1.5,1.0,0.8585136532783508,0.8920122385025024,0.38832440972328186,0.4078608453273773,0.8354015228746087,0.837874755504327,0.836390815926496,0.8022831263600732,0.8638231548478286,0.8268991377551753,low_punc_jaccard,low_punc_jaccard,EN:low_punc_jaccard;SP:low_punc_jaccard
0:21:16.69,ai,この先生なら　殺意さえも受け止めてくれるって,this teacher would accept even murderous intent.,que este profesor incluso aceptaría la intención de matarlo.,0.0,0.0,0.0,0.0,1,1,3.5,4.5,0.8080307245254517,0.8967586755752563,0.08711349964141846,-0.45377588272094727,0.6749054845076023,0.7712323471045618,0.7134362295463861,0.3860774687550619,0.8708703551693562,0.5799946233207796,length_ratio_extreme;low_punc_jaccard,length_ratio_extreme;low_punc_jaccard,EN:length_ratio_extreme;EN:low_punc_jaccard;SP:length_ratio_extreme;SP:low_punc_jaccard
0:21:21.23,ai,地球を爆破されるその前に　先生を殺します,"Before the Earth is destroyed, we'll kill Sensei.","Antes de que destruya la Tierra, mataremos al profesor.",0.0,0.0,0.0,0.0,1,1,4.0,4.5,0.6045086979866028,0.9240863919258118,-0.26391929388046265,0.0019174106419086456,0.48786254943644825,0.5025633465927619,0.49374286829897374,0.6061959022622785,0.9114447667754311,0.7282954480675394,length_ratio_extreme;low_punc_jaccard,length_ratio_extreme;low_punc_jaccard,EN:length_ratio_extreme;EN:low_punc_jaccard;SP:length_ratio_extreme;SP:low_punc_jaccard
0:21:27.44,ai,ならば　今　やってみなさい,Then try it now.,Entonces háganlo ahora.,0.0,0.0,0.0,0.0,1,1,1.3333333333333333,1.0,0.870785117149353,0.8176636695861816,0.4659026563167572,0.5727081894874573,0.8767380111124602,0.8540742892310094,0.8676725223598798,0.8819111123165141,0.7534352468779001,0.8305207661410685,low_punc_jaccard,low_punc_jaccard,EN:low_punc_jaccard;SP:low_punc_jaccard
0:21:29.37,ai,殺せた者から　今日は帰ってよし,Whoever succeeds in killing him may go home today.,Los que lo consigan pueden irse a casa hoy.,0.0,0.0,0.0,0.0,1,1,4.5,4.5,0.7240631580352783,0.6585515737533569,-0.235550194978714,-0.49073418974876404,0.5029786286798428,0.6603869386346498,0.5659419526617656,0.36822510014106097,0.5171959803028485,0.427813452205776,length_ratio_extreme;low_punc_jaccard,length_ratio_extreme;low_punc_jaccard,EN:length_ratio_extreme;EN:low_punc_jaccard;SP:length_ratio_extreme;SP:low_punc_jaccard
0:21:32.65,ai,んな簡単に…,It's not that easy…,No es tan fácil…,0.0,0.0,0.5,1.0,1,1,4.0,4.0,0.6604695320129395,0.731124758720398,0.011378031224012375,0.36643776297569275,0.6345508949558506,0.5764371262585353,0.6113053874769244,0.7822740892926068,0.6249479139310925,0.719343619148001,length_ratio_extreme,length_ratio_extreme,EN:length_ratio_extreme;SP:length_ratio_extreme
0:21:33.82,ai,殺せるわけねえだろ,There's no way we can kill him.,No hay forma de matarlo.,0.0,0.0,0.0,0.0,1,1,7.0,5.0,0.5697576999664307,0.7230793237686157,-0.617333710193634,-0.4838748276233673,0.29955059983065196,0.4566886269683237,0.36240581068572064,0.3715384516164771,0.6130025766370424,0.4681241016247032,length_ratio_extreme;low_punc_jaccard,length_ratio_extreme;low_punc_jaccard,EN:length_ratio_extreme;EN:low_punc_jaccard;SP:length_ratio_extreme;SP:low_punc_jaccard
0:21:35.93,ai,僕らは　殺し屋,We're assassins.,Somos asesinos.,0.0,0.0,0.0,0.0,1,1,1.0,1.0,0.8503370881080627,0.9525400996208191,0.2555316090583801,0.4017404019832611,0.7646447284922807,0.8270808889667336,0.7896191926820618,0.7993267027723252,0.953690976920711,0.8610724124316795,low_punc_jaccard,low_punc_jaccard,EN:low_punc_jaccard;SP:low_punc_jaccard
0:21:37.89,ai,ターゲットは　先生,The target is Sensei.,El objetivo es el profesor.,0.0,0.0,0.0,0.0,1,1,2.0,2.5,0.32468533515930176,0.7843642830848694,0.18198567628860474,0.20599164068698883,0.7254568025159371,0.13316911202665152,0.48854172632022286,0.7047720728818128,0.7039944887551836,0.704461039231161,length_ratio_extreme;low_punc_jaccard;model_discrepancy,length_ratio_extreme;low_punc_jaccard,EN:length_ratio_extreme;EN:low_punc_jaccard;EN:model_discrepancy;SP:length_ratio_extreme;SP:low_punc_jaccard
0:21:40.87,ai,ふきふき　ふきふき,"Wipe wipe, wipe wipe.","(Onomatopeya: frotar, frotar)",0.0,0.0,0.0,0.0,1,1,2.0,1.5,0.6381133198738098,0.5057774782180786,-0.7765234112739563,-1.0927867889404297,0.2147285847008685,0.5469247374876658,0.34760704581558743,0.07740915671331058,0.29036696336348766,0.16259227937338142,length_ratio_extreme;low_punc_jaccard,low_qe_mix;low_punc_jaccard,EN:length_ratio_extreme;EN:low_punc_jaccard;SP:low_qe_mix;SP:low_punc_jaccard
0:21:42.55,ai,今　撃っても…,Even if you shoot now…,Aunque disparen ahora…,0.0,0.0,1.0,1.0,1,1,2.5,1.5,0.7498826384544373,0.8280530571937561,-0.2215578407049179,-0.006349358707666397,0.5104342597782037,0.694471180600594,0.5840490281071598,0.602202715735513,0.7688607322612118,0.6688659223457925,length_ratio_extreme,,EN:length_ratio_extreme
0:21:43.66,ai,表札と一緒に手入れされる…,you'll be groomed along with the nameplate…,serán arreglados junto con la placa de nombre…,0.0,0.0,0.5,1.0,1,1,7.0,8.0,0.6402224898338318,0.8126175999641418,-0.4293735921382904,-0.4485883414745331,0.3997025309498757,0.5497090483296201,0.4597051379017735,0.38858326260708054,0.7459431716817452,0.5315272262369464,length_ratio_extreme,length_ratio_extreme,EN:length_ratio_extreme;SP:length_ratio_extreme
0:21:46.04,ai,帰れねえ…,Can't go home…,No podemos volver a casa…,0.0,0.0,0.5,1.0,1,1,3.0,5.0,0.6627788543701172,0.6267035603523254,-0.040992386639118195,0.1298491358757019,0.6066460471786809,0.5794856578603178,0.5957818914513356,0.6679921396976077,0.46991012633711915,0.5887593343534123,length_ratio_extreme,length_ratio_extreme,EN:length_ratio_extreme;SP:length_ratio_extreme
0:21:48.14,ai,殺せない先生か…,A teacher you can't kill…,¿Un profesor al que no se le puede matar…?,0.0,0.0,0.5,0.3333333333333333,1,1,5.0,9.0,0.7716067433357239,0.8224526047706604,-0.4354945719242096,-0.8279141783714294,0.3964410521199835,0.7231491259057163,0.5271242816342767,0.20535342310169039,0.7605455456250512,0.4274302721110347,length_ratio_extreme,length_ratio_extreme;model_discrepancy,EN:length_ratio_extreme;SP:length_ratio_extreme;SP:model_discrepancy
0:21:50.84,ai,殺せない…　ころ…,Can't kill… die…,Imposible de matar…,0.0,0.0,0.5,1.0,1,1,1.5,1.5,0.8136245012283325,0.8202245831489563,-1.0806670188903809,-0.28699472546577454,0.052669899297279665,0.7786166800016319,0.3430486115790206,0.46663956525336814,0.7572375243770767,0.5828787489028515,model_discrepancy,,EN:model_discrepancy
0:21:54.23,ai,殺せんせーは,Koro-sensei is—,¡Koro-sensei es…!,0.0,0.0,0.0,0.0,1,1,2.0,2.0,0.22503149509429932,0.45065850019454956,-0.8166759014129639,-0.8474902510643005,0.193333889548128,0.001616286699824877,0.11664684840880674,0.1958973821238237,0.20852989827746166,0.2009503885852789,low_qe_mix;length_ratio_extreme;low_punc_jaccard,low_qe_mix;length_ratio_extreme;low_punc_jaccard,EN:low_qe_mix;EN:length_ratio_extreme;EN:low_punc_jaccard;SP:low_qe_mix;SP:length_ratio_extreme;SP:low_punc_jaccard
0:21:56.35,ai,殺せんせー,Koro-sensei.,¡Koro-sensei!,0.0,0.0,0.0,0.0,1,1,1.0,1.0,0.25008660554885864,0.46880900859832764,-0.44887304306030273,-0.5929333567619324,0.3893125201017816,0.034691485478146135,0.24746410625232737,0.31885873711502416,0.23547858983248962,0.28550667820201037,low_qe_mix;low_punc_jaccard,low_punc_jaccard,EN:low_qe_mix;EN:low_punc_jaccard;SP:low_punc_jaccard
0:21:59.85,ai,殺せんせーと　僕らの暗殺教室,Koro-sensei and our Assassination Classroom.,Y así es nuestra clase de asesinato.,0.0,0.0,0.0,0.0,1,1,2.5,3.5,0.7782639265060425,0.8004268407821655,-0.2177852839231491,-0.5515479445457458,0.5124444141176462,0.7319372594508198,0.6002415522509157,0.3388495779717133,0.7278431272252317,0.4944469976731206,length_ratio_extreme;low_punc_jaccard,length_ratio_extreme;low_punc_jaccard,EN:length_ratio_extreme;EN:low_punc_jaccard;SP:length_ratio_extreme;SP:low_punc_jaccard
0:22:04.97,ai,始業のベルは　明日も鳴る,The starting bell will ring again tomorrow.,La campana sonará mañana también.,0.0,0.0,0.0,0.0,1,1,3.5,2.5,0.8457145690917969,0.9005289077758789,0.4288168251514435,0.4470248520374298,0.8569773424834161,0.8209787113053398,0.8425778900121855,0.8212009378188836,0.8764681501404471,0.843307822747509,length_ratio_extreme;low_punc_jaccard,length_ratio_extreme;low_punc_jaccard,EN:length_ratio_extreme;EN:low_punc_jaccard;SP:length_ratio_extreme;SP:low_punc_jaccard
0:00:48.77,fansub,それでは,"Now, then.","Muy bien, entonces...",0.0,0.0,0.0,0.0,1,1,2.0,3.0,0.7738968133926392,0.8782625198364258,-0.0788399875164032,0.18869134783744812,0.6039828185638375,0.7621139285630061,0.667235262563505,0.773894985191847,0.8755913609820519,0.814573535507929,length_ratio_extreme;low_punc_jaccard,length_ratio_extreme;low_punc_jaccard,EN:length_ratio_extreme;EN:low_punc_jaccard;SP:length_ratio_extreme;SP:low_punc_jaccard
0:00:50.51,fansub,ホームルームを始めます,Let's begin homeroom.,Vamos a empezar.,0.0,0.0,0.0,0.0,1,1,3.0,3.0,0.9257076382637024,0.5917077660560608,0.06263304501771927,0.09947331249713898,0.686140040653488,0.9362145919255629,0.786169861162318,0.7336003164607394,0.5475097756822581,0.6591641001493469,length_ratio_extreme;low_punc_jaccard,length_ratio_extreme;low_punc_jaccard,EN:length_ratio_extreme;EN:low_punc_jaccard;SP:length_ratio_extreme;SP:low_punc_jaccard
0:00:52.75,fansub,日直の人は号令を,"Class monitor, on your command.","Encargado de la clase, a su señal.",0.0,0.0,0.0,0.0,1,1,5.0,7.0,0.2207968831062317,0.6189687848091125,-0.7441354393959045,-0.8497679233551025,0.2176277287193106,0.12780432086254565,0.18169836557660463,0.30488250174226234,0.5787213962587704,0.41441805954886557,low_qe_mix;length_ratio_extreme;low_punc_jaccard,length_ratio_extreme;low_punc_jaccard,EN:low_qe_mix;EN:length_ratio_extreme;EN:low_punc_jaccard;SP:length_ratio_extreme;SP:low_punc_jaccard
0:00:54.90,fansub,き…起立,S-Stand!,¡D-De pie!,0.0,0.0,0.0,0.0,1,1,1.0,2.0,0.7081558704376221,0.5741326808929443,-0.5448401570320129,-1.0933889150619507,0.3333638975233591,0.6867204789307453,0.4747065300863136,0.19485287466823795,0.5273877510917548,0.3278668252376447,low_punc_jaccard,length_ratio_extreme;low_punc_jaccard,EN:low_punc_jaccard;SP:length_ratio_extreme;SP:low_punc_jaccard
0:01:00.08,fansub,気を付け,Attention!,¡Atención!,0.0,0.0,0.0,0.0,1,1,1.0,1.0,0.6835132837295532,0.8109492063522339,0.06019836664199829,0.20204612612724304,0.6847261569722802,0.6584597096707933,0.6742195780516854,0.7799265724725136,0.7985231626418403,0.7873652085402443,low_punc_jaccard,low_punc_jaccard,EN:low_punc_jaccard;SP:low_punc_jaccard
0:01:04.97,fansub,礼,Bow!,¡Saluden!,0.0,0.0,0.0,0.0,1,1,1.0,1.0,0.5555451512336731,0.8780125379562378,-0.4966438114643097,-0.38325873017311096,0.3613528208947464,0.5117024756216225,0.4214926827854969,0.5155779438418672,0.8753051523239637,0.6594688272347058,low_punc_jaccard,low_punc_jaccard,EN:low_punc_jaccard;SP:low_punc_jaccard
0:01:09.72,fansub,おはようございます,Good morning.,Buenos días.,0.0,0.0,0.0,0.0,1,1,2.0,2.0,0.981326699256897,0.4819415807723999,0.2976536452770233,0.2692902088165283,0.8226228692553947,1.0,0.8935737215532369,0.8102968672874203,0.42183653660636206,0.654912735014997,length_ratio_extreme;low_punc_jaccard,length_ratio_extreme;low_punc_jaccard,EN:length_ratio_extreme;EN:low_punc_jaccard;SP:length_ratio_extreme;SP:low_punc_jaccard
0:01:11.61,fansub,発砲したままで結構ですので　出欠をとります,"I'll be taking attendance, so please, fire all you like.",Disparen todo lo que quieran... Sólo estaré tomando asistencia.,0.0,0.0,0.0,0.0,1,1,5.0,4.5,0.4731929302215576,0.5178148746490479,-0.5376902222633362,-0.6675212979316711,0.3375160583146746,0.41725877360125313,0.36941314442930606,0.38719284819618777,0.4629085026781477,0.41747910998897175,length_ratio_extreme;low_punc_jaccard,length_ratio_extreme;low_punc_jaccard,EN:length_ratio_extreme;EN:low_punc_jaccard;SP:length_ratio_extreme;SP:low_punc_jaccard
0:01:15.23,fansub,磯貝君,Isogai-kun?,¿Isogai?,0.0,0.0,0.0,0.0,1,1,1.0,1.0,0.3851848542690277,0.6566787362098694,-0.47390177845954895,-0.38630789518356323,0.3745597354768003,0.31632878776123596,0.3512673563905746,0.5142008109165118,0.6218961838828527,0.5572789601030482,low_punc_jaccard,low_punc_jaccard,EN:low_punc_jaccard;SP:low_punc_jaccard
0:01:16.68,fansub,はい,Present.,¡Aquí!,0.0,0.0,0.0,0.0,1,1,1.0,1.0,0.5556485652923584,0.7900916337966919,-0.3070429861545563,-0.37609922885894775,0.47145915589253007,0.5118210735953403,0.4876039229736542,0.5188114798935605,0.7746429604143366,0.621144072101871,low_punc_jaccard,low_punc_jaccard,EN:low_punc_jaccard;SP:low_punc_jaccard
0:01:18.03,fansub,すみませんが　銃声の中なので　大きな声で,"My apologies. I'll need you to speak up,  what with all this gunfire.",Disculpa pero vas a tener que hablar más alto con todo este tiroteo.,0.0,0.0,0.0,0.0,1,1,4.333333333333333,4.333333333333333,0.7630771994590759,0.8326613306999207,0.0644751638174057,0.19383668899536133,0.6872098089381599,0.749705709552537,0.7122081691839107,0.7762188406396364,0.823381756269204,0.7950840068914635,length_ratio_extreme;low_punc_jaccard,length_ratio_extreme;low_punc_jaccard,EN:length_ratio_extreme;EN:low_punc_jaccard;SP:length_ratio_extreme;SP:low_punc_jaccard
0:01:21.41,fansub,はい,Present!,¡Aquí!,0.0,0.0,0.0,0.0,1,1,1.0,1.0,0.45310354232788086,0.7900916337966919,-0.4882238805294037,-0.37609922885894775,0.3662425028603305,0.3942197329939221,0.37743339491376715,0.5188114798935605,0.7746429604143366,0.621144072101871,low_punc_jaccard,low_punc_jaccard,EN:low_punc_jaccard;SP:low_punc_jaccard
0:01:22.34,fansub,岡島君,Okajima-kun?,¿Okajima?,0.0,0.0,0.0,0.0,1,1,1.0,1.0,0.6251729726791382,0.5866426229476929,-0.3386055529117584,-0.38596734404563904,0.45312991843757244,0.5915535001611497,0.5084993511270034,0.5143546183304087,0.5417106041143791,0.5252970126439969,low_punc_jaccard,low_punc_jaccard,EN:low_punc_jaccard;SP:low_punc_jaccard
0:01:23.61,fansub,はい,Present!,¡Aquí!,0.0,0.0,0.0,0.0,1,1,1.0,1.0,0.45310354232788086,0.7900916337966919,-0.4882238805294037,-0.37609922885894775,0.3662425028603305,0.3942197329939221,0.37743339491376715,0.5188114798935605,0.7746429604143366,0.621144072101871,low_punc_jaccard,low_punc_jaccard,EN:low_punc_jaccard;SP:low_punc_jaccard
0:01:24.27,fansub,奥田さん,Okuda-san?,¡Okuda!,0.0,0.0,0.0,0.0,1,1,1.0,1.0,0.46293509006500244,0.6745046377182007,-0.5404406189918518,-0.19322769343852997,0.33591882843409787,0.4054948115949855,0.3637492216984529,0.6014040623462868,0.6423053725251529,0.6177645864178333,low_punc_jaccard,low_punc_jaccard,EN:low_punc_jaccard;SP:low_punc_jaccard
0:01:25.51,fansub,はい,Present!,¡Aquí!,0.0,0.0,0.0,0.0,1,1,1.0,1.0,0.45310354232788086,0.7900916337966919,-0.4882238805294037,-0.37609922885894775,0.3662425028603305,0.3942197329939221,0.37743339491376715,0.5188114798935605,0.7746429604143366,0.621144072101871,low_punc_jaccard,low_punc_jaccard,EN:low_punc_jaccard;SP:low_punc_jaccard
0:01:26.32,fansub,片岡さん,Kataoka-san?,¿Kataoka?,0.0,0.0,0.0,0.0,1,1,1.0,1.0,0.5574040412902832,0.6223973035812378,-0.4470633268356323,-0.4550291895866394,0.390145551311183,0.5138342998327666,0.43962105071981644,0.4831633443080785,0.5826467677947494,0.5229567137027469,low_punc_jaccard,low_punc_jaccard,EN:low_punc_jaccard;SP:low_punc_jaccard
0:01:27.36,fansub,はい,Present!,¡Aquí!,0.0,0.0,0.0,0.0,1,1,1.0,1.0,0.45310354232788086,0.7900916337966919,-0.4882238805294037,-0.3760998845100403,0.3662425028603305,0.3942197329939221,0.37743339491376715,0.5188111837735723,0.7746429604143366,0.6211438944298779,low_punc_jaccard,low_punc_jaccard,EN:low_punc_jaccard;SP:low_punc_jaccard
0:01:27.95,fansub,茅野さん,Kayano-san?,¿Kayano?,0.0,0.0,0.0,0.0,1,1,1.0,1.0,0.37030288577079773,0.6716352105140686,-0.5141817927360535,-0.5777100920677185,0.35116804011683206,0.2992617532471749,0.3304055253689692,0.427755418026665,0.6390201147738347,0.5122612967255329,low_punc_jaccard,low_punc_jaccard,EN:low_punc_jaccard;SP:low_punc_jaccard
0:01:28.89,fansub,はい,Present!,¡Aquí!,0.0,0.0,0.0,0.0,1,1,1.0,1.0,0.45310354232788086,0.7900916337966919,-0.4882238805294037,-0.3760998845100403,0.3662425028603305,0.3942197329939221,0.37743339491376715,0.5188111837735723,0.7746429604143366,0.6211438944298779,low_punc_jaccard,low_punc_jaccard,EN:low_punc_jaccard;SP:low_punc_jaccard
0:01:29.51,fansub,神崎さん,Kanzaki-san?,¡Kanzaki!,0.0,0.0,0.0,0.0,1,1,1.0,1.0,0.6534176468849182,0.7648825645446777,-0.21092666685581207,-0.03420402482151985,0.5272765060236376,0.6239452384964238,0.565943999012752,0.6732259313538951,0.745780652966901,0.7022478199990975,low_punc_jaccard,low_punc_jaccard,EN:low_punc_jaccard;SP:low_punc_jaccard
0:01:30.45,fansub,はい,Present!,¡Aquí!,0.0,0.0,0.0,0.0,1,1,1.0,1.0,0.45310354232788086,0.7900916337966919,-0.4882238805294037,-0.3760998845100403,0.3662425028603305,0.3942197329939221,0.37743339491376715,0.5188111837735723,0.7746429604143366,0.6211438944298779,low_punc_jaccard,low_punc_jaccard,EN:low_punc_jaccard;SP:low_punc_jaccard
0:01:33.27,fansub,はい　遅刻なしっと,All right.,Muy bien.,0.0,0.0,0.0,0.0,1,1,1.0,1.0,0.5753031969070435,0.682713508605957,-0.22407063841819763,-0.406526654958725,0.5196434457050183,0.5343615242197911,0.5255306771109274,0.5050691569388559,0.6517038534047989,0.5637230355252332,low_punc_jaccard,low_punc_jaccard,EN:low_punc_jaccard;SP:low_punc_jaccard
0:01:36.03,fansub,素晴らしい　先生　とてもうれしいです,"Everyone on time, I see. Excellent! That makes me very happy.","¡No hay tardanzas, Excelente! Eso me hace muy feliz.",0.0,0.0,0.0,0.0,1,1,3.6666666666666665,3.0,0.5194498896598816,0.6081029176712036,0.16733694076538086,0.29775270819664,0.7469444290412003,0.4703074763547426,0.6362896479666172,0.8231517455573387,0.5662808735690142,0.7204033967620089,length_ratio_extreme;low_punc_jaccard,length_ratio_extreme;low_punc_jaccard,EN:length_ratio_extreme;EN:low_punc_jaccard;SP:length_ratio_extreme;SP:low_punc_jaccard
0:01:39.40,fansub,速過ぎ,He's way too fast.,Es muy rápido.,0.0,0.0,0.0,0.0,1,1,4.0,3.0,0.7664476037025452,0.7455983757972717,-0.1745353490114212,0.05408436432480812,0.5484099300318885,0.7535709781530229,0.6304743492803423,0.7131007322266629,0.7237018455766782,0.717341177566669,length_ratio_extreme;low_punc_jaccard,length_ratio_extreme;low_punc_jaccard,EN:length_ratio_extreme;EN:low_punc_jaccard;SP:length_ratio_extreme;SP:low_punc_jaccard
0:01:40.86,fansub,クラス一斉射撃で駄目なのかよ,So even the whole class  at once can't bring him down?,¿La clase entera le disparó y no funciono?,0.0,0.0,0.0,0.0,1,1,11.0,8.0,0.5760270357131958,0.7390530705451965,-0.6059494018554688,-0.6238664388656616,0.2978761037808976,0.5351916416796344,0.3928023189403923,0.4069092438538412,0.7162080102972334,0.5306287504311981,length_ratio_extreme;low_punc_jaccard,length_ratio_extreme;low_punc_jaccard,EN:length_ratio_extreme;EN:low_punc_jaccard;SP:length_ratio_extreme;SP:low_punc_jaccard
0:01:43.50,fansub,僕らは,We...,Nosotros,0.0,0.0,0.0,1.0,1,1,1.0,1.0,0.901497483253479,0.9181817770004272,-0.3942141830921173,-0.021054740995168686,0.42083648061416923,0.9084497467574392,0.6158817870714772,0.6791647085732444,0.9212956216916613,0.7760170738206111,low_punc_jaccard,,EN:low_punc_jaccard
0:01:45.02,fansub,殺し屋,are killers.,somos asesinos.,0.0,0.0,0.0,0.0,1,1,2.0,2.0,0.8248211145401001,0.7281240820884705,-0.4864344298839569,-0.12353008985519409,0.3672816853212068,0.8205152620553815,0.5485751160148767,0.6328824718072236,0.703695218897674,0.6612075706434037,length_ratio_extreme;low_punc_jaccard,length_ratio_extreme;low_punc_jaccard,EN:length_ratio_extreme;EN:low_punc_jaccard;SP:length_ratio_extreme;SP:low_punc_jaccard
0:01:46.54,fansub,僕らのターゲットは,And our target...,Y nuestro blanco,0.0,0.0,0.0,1.0,1,1,3.0,3.0,0.9134404063224792,0.5792778730392456,0.22014525532722473,-0.004836771637201309,0.7776116477324452,0.922146206351588,0.8354254711801024,0.6864894350175992,0.5332785722132373,0.6252050898958544,length_ratio_extreme;low_punc_jaccard,length_ratio_extreme,EN:length_ratio_extreme;EN:low_punc_jaccard;SP:length_ratio_extreme
0:01:49.07,fansub,先生,is our teacher.,es nuestro maestro.,0.0,0.0,0.0,0.0,1,1,3.0,3.0,0.4576825499534607,0.5073880553245544,-0.5345637202262878,-0.29659605026245117,0.33933170273552615,0.399471059872837,0.3633874455904505,0.5547185051087697,0.4509706535638514,0.5132193644908024,length_ratio_extreme;low_punc_jaccard,length_ratio_extreme;low_punc_jaccard,EN:length_ratio_extreme;EN:low_punc_jaccard;SP:length_ratio_extreme;SP:low_punc_jaccard
0:01:50.07,fansub,残念ですねぇ,Too bad.,Lástima.,0.0,0.0,0.0,0.0,1,1,2.0,1.0,0.7737926244735718,0.8849707841873169,0.15708325803279877,0.2641984522342682,0.7409898377356497,0.7619944419589377,0.7493916794249649,0.8079972129186705,0.8832717710042752,0.8381070361529124,length_ratio_extreme;low_punc_jaccard,low_punc_jaccard,EN:length_ratio_extreme;EN:low_punc_jaccard;SP:low_punc_jaccard
0:01:51.60,fansub,今日も命中弾ゼロです,"Not one of your bullets hit me today, either."," Ni una sola bala le atino a su objetivo hoy, igual que antes.",0.0,0.0,0.0,0.0,1,1,9.0,13.0,0.5954908728599548,0.690524160861969,-0.19751107692718506,-0.3418673872947693,0.5350673024848929,0.5575132841692896,0.5440456951586515,0.5342720390800855,0.6606464067582913,0.5848217861513678,length_ratio_extreme;low_punc_jaccard,length_ratio_extreme;low_punc_jaccard,EN:length_ratio_extreme;EN:low_punc_jaccard;SP:length_ratio_extreme;SP:low_punc_jaccard
0:01:53.98,fansub,数に頼る戦術は　個々の思考を疎かにする,Tactics that rely on sheer numbers neglect individual focus.,Métodos que se basan en solo números carecen de cualquier pensamiento individual.,0.0,0.0,0.0,0.0,1,1,4.5,6.0,0.7798707485198975,0.5353091955184937,0.4254085123538971,0.037140198051929474,0.8968135810784196,0.7689649951415845,0.8456741467036855,0.7054480242928224,0.4829380588061547,0.6164440380981553,length_ratio_extreme;low_punc_jaccard,length_ratio_extreme;low_punc_jaccard,EN:length_ratio_extreme;EN:low_punc_jaccard;SP:length_ratio_extreme;SP:low_punc_jaccard
0:01:57.64,fansub,目線　銃口の向き　指の動き,"Be it line of sight, barrel position,  or finger movement,","Linea de visión, posición del cartucho, movimiento de los dedos...",0.0,0.0,0.0,0.0,1,1,3.3333333333333335,3.3333333333333335,0.7455331087112427,0.7949157357215881,0.040036968886852264,0.21872203052043915,0.6730178871816556,0.7295856829346402,0.6956450054828494,0.7874581219036617,0.7801661596852892,0.7845413370163128,length_ratio_extreme;low_punc_jaccard,length_ratio_extreme;low_punc_jaccard,EN:length_ratio_extreme;EN:low_punc_jaccard;SP:length_ratio_extreme;SP:low_punc_jaccard
0:02:01.38,fansub,一人一人が単純過ぎます,each of you was far too easy to read.,Cada uno de ellos es demasiado simple.,0.0,0.0,0.0,0.0,1,1,9.0,7.0,0.4754267632961273,0.907553493976593,-0.5914985537528992,0.2148803323507309,0.30626810270592425,0.4198205923678273,0.3516890985706855,0.7857230472125095,0.9091271132391824,0.8350846736231787,length_ratio_extreme;low_punc_jaccard,length_ratio_extreme;low_punc_jaccard,EN:length_ratio_extreme;EN:low_punc_jaccard;SP:length_ratio_extreme;SP:low_punc_jaccard
0:02:04.01,fansub,もっと工夫しましょう,You need to be more inventive!,¡Tienen que ser mas originales!,0.0,0.0,0.0,0.0,1,1,6.0,5.0,0.584689736366272,0.44533926248550415,0.4258663058280945,0.37208113074302673,0.897079434149193,0.5451262555748738,0.7562981627194654,0.8567216303052857,0.3799298976454305,0.6660049372413436,length_ratio_extreme;low_punc_jaccard,length_ratio_extreme;low_punc_jaccard,EN:length_ratio_extreme;EN:low_punc_jaccard;SP:length_ratio_extreme;SP:low_punc_jaccard
0:02:05.91,fansub,でないと,"Otherwise,",De lo contrario...,0.0,0.0,0.0,0.0,1,1,1.0,3.0,0.6701467633247375,0.6375507116317749,-0.6682878136634827,-0.6659416556358337,0.26167449947590893,0.6431306310540079,0.4142569521071485,0.38790628200787874,0.5999961716009254,0.4727422378450974,low_punc_jaccard,length_ratio_extreme;low_punc_jaccard,EN:low_punc_jaccard;SP:length_ratio_extreme;SP:low_punc_jaccard
0:02:07.43,fansub,最高速度マッハ20の先生は　殺せませんよ,"you'll never be able to kill me.  I can speed up to Mach 20, you know?",No seran capaces de matarme a mi máxima velocidad de Mach 20.,0.0,0.0,0.0,0.0,1,1,8.0,6.0,0.5665512084960938,0.526486873626709,-0.31084564328193665,-0.18683984875679016,0.4692508498956283,0.5243245127656877,0.49128031504365205,0.6042890853618091,0.472837227065983,0.5517083420434787,length_ratio_extreme;low_punc_jaccard,length_ratio_extreme;low_punc_jaccard,EN:length_ratio_extreme;EN:low_punc_jaccard;SP:length_ratio_extreme;SP:low_punc_jaccard
0:02:12.21,fansub,いや　ていうかさ,"But, like, see...",Pero sabes...,0.0,0.0,0.0,0.0,1,1,1.5,1.0,0.5832896828651428,0.6439345479011536,-0.05267645791172981,-0.07048735022544861,0.6191766888999516,0.5435206372436601,0.588914268237435,0.6568388345966351,0.6073051381977852,0.6370253560370951,low_punc_jaccard,low_punc_jaccard,EN:low_punc_jaccard;SP:low_punc_jaccard
0:02:14.37,fansub,本当に全部よけてんのかよ　先生,There's no way you seriously  dodged all of those!,¡Es imposible que hayas evadido todo eso!,0.0,0.0,0.0,0.0,1,1,4.5,3.5,0.4487977921962738,0.48696959018707275,-0.5068040490150452,-0.23648089170455933,0.3554524957374551,0.3892817850259634,0.3689842114528584,0.5818690738314352,0.4275931931542151,0.5201587215605472,length_ratio_extreme;low_punc_jaccard,length_ratio_extreme;low_punc_jaccard,EN:length_ratio_extreme;EN:low_punc_jaccard;SP:length_ratio_extreme;SP:low_punc_jaccard
0:02:16.60,fansub,どう見ても これ　ただのBB弾だろ,"I mean, these are just BB pellets.","Quiero decir, son solo Balas de salva",0.0,0.0,0.0,0.0,1,1,2.3333333333333335,2.3333333333333335,0.6412029266357422,0.5473598837852478,-0.16674113273620605,-0.733674943447113,0.5529362425457818,0.6099370747177488,0.5757365754145686,0.35731504130173913,0.49673510407709315,0.41308306641188075,length_ratio_extreme;low_punc_jaccard,length_ratio_extreme;low_punc_jaccard,EN:length_ratio_extreme;EN:low_punc_jaccard;SP:length_ratio_extreme;SP:low_punc_jaccard
0:02:19.79,fansub,当たってるのに　我慢してるだけじゃないの,You coulda just taken them on the chin.,Pudiste estar parado ahí apretando los dientes mientras te golpeaban.,0.0,0.0,0.0,0.0,1,1,4.0,5.0,0.4061237573623657,0.6032870411872864,-0.744327962398529,-0.13674555718898773,0.21751592539679276,0.3403420748356632,0.26664638517234096,0.6269138032940603,0.5607670917503306,0.6004551186765684,length_ratio_extreme;low_punc_jaccard,length_ratio_extreme;low_punc_jaccard,EN:length_ratio_extreme;EN:low_punc_jaccard;SP:length_ratio_extreme;SP:low_punc_jaccard
0:02:22.58,fansub,そうよ　そうだよ,Yeah! That's right!,¡Sí! ¡Es verdad!,0.0,0.0,0.0,0.0,1,1,1.5,1.5,0.779350221157074,0.8316813707351685,0.45280909538269043,0.5454996824264526,0.9127258418461353,0.7683680406145084,0.8549827213534844,0.9350448422574207,0.8222597828434458,0.8899308184918308,low_punc_jaccard,low_punc_jaccard,EN:low_punc_jaccard;SP:low_punc_jaccard
0:02:26.18,fansub,では　弾を込めて渡しなさい,Very well. Gather up the BBs and hand them over.,Entonces pérmitanme utilizar una.,0.0,0.0,0.0,0.0,1,1,5.0,2.0,0.5015981197357178,0.6161385774612427,-0.2438337206840515,-0.920765221118927,0.5081664885082453,0.44983459513146773,0.4848337311575343,0.27281709497461765,0.5754810420117493,0.3938826737894703,length_ratio_extreme;low_punc_jaccard,length_ratio_extreme;low_punc_jaccard,EN:length_ratio_extreme;EN:low_punc_jaccard;SP:length_ratio_extreme;SP:low_punc_jaccard
0:02:29.43,fansub,言ったでしょう,I told you: these may be harmless to you...,Se los dije: estas cosas pueden ser inofensivas para ustedes...,0.0,0.0,0.0,0.0,1,1,9.0,10.0,0.473041296005249,0.5107728838920593,-0.4576137661933899,-0.2799866497516632,0.3840186253951105,0.4170848754772543,0.397245125427968,0.5622200185511097,0.45484600341495246,0.5192704124966467,length_ratio_extreme;low_punc_jaccard,length_ratio_extreme;low_punc_jaccard,EN:length_ratio_extreme;EN:low_punc_jaccard;SP:length_ratio_extreme;SP:low_punc_jaccard
0:02:30.96,fansub,この弾は君たちにとっては無害ですが,,,0.0,0.0,1.0,1.0,1,1,0.0,0.0,0.28008270263671875,0.28008270263671875,-0.5748586654663086,-0.5748586654663086,0.3159313365606072,0.1957948644684914,0.26787674772376086,0.4290432438555641,0.1907247512602624,0.3337158468174434,length_ratio_extreme,length_ratio_extreme,EN:length_ratio_extreme;SP:length_ratio_extreme
0:02:36.57,fansub,国が開発した対先生用特殊弾です,but they're special anti-me BB pellets developed by the government.,Pero son especiales contra su maestro y fueron diseñadas por el gobierno.,0.0,0.0,0.0,0.0,1,1,10.0,12.0,0.5704805850982666,0.4287838935852051,-0.4590185582637787,-0.6795660853385925,0.3832028245880636,0.5288308256298766,0.4414540250047888,0.3817529086520446,0.3609753641666521,0.3734418908578876,length_ratio_extreme;low_punc_jaccard,length_ratio_extreme;low_punc_jaccard,EN:length_ratio_extreme;EN:low_punc_jaccard;SP:length_ratio_extreme;SP:low_punc_jaccard
0:02:40.37,fansub,当たれば　先生の細胞を豆腐のように破壊できる,"If one hits me, it'll slice  right through my cells like tofu.","Si una de ellas me golpea, puede atravesar mis células como si fueran tofu.",0.0,0.0,0.0,0.0,1,1,6.0,7.0,0.5051100254058838,0.522590696811676,-0.2527965307235718,-0.36549922823905945,0.5029615419415799,0.4538621413052134,0.4833217816870333,0.523598892123596,0.46837642559882586,0.5015099055136879,length_ratio_extreme;low_punc_jaccard,length_ratio_extreme;low_punc_jaccard,EN:length_ratio_extreme;EN:low_punc_jaccard;SP:length_ratio_extreme;SP:low_punc_jaccard
0:02:45.04,fansub,もちろん数秒あれば再生しますが,"They'll regenerate a few seconds later, of course.","Por supuesto, se regeneran varios segundos después.",0.0,0.0,0.0,0.0,1,1,8.0,7.0,0.710536777973175,0.7528972625732422,0.1862432062625885,0.3240578770637512,0.7579238095317213,0.6894509665734858,0.7305346723484272,0.8350322813859191,0.7320584696172603,0.7938427566784556,length_ratio_extreme;low_punc_jaccard,length_ratio_extreme;low_punc_jaccard,EN:length_ratio_extreme;EN:low_punc_jaccard;SP:length_ratio_extreme;SP:low_punc_jaccard
0:02:48.49,fansub,だが　君たちも目に入ると危ない,I'm more concerned about you putting a classmate's eyes out.,"Pero tengan cuidado, pueden sacarse un ojo con eso.",0.0,0.0,0.0,0.0,1,1,5.0,4.5,0.5754544734954834,0.7949079275131226,-0.539149820804596,-0.5775020718574524,0.3366684299054435,0.534535012206705,0.41581506282594805,0.42784936882293706,0.7801572199298744,0.5687725092657121,length_ratio_extreme;low_punc_jaccard,length_ratio_extreme;low_punc_jaccard,EN:length_ratio_extreme;EN:low_punc_jaccard;SP:length_ratio_extreme;SP:low_punc_jaccard
0:02:52.18,fansub,先生を殺す以外の目的で室内での発砲はしないように,No shooting in the classroom unless you're trying to kill me.,No disparen en el salón a menos que intenten matarme.,0.0,0.0,0.0,0.0,1,1,11.0,10.0,0.790863037109375,0.6637623906135559,-0.05250618979334831,0.08324307203292847,0.6192755682083687,0.7815712420078808,0.6841938377281735,0.7262700478616045,0.6300063845890628,0.6877645825525879,length_ratio_extreme;low_punc_jaccard,length_ratio_extreme;low_punc_jaccard,EN:length_ratio_extreme;EN:low_punc_jaccard;SP:length_ratio_extreme;SP:low_punc_jaccard
0:02:57.51,fansub,殺せるといいですね　卒業までに,"And I do hope you can kill me— before graduation, that is.",Espero que puedan matarme antes de la graduación.,0.0,0.0,0.0,0.0,1,1,6.0,4.0,0.8396729230880737,0.816411018371582,-0.4400538504123688,-0.13436928391456604,0.3942161441367049,0.837547708341949,0.5715487698188026,0.6279870296214747,0.8047764874332715,0.6987028127461934,length_ratio_extreme;low_punc_jaccard,length_ratio_extreme;low_punc_jaccard,EN:length_ratio_extreme;EN:low_punc_jaccard;SP:length_ratio_extreme;SP:low_punc_jaccard
0:03:02.02,fansub,さあ　銃と弾を片付けましょう,"Now then, let's put away the arms and ammunition and begin class.","Bueno, déjen a un lado las armas y las balas de salva y empezemos la clase.",0.0,0.0,0.0,0.0,1,1,6.0,8.0,0.6872903108596802,0.7754852771759033,0.16489633917808533,-0.33799228072166443,0.7455271055905884,0.6627913041368135,0.7124327850090785,0.536022202430639,0.7579198854264568,0.6247812756289661,length_ratio_extreme;low_punc_jaccard,length_ratio_extreme;low_punc_jaccard,EN:length_ratio_extreme;EN:low_punc_jaccard;SP:length_ratio_extreme;SP:low_punc_jaccard
0:03:04.83,fansub,授業を始めます,,,0.0,0.0,1.0,1.0,1,1,0.0,0.0,0.4495857059955597,0.4495857059955597,-0.2704256474971771,-0.2704256474971771,0.49272383630913624,0.3901853853801851,0.45170845593755576,0.5665381748197652,0.3847917256217092,0.4938395951405428,length_ratio_extreme,length_ratio_extreme,EN:length_ratio_extreme;SP:length_ratio_extreme
0:03:08.08,fansub,椚ヶ丘中学校３-Eは　暗殺教室,"At Class 3-E of Kunugigaoka Junior High School, the assassination classroom","En la clase 3-E de la secundaria Kunugigaoka, la clase de asesinato...",0.0,0.0,0.5,0.3333333333333333,0,0,5.5,6.0,0.8085193037986755,0.7485880851745605,0.0034987889230251312,-0.52858966588974,0.6517991763625761,0.8018199149580755,0.7118074718007759,0.44994029682636905,0.7271248165068285,0.5608141046985529,length_ratio_extreme;digits_mismatch,length_ratio_extreme;digits_mismatch,EN:length_ratio_extreme;EN:digits_mismatch;SP:length_ratio_extreme;SP:digits_mismatch
0:03:13.64,fansub,始業のベルが　今日も鳴る,the bell signals the start of another school day.,"Otro día, otra campana que marca el inicio de las clases.",0.0,0.0,0.0,0.0,1,1,4.5,5.5,0.714470386505127,0.7418535351753235,0.41265973448753357,0.11828403174877167,0.8894100204437394,0.6939621327265127,0.8112308653568487,0.7420960393036291,0.719414311582789,0.733023348215293,length_ratio_extreme;low_punc_jaccard,length_ratio_extreme;low_punc_jaccard,EN:length_ratio_extreme;EN:low_punc_jaccard;SP:length_ratio_extreme;SP:low_punc_jaccard
0:04:56.48,fansub,はい　ここで問題です,"Now, here's the question:","Bien, esta es la pregunta:",0.0,0.0,0.0,0.0,1,1,2.0,2.5,0.748860239982605,0.7808957099914551,0.4380284547805786,0.33086755871772766,0.9041423234834952,0.7334013249478528,0.8358459240692382,0.8381078239638815,0.7641143852624106,0.8085104484832932,length_ratio_extreme;low_punc_jaccard,length_ratio_extreme;low_punc_jaccard,EN:length_ratio_extreme;EN:low_punc_jaccard;SP:length_ratio_extreme;SP:low_punc_jaccard
0:04:58.90,fansub,磯貝君,Isogai-kun!,¡Isogai!,0.0,0.0,0.0,0.0,1,1,1.0,1.0,0.5565941333770752,0.7935484647750854,-0.42463576793670654,-0.2780405580997467,0.40316984226178054,0.5129054760478233,0.44706409577619766,0.5630989565162334,0.7786007470939952,0.6492996727473381,low_punc_jaccard,low_punc_jaccard,EN:low_punc_jaccard;SP:low_punc_jaccard
0:05:00.27,fansub,はい,"Y-Yes, sir?","¿S-Si, señor?",0.0,0.0,0.0,0.0,1,1,2.0,2.0,0.7029933929443359,0.7848858833312988,-0.27628982067108154,-0.15344329178333282,0.48931835210348434,0.6808000133978115,0.5659110166212151,0.6193723944133034,0.7686828050065838,0.6790965586506156,length_ratio_extreme;low_punc_jaccard,length_ratio_extreme;low_punc_jaccard,EN:length_ratio_extreme;EN:low_punc_jaccard;SP:length_ratio_extreme;SP:low_punc_jaccard
0:05:01.23,fansub,この4本の触手のうち　仲間外れは,Which of these four tentacles is not like the others?,¿Cúal de estos 4 tentáculos es diferente a los otros?,0.0,0.0,0.0,0.0,0,1,5.0,5.0,0.6766168475151062,0.7829599976539612,-0.28590306639671326,-0.30473724007606506,0.48373567991546423,0.6505506944817081,0.5504616857419617,0.5510415966746695,0.7664778245698907,0.637216087832758,length_ratio_extreme;low_punc_jaccard;digits_mismatch,length_ratio_extreme;low_punc_jaccard,EN:length_ratio_extreme;EN:low_punc_jaccard;EN:digits_mismatch;SP:length_ratio_extreme;SP:low_punc_jaccard
0:05:04.39,fansub,ええと　青い触手,Um... the blue one?,Um... ¿El azul,0.0,0.0,0.0,0.0,1,1,2.0,1.5,0.8048127293586731,0.906715989112854,-0.3098294734954834,-0.4231843054294586,0.4698409672157352,0.797569117497781,0.6009322273285536,0.4975458517573806,0.9081682391679381,0.6617948067216035,length_ratio_extreme;low_punc_jaccard,low_punc_jaccard,EN:length_ratio_extreme;EN:low_punc_jaccard;SP:low_punc_jaccard
0:05:06.71,fansub,正解　青の例文の「WHO」だけが関係詞です,Correct!,¡Correcto! ,0.0,0.0,0.0,0.0,1,1,0.5,0.5,0.36420321464538574,0.385647177696228,-0.2515789866447449,-0.4079854190349579,0.5036686027679179,0.29226648930516286,0.41910775738281586,0.5044103168849986,0.3115873782868934,0.4272811414457565,low_punc_jaccard,low_punc_jaccard,EN:low_punc_jaccard;SP:low_punc_jaccard
0:05:11.39,fansub,関係代名詞は直前の名詞を修飾し,"The only relative pronoun is ""who,"" in the blue sentence.","El único pronombre relativo es ""quién"", en la oración de azul.",0.0,0.0,0.0,0.0,1,1,10.0,11.0,0.4093068838119507,0.29630979895591736,-0.8626598715782166,-1.1069144010543823,0.14879738046546043,0.34399256831602154,0.2268754556056849,0.1887441885106306,0.20930343967837764,0.19696788897772943,low_qe_mix;length_ratio_extreme;low_punc_jaccard,low_qe_mix;length_ratio_extreme;low_punc_jaccard,EN:low_qe_mix;EN:length_ratio_extreme;EN:low_punc_jaccard;SP:low_qe_mix;SP:length_ratio_extreme;SP:low_punc_jaccard
0:05:14.40,fansub,ここでは「who is standing over there」が,"A relative pronoun modifies the noun right before it, so the clause","Un pronombre relativo califica al sustantivo justo antes de él, entonces…",0.0936585811581694,0.04593152121746254,0.0,0.0,1,1,2.4,2.2,0.45727628469467163,0.553657591342926,-0.8930262923240662,-0.760816216468811,0.1311627773994464,0.39900514414438737,0.23829972409742278,0.3450568851881428,0.5039454603947595,0.4086123152707895,low_qe_mix;length_ratio_extreme;low_punc_jaccard,length_ratio_extreme;low_punc_jaccard,EN:low_qe_mix;EN:length_ratio_extreme;EN:low_punc_jaccard;SP:length_ratio_extreme;SP:low_punc_jaccard
0:05:17.55,fansub,前の「the boy」少年を説明しています,"""who is standing over there"" describes the ""boy"" here.","Quién esta sentado por ahí está describiendo al chico"" de ahí.",0.3618136134933163,0.0,0.0,0.0,1,1,4.5,5.5,0.6983131170272827,0.7568469047546387,-0.3562050461769104,-0.39340928196907043,0.44290941597890315,0.6754325493676883,0.5359186693344171,0.510993521863777,0.7365804845241659,0.6012283069279325,length_ratio_extreme;low_punc_jaccard,length_ratio_extreme;low_punc_jaccard,EN:length_ratio_extreme;EN:low_punc_jaccard;SP:length_ratio_extreme;SP:low_punc_jaccard
0:05:12.18,fansub,ねえ　渚,"Hey, Nagisa.","Oye, Nagisa.",0.0,0.0,0.0,0.0,1,1,1.0,1.0,0.6970676183700562,0.7044911980628967,0.21503138542175293,0.21984782814979553,0.7746418849583271,0.6740041786133334,0.7343868024203296,0.7879665801134861,0.6766375136806835,0.743434953540365,low_punc_jaccard,low_punc_jaccard,EN:low_punc_jaccard;SP:low_punc_jaccard
0:05:16.12,fansub,昼間だけど　出てるね　三日月,The crescent moon's out in broad daylight.,La luna creciente salió aunque aun es de día.,0.0,0.0,0.0,0.0,1,1,2.3333333333333335,3.0,0.3187713325023651,0.3131735026836395,-0.5819007754325867,-0.7405838966369629,0.311841792552708,0.24016400698463455,0.2831706783254786,0.3541946634655558,0.228610991132428,0.30396119453230463,length_ratio_extreme;low_punc_jaccard,length_ratio_extreme;low_punc_jaccard,EN:length_ratio_extreme;EN:low_punc_jaccard;SP:length_ratio_extreme;SP:low_punc_jaccard
0:05:21.41,fansub,何で僕らがこんな状態になったのか,How did we end up in this mess?,¿Cómo es que terminamos así?,0.0,0.0,0.0,0.0,1,1,8.0,5.0,0.7517030239105225,0.6778548955917358,0.3246533274650574,0.14725647866725922,0.8383023160456321,0.7366615046357453,0.7976459914816774,0.7551812316244088,0.646141141779761,0.7115651956865496,length_ratio_extreme;low_punc_jaccard,length_ratio_extreme;low_punc_jaccard,EN:length_ratio_extreme;EN:low_punc_jaccard;SP:length_ratio_extreme;SP:low_punc_jaccard
0:05:25.49,fansub,３年生の始め,"As we began our third year of junior high,  we were greeted by two extraordinary incidents.",Dos cosas pasaron cuando empezamos nuestro tercer año de secundaria...,0.0,0.0,0.0,0.0,0,0,16.0,10.0,0.535896360874176,0.6253225803375244,0.07248149812221527,0.16224734485149384,0.6918593041375052,0.48916872390289184,0.6107830720436598,0.7619517459557548,0.585995968682126,0.6915694350463033,length_ratio_extreme;low_punc_jaccard;digits_mismatch,length_ratio_extreme;low_punc_jaccard;digits_mismatch,EN:length_ratio_extreme;EN:low_punc_jaccard;EN:digits_mismatch;SP:length_ratio_extreme;SP:low_punc_jaccard;SP:digits_mismatch
0:05:27.39,fansub,僕らは二つの事件に同時に遭った,,El primero fue una explosión repentina que dejó a la Luna en la fase creciente.,0.0,0.0,1.0,0.0,1,1,0.0,15.0,0.2197536826133728,0.1927611380815506,-0.49114957451820374,-0.2669198513031006,0.3645434731124086,0.1266079509858841,0.2693692642617988,0.5681215418569372,0.09074875382112699,0.3771724266426131,length_ratio_extreme,length_ratio_extreme;low_punc_jaccard,EN:length_ratio_extreme;SP:length_ratio_extreme;SP:low_punc_jaccard
0:05:45.82,fansub,一つ目は　その日突然　月が爆発して三日月形になってしまったこと,The first was the sudden explosion that left the moon permanently crescent-shaped.,,0.0,0.0,0.0,1.0,1,1,4.0,0.0,0.7528995871543884,0.11349888145923615,0.27799057960510254,-0.6834852695465088,0.8112039944038802,0.7380337549656493,0.7819358986285878,0.379982837962281,0.0,0.22798970277736857,length_ratio_extreme;low_punc_jaccard,low_qe_mix;length_ratio_extreme,EN:length_ratio_extreme;EN:low_punc_jaccard;SP:low_qe_mix;SP:length_ratio_extreme
0:05:55.23,fansub,番組の途中ですが　ここで臨時ニュースです,We interrupt this program to bring you breaking news.,Interrumpimos este programa para traer las últimas noticias.,0.0,0.0,0.0,0.0,1,1,4.5,4.0,0.5305342674255371,0.579522967338562,0.3151035010814667,0.422002375125885,0.8327564731873826,0.48301933352040144,0.69286161732059,0.8792681927506382,0.5335591849938903,0.740984589647939,length_ratio_extreme;low_punc_jaccard,length_ratio_extreme;low_punc_jaccard,EN:length_ratio_extreme;EN:low_punc_jaccard;SP:length_ratio_extreme;SP:low_punc_jaccard
0:05:58.27,fansub,つい先ほど　月が７割方蒸発し　失われたとの情報が入りました,We've just gotten word that about seventy percent of the moon,Acabamos de recibir el informe de que casi el 70% de la luna,0.0,0.0,0.0,0.0,0,0,3.6666666666666665,4.333333333333333,0.7408742904663086,0.7638647556304932,-0.5764226913452148,-0.6831391453742981,0.31502306436776883,0.7242428271296112,0.4787109694725058,0.38013916239607803,0.7446153456122239,0.5259296356825364,length_ratio_extreme;low_punc_jaccard;digits_mismatch,length_ratio_extreme;low_punc_jaccard;digits_mismatch,EN:length_ratio_extreme;EN:low_punc_jaccard;EN:digits_mismatch;SP:length_ratio_extreme;SP:low_punc_jaccard;SP:digits_mismatch
0:06:04.49,fansub,繰り返します,has been vaporized into nothing. I repeat...,ha sido destruida. Repito...,0.0,0.0,0.0,0.0,1,1,7.0,4.0,0.375929057598114,0.7836708426475525,-0.24151483178138733,-0.19391369819641113,0.5095131301060456,0.30571399568877566,0.42799347633913765,0.6010942333485808,0.7672916835246739,0.6675732134190181,length_ratio_extreme;low_punc_jaccard,length_ratio_extreme;low_punc_jaccard,EN:length_ratio_extreme;EN:low_punc_jaccard;SP:length_ratio_extreme;SP:low_punc_jaccard
0:06:05.70,fansub,われわれはもう一生三日月しか見られないということでしょうか,Will we have only a crescent moon to look at for the rest of our lives?,¿Tendremos que mirar la luna creciente por el resto de nuestras vidas?,0.0,0.0,0.0,0.0,1,1,16.0,12.0,0.48655685782432556,0.4983260929584503,0.06424097716808319,0.03256488963961601,0.6870738104074563,0.4325848787241729,0.585278237734143,0.7033816199373173,0.44059545322333543,0.5982671532517245,length_ratio_extreme;low_punc_jaccard,length_ratio_extreme;low_punc_jaccard,EN:length_ratio_extreme;EN:low_punc_jaccard;SP:length_ratio_extreme;SP:low_punc_jaccard
0:06:10.74,fansub,そして　二つ目の事件が　これ,And the second was his arrival.,Y lo segundo fué esto:,0.0,0.0,0.0,0.0,1,1,2.0,1.6666666666666667,0.59901362657547,0.9128521680831909,-0.3401302397251129,0.31187817454338074,0.452244491505682,0.561553271167944,0.4959680033705868,0.8295314084241937,0.9151936585606116,0.8637963084787609,length_ratio_extreme;low_punc_jaccard,low_punc_jaccard,EN:length_ratio_extreme;EN:low_punc_jaccard;SP:low_punc_jaccard
0:06:13.88,fansub,初めまして　私が月をやった犯人です,How do you do? I'm the one who tore that chunk out of your moon.,¿Cómo estan? Soy el que destruyó su luna.,0.0,0.0,0.0,0.0,1,1,7.5,4.0,0.7370662689208984,0.8244001865386963,-0.6679733991622925,-0.793234646320343,0.26185708849333356,0.719875687449566,0.4450645280758265,0.3304153400491193,0.8139234267979644,0.5238185747486573,length_ratio_extreme;low_punc_jaccard,length_ratio_extreme;low_punc_jaccard,EN:length_ratio_extreme;EN:low_punc_jaccard;SP:length_ratio_extreme;SP:low_punc_jaccard
0:06:20.93,fansub,来年には　地球もやる予定です,I plan to do the same to the Earth next year.,Planeo hacer lo mismo con la Tierra el año que viene.,0.0,0.0,0.0,0.0,1,1,5.5,5.5,0.884827196598053,0.9126461744308472,0.09701703488826752,0.22948262095451355,0.7061077549345937,0.8893318217503215,0.7793973816608848,0.7923180633408192,0.9149578127994402,0.8413739631242676,length_ratio_extreme;low_punc_jaccard,length_ratio_extreme;low_punc_jaccard,EN:length_ratio_extreme;EN:low_punc_jaccard;SP:length_ratio_extreme;SP:low_punc_jaccard
0:06:23.54,fansub,君たちの担任になったので　どうぞよろしく,"But until then, I'll be your teacher. Nice to meet you.",Pero ahora seré su maestro. Mucho gusto.,0.0,0.0,0.0,0.0,1,1,5.5,3.5,0.6999317407608032,0.7368550300598145,0.015456657856702805,-0.19997090101242065,0.6587434347566,0.6772888298139584,0.6661615927795435,0.598358542297133,0.7136914350267703,0.644491699388988,length_ratio_extreme;low_punc_jaccard,length_ratio_extreme;low_punc_jaccard,EN:length_ratio_extreme;EN:low_punc_jaccard;SP:length_ratio_extreme;SP:low_punc_jaccard
0:06:28.13,fansub,まず五六カ所ツッコませろ,There are at least six things wrong with this picture!,¡Hay al menos seis cosas mal con esto!,0.0,0.0,0.0,0.0,1,1,10.0,8.0,0.44708460569381714,0.5348581075668335,-0.3559621274471283,-0.4177844822406769,0.44305048546525655,0.38731705749882683,0.4207571142786847,0.4999846421406094,0.4824216002643301,0.4929594253900977,length_ratio_extreme;low_punc_jaccard,length_ratio_extreme;low_punc_jaccard,EN:length_ratio_extreme;EN:low_punc_jaccard;SP:length_ratio_extreme;SP:low_punc_jaccard
0:06:30.43,fansub,クラス全員　そう思った,The feeling was unanimous.,El sentimiento fue unánime.,0.0,0.0,0.0,0.0,1,1,2.0,2.0,0.5160229802131653,0.3985203802585602,0.037535425275564194,0.06074906513094902,0.6715651730469673,0.46637740609484213,0.5894900662661172,0.7161107952722237,0.326326134663528,0.5601969310287453,length_ratio_extreme;low_punc_jaccard,length_ratio_extreme;low_punc_jaccard,EN:length_ratio_extreme;EN:low_punc_jaccard;SP:length_ratio_extreme;SP:low_punc_jaccard
0:06:34.04,fansub,防衛省の烏間という者だ,"I'm Karasuma, from the Ministry of Defense.","Soy Karasuma, del Ministerio de Defensa.",0.0,0.0,0.0,0.0,1,1,7.0,6.0,0.698127269744873,0.6867724657058716,-0.07670162618160248,0.03688375651836395,0.6052246229130075,0.6752194147959004,0.6332225396661647,0.7053322043624182,0.6563510248875114,0.6857397325724555,length_ratio_extreme;low_punc_jaccard,length_ratio_extreme;low_punc_jaccard,EN:length_ratio_extreme;EN:low_punc_jaccard;SP:length_ratio_extreme;SP:low_punc_jaccard
0:06:36.53,fansub,まずは　ここからの話は国家機密だと理解いただきたい,"First, please understand that what I'm about to say is classified information.","Primero, quiero que entiendan que lo que les voy decir es información clasificada.",0.0,0.0,0.0,0.0,1,1,6.0,6.5,0.6112605929374695,0.5956660509109497,0.5591773986816406,0.5710685849189758,0.9744967967828888,0.575598415640441,0.8149374443259096,0.9465928487991958,0.552041685738287,0.7887723835748323,length_ratio_extreme;low_punc_jaccard,length_ratio_extreme;low_punc_jaccard,EN:length_ratio_extreme;EN:low_punc_jaccard;SP:length_ratio_extreme;SP:low_punc_jaccard
0:06:43.72,fansub,単刀直入に言う,Allow me to be blunt:,Iré al grano.,0.0,0.0,0.0,0.0,1,1,5.0,3.0,0.5466828346252441,0.5969406962394714,-0.2373346984386444,-0.8058605194091797,0.5119406467659522,0.5015389368768266,0.5077799628103019,0.32471295743538986,0.5535010496279432,0.4162281943124112,length_ratio_extreme;low_punc_jaccard,length_ratio_extreme;low_punc_jaccard,EN:length_ratio_extreme;EN:low_punc_jaccard;SP:length_ratio_extreme;SP:low_punc_jaccard
0:06:45.84,fansub,この怪物を君たちに殺してほしい,I want you to kill this creature.,Quiero que ustedes asesinen a estra criatura.,0.0,0.0,0.0,0.0,1,1,7.0,7.0,0.7779526114463806,0.753796398639679,0.08371999859809875,-0.20638170838356018,0.6983858057824679,0.7667652248867082,0.725737573424164,0.5954631483520223,0.7330879063381143,0.6505130515464591,length_ratio_extreme;low_punc_jaccard,length_ratio_extreme;low_punc_jaccard,EN:length_ratio_extreme;EN:low_punc_jaccard;SP:length_ratio_extreme;SP:low_punc_jaccard
0:06:50.86,fansub,えっと　何っすか,Um...,Disculpe...,0.0,0.0,0.0,0.0,1,1,0.5,0.5,0.7004411220550537,0.6211338639259338,0.04014047980308533,-0.305626779794693,0.6730779987745248,0.6778730017352217,0.6749959999588035,0.550639842610611,0.5812002334777496,0.5628639989574664,low_punc_jaccard,low_punc_jaccard,EN:low_punc_jaccard;SP:low_punc_jaccard
0:06:53.87,fansub,そいつ　攻めてきた宇宙人か何かっすか,What's the deal? Is he an alien invader or something?,¿Qué es eso? ¿Es un alien o algo así que vino a atacarnos?,0.0,0.0,0.0,0.0,1,1,5.0,6.5,0.6667881608009338,0.7836403846740723,-0.10271658003330231,0.06627547740936279,0.5901170345411346,0.6392788969773239,0.6097817795156103,0.7186067586856838,0.7672568116543156,0.7380667798731365,length_ratio_extreme;low_punc_jaccard,length_ratio_extreme;low_punc_jaccard,EN:length_ratio_extreme;EN:low_punc_jaccard;SP:length_ratio_extreme;SP:low_punc_jaccard
0:06:56.38,fansub,失礼な,How rude!,¡Qué grosero! ,0.0,0.0,0.0,0.0,1,1,2.0,2.0,0.7125157117843628,0.7922166585922241,0.2148381471633911,-0.16038738191127777,0.7745296662674285,0.6917204601327955,0.7414059838135754,0.6162361472377497,0.7770759387353102,0.6805720638367739,length_ratio_extreme;low_punc_jaccard,length_ratio_extreme;low_punc_jaccard,EN:length_ratio_extreme;EN:low_punc_jaccard;SP:length_ratio_extreme;SP:low_punc_jaccard
0:06:57.30,fansub,生まれも育ちも地球ですよ,I'll have you know I was born and raised on Earth!,¡Sepan que nací y fui criado aquí en la Tierra!,0.0,0.0,0.0,0.0,1,1,11.0,10.0,0.8087303638458252,0.816392183303833,-0.5203871130943298,-0.0012024417519569397,0.34756444250052043,0.8020619641943489,0.5293634511780518,0.6881308533499677,0.8047549228324237,0.7347804811429501,length_ratio_extreme;low_punc_jaccard,length_ratio_extreme;low_punc_jaccard,EN:length_ratio_extreme;EN:low_punc_jaccard;SP:length_ratio_extreme;SP:low_punc_jaccard
0:07:00.21,fansub,地球,He was?,¿En serio?,0.0,0.0,0.0,0.0,1,1,2.0,2.0,0.18638969957828522,0.3939668536186218,-0.88922119140625,-0.28954625129699707,0.13337250257164948,0.088345254081633,0.1153616031756429,0.557902494902429,0.32111272180253997,0.4631865856624734,low_qe_mix;length_ratio_extreme;low_punc_jaccard,length_ratio_extreme;low_punc_jaccard,EN:low_qe_mix;EN:length_ratio_extreme;EN:low_punc_jaccard;SP:length_ratio_extreme;SP:low_punc_jaccard
0:07:01.58,fansub,詳しいことを話せないのは申し訳ないが,"I'm afraid I can't discuss the details, but he's telling the truth.","Temo que no puedo dar más detalles, pero lo que dice es cierto.",0.0,0.0,0.0,0.0,1,1,12.0,13.0,0.5685531497001648,0.5601249933242798,0.02449554204940796,0.4221605658531189,0.6639925596446495,0.5266203918107928,0.6090436925111069,0.8793396384278032,0.5113501028472797,0.7321438241955938,length_ratio_extreme;low_punc_jaccard,length_ratio_extreme;low_punc_jaccard,EN:length_ratio_extreme;EN:low_punc_jaccard;SP:length_ratio_extreme;SP:low_punc_jaccard
0:07:04.35,fansub,こいつが言ったことは真実だ,,,0.0,0.0,1.0,1.0,1,1,0.0,0.0,0.23941107094287872,0.23941107094287872,-0.6077060103416443,-0.6077060103416443,0.29685599365150966,0.1491515630836977,0.2377742214243849,0.41420798240422724,0.1441590836982724,0.3061884229218453,low_qe_mix;length_ratio_extreme,length_ratio_extreme,EN:low_qe_mix;EN:length_ratio_extreme;SP:length_ratio_extreme
0:07:06.81,fansub,月を壊したこの生物は,"And as he said, he won't stop at the moon. Next year...","Y como dijo, lo de la Luna no fue todo. En marzo del año entrante...",0.0,0.0,0.0,0.0,1,1,12.0,15.0,0.41572582721710205,0.580392599105835,-0.5352651476860046,-0.42127370834350586,0.3389243648100185,0.3513539821405806,0.34389621174224333,0.49840875886314046,0.5345548417229099,0.5128671920070482,length_ratio_extreme;low_punc_jaccard,length_ratio_extreme;low_punc_jaccard,EN:length_ratio_extreme;EN:low_punc_jaccard;SP:length_ratio_extreme;SP:low_punc_jaccard
0:07:09.00,fansub,来年の三月　地球をも破壊する,he will destroy the Earth as well.,...destruirá la tierra también.,0.0,0.0,0.0,0.0,1,1,3.5,2.0,0.7072705626487732,0.7293193340301514,-0.4236231744289398,-0.23961612582206726,0.4037578827399831,0.6857051845770683,0.5165368034748171,0.5804530684276222,0.7050636839002119,0.6302973146166582,length_ratio_extreme;low_punc_jaccard,length_ratio_extreme;low_punc_jaccard,EN:length_ratio_extreme;EN:low_punc_jaccard;SP:length_ratio_extreme;SP:low_punc_jaccard
0:07:14.33,fansub,このことを知っているのは各国首脳だけ,Only the world's leaders know about this.,Sólo los lideres del mundo saben de esto.,0.0,0.0,0.0,0.0,1,1,7.0,8.0,0.842383861541748,0.8574092388153076,0.4867931008338928,0.4780014455318451,0.9324612743405006,0.8406566841578741,0.8957394382674501,0.9045597605670687,0.8517160722079058,0.8834222852234035,length_ratio_extreme;low_punc_jaccard,length_ratio_extreme;low_punc_jaccard,EN:length_ratio_extreme;EN:low_punc_jaccard;SP:length_ratio_extreme;SP:low_punc_jaccard
0:07:18.07,fansub,こいつの存在が公になれば　世界はパニックに陥るだろう,"If news of this guy got out there, we'd be looking at a global panic.","Si lo de este sujeto se llega a saber, crearía un pánico a nivel mundial.",0.0,0.0,0.0,0.0,1,1,7.5,7.5,0.8672863841056824,0.8615823984146118,0.13972900807857513,0.03499094024300575,0.7309117547105717,0.8692155547223697,0.7862332747152909,0.7044773278288397,0.8564939961438603,0.765283995154848,length_ratio_extreme;low_punc_jaccard,length_ratio_extreme;low_punc_jaccard,EN:length_ratio_extreme;EN:low_punc_jaccard;SP:length_ratio_extreme;SP:low_punc_jaccard
0:07:23.21,fansub,そうなる前に秘密裏にこいつを殺さなければならない,That's why we have to kill him in secret before that happens.,Tienen que matarlo en secreto antes de que eso pase.,0.0,0.0,0.0,0.0,1,1,12.0,10.0,0.9038216471672058,0.9295288324356079,-0.05134996399283409,0.006473734974861145,0.6199470198495549,0.9111151593160417,0.7364142756361496,0.6915977420474015,0.934287065339154,0.7886734713641025,length_ratio_extreme;low_punc_jaccard,length_ratio_extreme;low_punc_jaccard,EN:length_ratio_extreme;EN:low_punc_jaccard;SP:length_ratio_extreme;SP:low_punc_jaccard
0:07:27.69,fansub,つまり　暗殺だ,In other words: an assassination.,En otras palabras...un asesinato.,0.0,0.0,0.0,0.0,1,1,2.5,2.0,0.8969104886054993,0.9453285932540894,0.41492658853530884,0.38475337624549866,0.8907264439918313,0.9031892601502948,0.8957115704552168,0.8624449566781841,0.9523764898149315,0.8984175699328831,length_ratio_extreme;low_punc_jaccard,length_ratio_extreme;low_punc_jaccard,EN:length_ratio_extreme;EN:low_punc_jaccard;SP:length_ratio_extreme;SP:low_punc_jaccard
0:07:30.42,fansub,だが　こいつは…,But here's the catch.,Pero este tipo...,0.0,0.0,0.0,0.0,1,1,2.0,1.5,0.51365727186203,0.8697888851165771,0.15642571449279785,0.231215700507164,0.74060798439101,0.46366434927821,0.62983053034589,0.7931007959597605,0.8658897473271965,0.8222163765067348,length_ratio_extreme;low_punc_jaccard,low_punc_jaccard,EN:length_ratio_extreme;EN:low_punc_jaccard;SP:low_punc_jaccard
0:07:31.92,fansub,とにかく速い,His speed is unmatched!,...es extremadamente rápido.,0.0,0.0,0.0,0.0,1,1,4.0,3.0,0.5080053806304932,0.8728924989700317,-0.02672310173511505,0.19255563616752625,0.634248505833399,0.45718261114458664,0.563422147957874,0.7756402625625943,0.8694431294985502,0.8131614093369767,length_ratio_extreme;low_punc_jaccard,length_ratio_extreme;low_punc_jaccard,EN:length_ratio_extreme;EN:low_punc_jaccard;SP:length_ratio_extreme;SP:low_punc_jaccard
0:07:33.43,fansub,殺すどころか,"You try to kill him,",Así que intentarán asesinarlo...,0.0,0.0,0.0,0.0,1,1,5.0,4.0,0.5901792645454407,0.6382961273193359,-0.8384096622467041,-0.29721489548683167,0.16288013389261302,0.5514217914719513,0.3182967969243483,0.5544390082198601,0.6008496111522016,0.5730032493927968,length_ratio_extreme;low_punc_jaccard,length_ratio_extreme;low_punc_jaccard,EN:length_ratio_extreme;EN:low_punc_jaccard;SP:length_ratio_extreme;SP:low_punc_jaccard
0:07:35.43,fansub,眉毛の手入れをされている始末だ,and he ends up grooming your eyebrows instead—immaculately!,y él terminará limpiando sus cejas... ¡impecablemente!,0.0,0.0,0.0,0.0,1,1,8.0,7.0,0.7058548331260681,0.5819017887115479,-0.40172144770622253,-0.6250731348991394,0.4164768087025768,0.6840815885702998,0.523518720649666,0.4063642484754666,0.5362827394870481,0.4583316448800992,length_ratio_extreme;low_punc_jaccard,length_ratio_extreme;low_punc_jaccard,EN:length_ratio_extreme;EN:low_punc_jaccard;SP:length_ratio_extreme;SP:low_punc_jaccard
0:07:37.98,fansub,丁寧にな,,,0.0,0.0,1.0,1.0,1,1,0.0,0.0,0.7502651214599609,0.7502651214599609,-0.2357376217842102,-0.2357376217842102,0.51286811243939,0.7350124801297127,0.601725859515519,0.5822047662181149,0.7290448848911804,0.6409408136873411,length_ratio_extreme,length_ratio_extreme,EN:length_ratio_extreme;SP:length_ratio_extreme
0:07:41.79,fansub,満月を三日月に変えるほどのパワーを持つ超生物だ,He's a superbeing with enough power to reduce the full moon to a crescent.,Es un ente sobrenatural con poder suficiente como para reducir la Luna a solo una cuarta parte.,0.0,0.0,0.0,0.0,1,1,14.0,17.0,0.6141611933708191,0.714897632598877,-0.6598833799362183,-0.24831035733222961,0.26655518179324084,0.5789249008237262,0.391503069405435,0.5765263827834332,0.6885520238915305,0.6213366392266721,length_ratio_extreme;low_punc_jaccard,length_ratio_extreme;low_punc_jaccard,EN:length_ratio_extreme;EN:low_punc_jaccard;SP:length_ratio_extreme;SP:low_punc_jaccard
0:07:45.91,fansub,最高速度はマッハ20,His speed tops out at Mach 20!,¡Su velocidad máxima es de mach 20!,0.0,0.0,0.0,0.0,1,1,7.0,7.0,0.6903485655784607,0.8275643587112427,0.39861419796943665,0.32183921337127686,0.8812533969345399,0.66629859141836,0.7952714747280679,0.8340302382656801,0.8175461432555884,0.8274366002616433,length_ratio_extreme;low_punc_jaccard,length_ratio_extreme;low_punc_jaccard,EN:length_ratio_extreme;EN:low_punc_jaccard;SP:length_ratio_extreme;SP:low_punc_jaccard
0:07:48.38,fansub,つまり　こいつが本気で逃げれば,"In short, if he actually wanted to get away from us,","En resumen, si el decidiera escapar,",0.0,0.0,0.0,0.0,1,1,5.5,3.0,0.7861563563346863,0.8883504867553711,-0.5028964281082153,-0.40571799874305725,0.3577217570442497,0.7761734961896556,0.5251024527024121,0.5054343805643637,0.8871412520083101,0.6581171291419423,length_ratio_extreme;low_punc_jaccard,length_ratio_extreme;low_punc_jaccard,EN:length_ratio_extreme;EN:low_punc_jaccard;SP:length_ratio_extreme;SP:low_punc_jaccard
0:07:51.52,fansub,われわれは破滅の時まで　手も足も出ない,we wouldn't be able to do a thing to stop him.,estaríamos indefensos esperando nuestra destrucción.,0.0,0.0,0.0,0.0,1,1,5.5,2.5,0.46883800625801086,0.8029324412345886,-0.47193819284439087,-0.5590185523033142,0.37570004283140285,0.41226443178412026,0.3903257984124898,0.43619731433169057,0.7893446270423609,0.5774562394159587,length_ratio_extreme;low_punc_jaccard,length_ratio_extreme;low_punc_jaccard,EN:length_ratio_extreme;EN:low_punc_jaccard;SP:length_ratio_extreme;SP:low_punc_jaccard
0:07:55.90,fansub,まあ　それでは面白くないのでね,But where's the fun in that?,Y eso no es divertido.,0.0,0.0,0.0,0.0,1,1,3.0,2.5,0.44350045919418335,0.8213269114494324,-0.21583114564418793,0.05183626338839531,0.5244283423430196,0.3832066636339308,0.4679396708593841,0.7120853939919516,0.8104047800121537,0.7514131484000324,length_ratio_extreme;low_punc_jaccard,length_ratio_extreme;low_punc_jaccard,EN:length_ratio_extreme;EN:low_punc_jaccard;SP:length_ratio_extreme;SP:low_punc_jaccard
0:07:58.61,fansub,私から国に提案したのです,So I made your government an offer.,Así que le hice una oferta a su gobierno.,0.0,0.0,0.0,0.0,1,1,7.0,9.0,0.7055712342262268,0.7530901432037354,0.19720816612243652,0.3235175907611847,0.7642914587315245,0.6837563498619718,0.7320774151837034,0.8347882650556017,0.7322793020487275,0.793784679852852,length_ratio_extreme;low_punc_jaccard,length_ratio_extreme;low_punc_jaccard,EN:length_ratio_extreme;EN:low_punc_jaccard;SP:length_ratio_extreme;SP:low_punc_jaccard
0:08:01.25,fansub,殺されるのはごめんですが,They will refrain from attempts on my life.,En vez de matarme.,0.0,0.0,0.0,0.0,1,1,8.0,4.0,0.12158730626106262,0.5939785838127136,-0.4829643666744232,-0.6315957307815552,0.36929684502100346,0.014028157961564003,0.22718937019722768,0.40341836607235926,0.5501096749325795,0.46209488961644735,low_qe_mix;length_ratio_extreme;low_punc_jaccard,length_ratio_extreme;low_punc_jaccard,EN:low_qe_mix;EN:length_ratio_extreme;EN:low_punc_jaccard;SP:length_ratio_extreme;SP:low_punc_jaccard
0:08:03.54,fansub,椚ヶ丘中学校　3年E組の担任ならやってもいいと,"And in return, I'll teach Class 3-E at Kunigigaoka Junior High School.",Yo daré clases a la clase 3 - E 3 - E de la secundaria Kunigigaoka.,0.0,0.0,0.0,0.0,1,0,6.0,8.0,0.5817306637763977,0.6155674457550049,-0.10901035368442535,-0.6277435421943665,0.5864620697017219,0.541732712978207,0.5685703270123159,0.4051581786833235,0.5748271432607236,0.4730257645142835,length_ratio_extreme;low_punc_jaccard,length_ratio_extreme;low_punc_jaccard;digits_mismatch,EN:length_ratio_extreme;EN:low_punc_jaccard;SP:length_ratio_extreme;SP:low_punc_jaccard;SP:digits_mismatch
0:08:08.08,fansub,いや　なんで,What? Why?,¿Qué? ¿Por qué?,0.0,0.0,0.0,0.0,1,1,1.0,1.5,0.6620965003967285,0.7794877290725708,-0.03562492877244949,0.049703989177942276,0.6290789737479568,0.6338983769166646,0.63100673501544,0.7111223680451645,0.7625023631066258,0.731674366069749,low_punc_jaccard,low_punc_jaccard,EN:low_punc_jaccard;SP:low_punc_jaccard
0:08:09.53,fansub,こいつの狙いは分からん,We don't know what he's after.,No sabemos cuál es su objetivo.,0.0,0.0,0.0,0.0,1,1,6.0,6.0,0.7489612698554993,0.6528656482696533,-0.6165706515312195,0.3066323697566986,0.2917080563951189,0.7335171886743378,0.46843170930680644,0.8271621793182047,0.617530512332094,0.7433095125237603,length_ratio_extreme;low_punc_jaccard,length_ratio_extreme;low_punc_jaccard,EN:length_ratio_extreme;EN:low_punc_jaccard;SP:length_ratio_extreme;SP:low_punc_jaccard
0:08:11.72,fansub,しかし　われわれ政府は,"But we had no choice but to agree,","Pero nos vimos forzados a aceptar,",0.0,0.0,0.0,0.0,1,1,4.0,3.0,0.4965762495994568,0.5706362724304199,0.07865366339683533,0.15494967997074127,0.6954436476986618,0.4440753818290815,0.5948963413508297,0.7586558093465375,0.5233846514533526,0.6645473461892635,length_ratio_extreme;low_punc_jaccard,length_ratio_extreme;low_punc_jaccard,EN:length_ratio_extreme;EN:low_punc_jaccard;SP:length_ratio_extreme;SP:low_punc_jaccard
0:08:13.63,fansub,君たち生徒に危害を加えないことを条件にやむなく承諾した,on the condition that he doesn't  harm any of you students.,con la condición de no agredir a los estudiantes.,0.0,0.0,0.0,0.0,1,1,11.0,9.0,0.7356076240539551,0.7139502763748169,-0.03507823124527931,-0.03754584118723869,0.6293964558104463,0.718202874992609,0.6649190234833114,0.6717166245987843,0.6874673790628096,0.6780169263843945,length_ratio_extreme;low_punc_jaccard,length_ratio_extreme;low_punc_jaccard,EN:length_ratio_extreme;EN:low_punc_jaccard;SP:length_ratio_extreme;SP:low_punc_jaccard
0:08:18.86,fansub,理由は二つ,We have two reasons for this.,Tenemos dos razones:,0.0,0.0,0.0,0.0,1,1,6.0,3.0,0.8916146755218506,0.9290175437927246,0.6030933856964111,0.6893194913864136,1.0,0.897115881840873,0.9588463527363492,1.0,0.9337016819655055,0.9734806727862022,length_ratio_extreme;low_punc_jaccard,length_ratio_extreme;low_punc_jaccard,EN:length_ratio_extreme;EN:low_punc_jaccard;SP:length_ratio_extreme;SP:low_punc_jaccard
0:08:20.41,fansub,教師として毎日教室に来るのなら　監視ができる,"First and foremost, if he's coming to a classroom every day to teach, we can keep an eye on him.","Primera y más importante, asistir a un salón de clases todos los días nos permitirá tenerlo vigilado,",0.0,0.0,0.0,0.0,1,1,10.0,8.5,0.7461689114570618,0.8587865233421326,0.1635112464427948,0.0396583117544651,0.7447227447210313,0.7303148383154167,0.7389595821587854,0.7065853118051948,0.8532929495237013,0.7652683668925974,length_ratio_extreme;low_punc_jaccard,length_ratio_extreme;low_punc_jaccard,EN:length_ratio_extreme;EN:low_punc_jaccard;SP:length_ratio_extreme;SP:low_punc_jaccard
0:08:24.24,fansub,何よりも,"And second, it gives some thirty people the  opportunity to kill him from extremely close range.","y segundo, le dará la oportunidad a 30 personas de asesinarlo",0.0,0.0,0.0,0.0,1,0,16.0,11.0,0.15342287719249725,0.21364359557628632,-0.30901142954826355,-0.6280490159988403,0.47031602749434076,0.05053803149921168,0.30240482909628913,0.4050202136887979,0.11465744725386495,0.2888751071148247,length_ratio_extreme;low_punc_jaccard,length_ratio_extreme;low_punc_jaccard;digits_mismatch,EN:length_ratio_extreme;EN:low_punc_jaccard;SP:length_ratio_extreme;SP:low_punc_jaccard;SP:digits_mismatch
0:08:25.94,fansub,30人もの人間が　至近距離からこいつを殺すチャンスを得る,,de un rango extremadamente cercano.,0.0,0.0,1.0,0.0,0,0,0.0,2.5,0.1093551516532898,0.28516361117362976,-0.6292374730110168,-0.23167984187602997,0.2843520900540803,0.0,0.17061125403244817,0.5840374326353946,0.19654197294499035,0.42903924875923294,low_qe_mix;length_ratio_extreme;digits_mismatch,length_ratio_extreme;low_punc_jaccard;digits_mismatch,EN:low_qe_mix;EN:length_ratio_extreme;EN:digits_mismatch;SP:length_ratio_extreme;SP:low_punc_jaccard;SP:digits_mismatch
0:08:33.36,fansub,中村さん,Nakamura-san.,Nakamura...,0.0,0.0,0.0,0.0,1,1,1.0,1.0,0.5834060907363892,0.6106345653533936,0.12209253013134003,-0.16614940762519836,0.7206697742452082,0.5436541368647959,0.6498635192930433,0.613633770751012,0.5691794015956337,0.5958520230888606,low_punc_jaccard,low_punc_jaccard,EN:low_punc_jaccard;SP:low_punc_jaccard
0:08:35.43,fansub,暗殺は勉強の妨げにならないときにと言ったはずです,Didn't I tell you not to let assassination interfere with your studies?,¿No te dije que no dejaras que el asesinato interfiriera con tus estudios?,0.0,0.0,0.0,0.0,1,1,12.0,13.0,0.774875819683075,0.8060407042503357,-0.04660981521010399,0.026745952665805817,0.6226997526446678,0.7632366788329276,0.6789145231199717,0.7007535398990995,0.7929033321215188,0.7376134567880672,length_ratio_extreme;low_punc_jaccard,length_ratio_extreme;low_punc_jaccard,EN:length_ratio_extreme;EN:low_punc_jaccard;SP:length_ratio_extreme;SP:low_punc_jaccard
0:08:38.97,fansub,すみません,Sorry.,Perdón...,0.0,0.0,0.0,0.0,1,1,1.0,1.0,0.8918251991271973,0.960002064704895,0.3273327052593231,0.5290340781211853,0.8398583033073915,0.8973573158715191,0.8628579083330425,0.9276082733125037,0.9691764057539337,0.9442355262890757,low_punc_jaccard,low_punc_jaccard,EN:low_punc_jaccard;SP:low_punc_jaccard
0:08:40.14,fansub,罰として後ろで立って受講しなさい,Stand at the back for the rest of this lesson and think about what you've done!,¡Como castigo ve y siéntate al fondo!,0.0,0.0,0.0,0.0,1,1,16.0,7.0,0.6510053873062134,0.8421585559844971,0.07115119695663452,-0.7540361881256104,0.6910867622166245,0.6211787955025735,0.6631235755310041,0.34811903506663666,0.8342552967922878,0.5425735397568971,length_ratio_extreme;low_punc_jaccard,length_ratio_extreme;low_punc_jaccard,EN:length_ratio_extreme;EN:low_punc_jaccard;SP:length_ratio_extreme;SP:low_punc_jaccard
0:08:43.96,fansub,なんでこんな怪物がうちの担任に,"""How could you make this creature our teacher?""",¿Cómo esta criatura puede ser nuestro maestro?,0.0,0.0,0.0,0.0,1,1,8.0,7.0,0.6225711703300476,0.6056509613990784,-0.09478162229061127,-0.17054061591625214,0.5947250794374721,0.5885696845123009,0.5922629214674036,0.6116505138597076,0.5634735856415517,0.5923797425724452,length_ratio_extreme;low_punc_jaccard,length_ratio_extreme;low_punc_jaccard,EN:length_ratio_extreme;EN:low_punc_jaccard;SP:length_ratio_extreme;SP:low_punc_jaccard
0:08:46.95,fansub,どうして僕らが暗殺なんか…,"""And why are you making  us assassinate him?""",¿Y cómo podremos asesinarlo?,0.0,0.0,0.0,0.0,1,1,8.0,4.0,0.6727467775344849,0.6898621916770935,0.03009619191288948,-0.3688145577907562,0.6672450087258512,0.6461123960174322,0.6587919636424837,0.5221015479430106,0.6598885065778601,0.5772163313969504,length_ratio_extreme;low_punc_jaccard,length_ratio_extreme;low_punc_jaccard,EN:length_ratio_extreme;EN:low_punc_jaccard;SP:length_ratio_extreme;SP:low_punc_jaccard
0:08:49.70,fansub,そんな声は　この条件でかき消えた,These cries faded as one  final condition was announced.,Todos los llantos desaparecieron cuando nos dijeron la condición final.,0.0,0.0,0.0,0.0,1,1,4.5,5.0,0.5064994096755981,0.42803505063056946,0.15850022435188293,0.1804484874010086,0.7418127084586794,0.4554555238800609,0.6272698346272321,0.7701721579695687,0.36011800067693056,0.6061504950525134,length_ratio_extreme;low_punc_jaccard,length_ratio_extreme;low_punc_jaccard,EN:length_ratio_extreme;EN:low_punc_jaccard;SP:length_ratio_extreme;SP:low_punc_jaccard
0:08:53.80,fansub,成功報酬は100億円,Your success will be rewarded with ten billion yen.,"Si tienen éxito, serán recompensados con diez billones de yenes.",0.0,0.0,0.0,0.0,0,0,9.0,10.0,0.4444952607154846,0.47988376021385193,0.44531577825546265,0.46652257442474365,0.9083742696179697,0.38434752829176877,0.6987635730874894,0.8993754129527836,0.4194805016001224,0.707417448411719,length_ratio_extreme;low_punc_jaccard;digits_mismatch;model_discrepancy,length_ratio_extreme;low_punc_jaccard;digits_mismatch,EN:length_ratio_extreme;EN:low_punc_jaccard;EN:digits_mismatch;EN:model_discrepancy;SP:length_ratio_extreme;SP:low_punc_jaccard;SP:digits_mismatch
0:08:57.41,fansub,当然の額だ,It's only fair.,Es lo justo.,0.0,0.0,0.0,0.0,1,1,3.0,3.0,0.36595600843429565,0.7591769695281982,-0.12864388525485992,-0.14455875754356384,0.5750603461029342,0.2942766395144524,0.46274686346754146,0.6233850288840821,0.7392482167277872,0.6697303040215641,length_ratio_extreme;low_punc_jaccard,length_ratio_extreme;low_punc_jaccard,EN:length_ratio_extreme;EN:low_punc_jaccard;SP:length_ratio_extreme;SP:low_punc_jaccard
0:08:59.60,fansub,暗殺の成功は冗談抜きで地球を救うことなのだから,"If you can assassinate him, you will literally save the Earth.","Un asesinato exitoso, literalmente habrá salvado a la Tierra.",0.0,0.0,0.0,0.0,1,1,11.0,9.0,0.6955702900886536,0.8332681655883789,-0.5035912394523621,-0.33255666494369507,0.35731826127626504,0.6722870029950261,0.4833057579637694,0.5384771582732264,0.8240765322224698,0.6527169078529238,length_ratio_extreme;low_punc_jaccard,length_ratio_extreme;low_punc_jaccard,EN:length_ratio_extreme;EN:low_punc_jaccard;SP:length_ratio_extreme;SP:low_punc_jaccard
0:09:04.58,fansub,幸いなことに　こいつは君たちをなめきっている,"Fortunately, he doesn't think much of you.","Afortunadamente, no cree mucho en ustedes.",0.0,0.0,0.0,0.0,1,1,3.5,3.0,0.4850168228149414,0.45140311121940613,-0.6744586825370789,-0.30568253993988037,0.2580909087699426,0.43081872590231013,0.3271820356228896,0.5506146589516103,0.3868725048763039,0.48511779732148774,length_ratio_extreme;low_punc_jaccard,length_ratio_extreme;low_punc_jaccard,EN:length_ratio_extreme;EN:low_punc_jaccard;SP:length_ratio_extreme;SP:low_punc_jaccard
0:09:08.28,fansub,見ろ　緑のしましまになったときは　なめている顔だ,See? Those green stripes mean he's looking down on you!,¿Lo ven? Esas rayas verdes significan que los ve inferiores.,0.0,0.0,0.0,0.0,1,1,3.3333333333333335,3.3333333333333335,0.7492128014564514,0.5822573304176331,-0.4789395034313202,-0.7964237332344055,0.3716341921282292,0.7338056517573861,0.5165027759798919,0.32897501242627153,0.5366898054492553,0.41206092963546503,length_ratio_extreme;low_punc_jaccard,length_ratio_extreme;low_punc_jaccard,EN:length_ratio_extreme;EN:low_punc_jaccard;SP:length_ratio_extreme;SP:low_punc_jaccard
0:09:11.96,fansub,どんな皮膚だよ,"What is he, a chameleon?!",¿Qué clase de piel es esa?,0.0,0.0,0.0,0.0,1,1,5.0,6.0,0.25687992572784424,0.9366508722305298,-0.4601338505744934,0.6188781261444092,0.3825551441331743,0.16918530711235807,0.2972072093248478,0.9681856760623924,0.9424412141559526,0.9578878912998164,length_ratio_extreme;low_punc_jaccard,length_ratio_extreme;low_punc_jaccard,EN:length_ratio_extreme;EN:low_punc_jaccard;SP:length_ratio_extreme;SP:low_punc_jaccard
0:09:13.09,fansub,当然でしょう,Of course I am!,¡Por supuesto! ,0.0,0.0,0.0,0.0,1,1,4.0,2.0,0.6688615083694458,0.9195569157600403,-0.00889555737376213,0.6257908940315247,0.6446014437408797,0.6416566667270479,0.643423532935347,0.9713077767785074,0.922870042280778,0.9519326829794157,length_ratio_extreme;low_punc_jaccard,length_ratio_extreme;low_punc_jaccard,EN:length_ratio_extreme;EN:low_punc_jaccard;SP:length_ratio_extreme;SP:low_punc_jaccard
0:09:14.66,fansub,国がやれない私を　君たちがやれるわけがない,"If the government can't  kill me, how could you?","Si el gobierno no pudo asesinarme, ¿cómo podrían ustedes?",0.0,0.0,0.0,0.0,1,1,4.5,4.5,0.612246572971344,0.5848544239997864,-0.30707409977912903,-0.27021053433418274,0.4714410873679622,0.5767291635835181,0.5135563178541845,0.5666353290959102,0.5396632636395802,0.5558465029133782,length_ratio_extreme;low_punc_jaccard,length_ratio_extreme;low_punc_jaccard,EN:length_ratio_extreme;EN:low_punc_jaccard;SP:length_ratio_extreme;SP:low_punc_jaccard
0:09:18.45,fansub,最新鋭の戦闘機に襲われた時も,"Even when they sent their very  newest fighter jet after me,",Incluso cuando enviaron su raptor de caza más nuevo contra mí...,0.0,0.0,0.0,0.0,1,1,11.0,11.0,0.7041052579879761,0.4670153856277466,-0.2715999484062195,-0.4632583558559418,0.4920418879628251,0.6820751295947743,0.5680551846156048,0.4794467019555549,0.4047472728585153,0.449566930316739,length_ratio_extreme;low_punc_jaccard,length_ratio_extreme;low_punc_jaccard,EN:length_ratio_extreme;EN:low_punc_jaccard;SP:length_ratio_extreme;SP:low_punc_jaccard
0:09:29.24,fansub,逆に空中でワックスをかけてやりましたよ,all it got was a good  waxing right there in midair!,...¡Terminé con una buena encerada en pleno vuelo!,0.0,0.0,0.0,0.0,1,1,11.0,8.0,0.6442630887031555,0.6985413432121277,-0.43011781573295593,-0.430490106344223,0.39998626861360903,0.6134465493970814,0.48537038092699797,0.4942462405683092,0.669825420054625,0.5644779123628355,length_ratio_extreme;low_punc_jaccard,length_ratio_extreme;low_punc_jaccard,EN:length_ratio_extreme;EN:low_punc_jaccard;SP:length_ratio_extreme;SP:low_punc_jaccard
0:09:32.06,fansub,だからなぜ手入れする,What's with all the grooming?,¿Por qué le interesa tanto limpiar?,0.0,0.0,0.0,0.0,1,1,5.0,6.0,0.3914796710014343,0.6363010406494141,-0.2891639173030853,0.06121670454740524,0.4818420154670724,0.32354784983924334,0.4185243492159407,0.716322001171343,0.5985654012801149,0.6692193612148518,length_ratio_extreme;low_punc_jaccard,length_ratio_extreme;low_punc_jaccard,EN:length_ratio_extreme;EN:low_punc_jaccard;SP:length_ratio_extreme;SP:low_punc_jaccard
0:09:34.05,fansub,君たちにはなめているこいつの隙をあわよくば突いてほしい,"So while this guy looks down on you, your job is to find an opening in his defenses and strike it.",Deberán encontrar un punto bajo en sus defensas y atacarlo.,0.0,0.0,0.0,0.0,1,1,21.0,10.0,0.6593483090400696,0.3763020932674408,-0.13140170276165009,-0.3650619685649872,0.573458806775406,0.6307466784877289,0.5963739554603351,0.5237963772357598,0.3008880265095822,0.4346330369452887,length_ratio_extreme;low_punc_jaccard,length_ratio_extreme;low_punc_jaccard,EN:length_ratio_extreme;EN:low_punc_jaccard;SP:length_ratio_extreme;SP:low_punc_jaccard
0:09:38.92,fansub,人間には無害で　こいつには効く武器と弾を支給する,We'll provide you with weapons and ammo  that won't hurt humans but will work on him.,"Tendrán armas y municiones que no pueden herir a humanos, pero sí a él.",0.0,0.0,0.0,0.0,1,1,8.0,7.0,0.6836892366409302,0.7785416841506958,-0.1079849898815155,-0.2144574075937271,0.5870575262362245,0.6586614971165654,0.6156991145883608,0.5918158182667483,0.7614192196108753,0.6596571788043992,length_ratio_extreme;low_punc_jaccard,length_ratio_extreme;low_punc_jaccard,EN:length_ratio_extreme;EN:low_punc_jaccard;SP:length_ratio_extreme;SP:low_punc_jaccard
0:09:43.63,fansub,君たちの家族や友人には絶対秘密だ,You must keep this absolutely secret from your family and friends.,Deben mantenerlo en secreto de sus amigos y familiares.,0.0,0.0,0.0,0.0,1,1,11.0,9.0,0.8240665197372437,0.7544542551040649,0.558081328868866,0.5800017714500427,0.9738602793532354,0.8196498728062366,0.9121761167344358,0.9506274567191025,0.733841097792411,0.863912913148426,length_ratio_extreme;low_punc_jaccard,length_ratio_extreme;low_punc_jaccard,EN:length_ratio_extreme;EN:low_punc_jaccard;SP:length_ratio_extreme;SP:low_punc_jaccard
0:09:47.19,fansub,とにかく時間がない,There's no time to lose.,No hay tiempo que perder.,0.0,0.0,0.0,0.0,1,1,5.0,5.0,0.7318044900894165,0.7704454064369202,0.19744044542312622,0.4739636182785034,0.7644263496132124,0.7138413405193907,0.7441923459756837,0.9027361056194313,0.7521496486394622,0.8425015228274437,length_ratio_extreme;low_punc_jaccard,length_ratio_extreme;low_punc_jaccard,EN:length_ratio_extreme;EN:low_punc_jaccard;SP:length_ratio_extreme;SP:low_punc_jaccard
0:09:48.99,fansub,地球が消えれば　逃げる場所など　どこにもない,"If the Earth is destroyed,  we'll have nowhere left to run.","Si la Tierra es destruida, no tendremos a dónde huir.",0.0,0.0,0.0,0.0,1,1,3.6666666666666665,3.3333333333333335,0.7825609445571899,0.7786811590194702,0.06895364820957184,0.3396652638912201,0.6898105861339373,0.7720501830065851,0.7227064248829964,0.8420812427262163,0.7615789068450018,0.8098803083737305,length_ratio_extreme;low_punc_jaccard,length_ratio_extreme;low_punc_jaccard,EN:length_ratio_extreme;EN:low_punc_jaccard;SP:length_ratio_extreme;SP:low_punc_jaccard
0:09:52.85,fansub,そういうことです,And that's about it.,¡Y eso es todo!,0.0,0.0,0.0,0.0,1,1,4.0,4.0,0.8412877321243286,0.8324712514877319,0.12032909691333771,0.09486779570579529,0.7196457008091861,0.839399613992647,0.7675472660825704,0.7315202687132757,0.8231641312309007,0.7681778137203257,length_ratio_extreme;low_punc_jaccard,length_ratio_extreme;low_punc_jaccard,EN:length_ratio_extreme;EN:low_punc_jaccard;SP:length_ratio_extreme;SP:low_punc_jaccard
0:09:54.58,fansub,さあ　皆さん　残された1年を有意義に過ごしましょう,"Well then, I hope you'll make the most  of your one remaining year!",¡Hay que dar lo mejor de cada uno durante el año que queda!,0.0,0.0,0.0,0.0,0,0,4.333333333333333,4.333333333333333,0.7569827437400818,0.7495896816253662,0.38322362303733826,0.23957091569900513,0.8723156731851119,0.7427164267763464,0.8204759746216057,0.7968743673800252,0.7282715619265985,0.7694332451986545,length_ratio_extreme;low_punc_jaccard;digits_mismatch,length_ratio_extreme;low_punc_jaccard;digits_mismatch,EN:length_ratio_extreme;EN:low_punc_jaccard;EN:digits_mismatch;SP:length_ratio_extreme;SP:low_punc_jaccard;SP:digits_mismatch
0:10:02.13,fansub,残された時間は1年,We only have one year.,Solo nos queda un año.,0.0,0.0,0.0,0.0,0,0,5.0,5.0,0.5197523832321167,0.7067365050315857,0.3380105793476105,0.6586291193962097,0.8460592340233225,0.47065438397238957,0.6958972940029493,0.9861389194700076,0.6792082051804893,0.8633666337542003,length_ratio_extreme;low_punc_jaccard;digits_mismatch,length_ratio_extreme;low_punc_jaccard;digits_mismatch,EN:length_ratio_extreme;EN:low_punc_jaccard;EN:digits_mismatch;SP:length_ratio_extreme;SP:low_punc_jaccard;SP:digits_mismatch
0:10:04.73,fansub,僕たちがこいつの暗殺に成功しないと,"If we can't assassinate him by then,",Si no podemos asesinarlo para entonces...,0.0,0.0,0.0,0.0,1,1,7.0,6.0,0.8334631323814392,0.8526732921600342,-0.23847082257270813,-0.37508663535118103,0.51128086870697,0.8304261563558774,0.6389389837665329,0.5192688102954136,0.84629380345801,0.6500788075604522,length_ratio_extreme;low_punc_jaccard,length_ratio_extreme;low_punc_jaccard,EN:length_ratio_extreme;EN:low_punc_jaccard;SP:length_ratio_extreme;SP:low_punc_jaccard
0:10:08.30,fansub,地球が壊される,the Earth will be history.,La tierra será historia.,0.0,0.0,0.0,0.0,1,1,5.0,4.0,0.5316834449768066,0.5388461947441101,-0.614139974117279,-0.623560905456543,0.2931196166094462,0.4843372406865558,0.36960666624029004,0.4070472357683657,0.48698763152423225,0.43902339407071234,length_ratio_extreme;low_punc_jaccard,length_ratio_extreme;low_punc_jaccard,EN:length_ratio_extreme;EN:low_punc_jaccard;SP:length_ratio_extreme;SP:low_punc_jaccard
0:10:16.94,fansub,昼休みですね,"Ah, lunchtime!","Ah, ¡La hora del almuerzo!",0.0,0.0,0.0,0.0,1,1,2.0,5.0,0.9124810695648193,0.9270244836807251,-0.18184858560562134,-0.15181931853294373,0.5441629354471154,0.9210460136213362,0.6949161667168037,0.6201058499741998,0.9314197923352823,0.7446314269186328,length_ratio_extreme;low_punc_jaccard,length_ratio_extreme;low_punc_jaccard,EN:length_ratio_extreme;EN:low_punc_jaccard;SP:length_ratio_extreme;SP:low_punc_jaccard
0:10:18.84,fansub,先生　ちょっと中国に行ってマーボー豆腐を食べてきます,I'll just pop over to China for some mapo tofu.,Iré un momento a China por un poco de mapo tofu.,0.0,0.0,0.0,0.0,1,1,5.0,5.5,0.6975187063217163,0.7672867774963379,-0.15893876552581787,-0.34332147240638733,0.5574672885285152,0.6745214981897575,0.6042889723930122,0.5336153122461444,0.7485332787257587,0.6195824988379901,length_ratio_extreme;low_punc_jaccard,length_ratio_extreme;low_punc_jaccard,EN:length_ratio_extreme;EN:low_punc_jaccard;SP:length_ratio_extreme;SP:low_punc_jaccard
0:10:23.48,fansub,暗殺希望者がもしいれば　携帯で呼んでください,"If anyone would like to try assassinating me,  just call me on my cell.",Cualquier aspirante a asesino es bienvenido sólo llamen a mi celular.,0.0,0.0,0.0,0.0,1,1,7.0,5.5,0.7976638078689575,0.8845623731613159,0.3226888179779053,0.05828866735100746,0.8371614721735375,0.7893705455267545,0.8180451015148242,0.7149995747313169,0.8828041740263971,0.782121414449349,length_ratio_extreme;low_punc_jaccard,length_ratio_extreme;low_punc_jaccard,EN:length_ratio_extreme;EN:low_punc_jaccard;SP:length_ratio_extreme;SP:low_punc_jaccard
0:10:29.87,fansub,えーと　マッハ20だから,"Uh, let's see...if he's traveling at Mach 20…",Veamos. Si viaja a mach 20...,0.0,0.0,0.0,0.0,1,1,4.0,3.0,0.5065151453018188,0.7599111795425415,-0.09274327754974365,-0.5822859406471252,0.5959088014413837,0.4554735699117966,0.5397347088295489,0.42568876970866965,0.740088826706407,0.5514487925077646,length_ratio_extreme;low_punc_jaccard,length_ratio_extreme;low_punc_jaccard,EN:length_ratio_extreme;EN:low_punc_jaccard;SP:length_ratio_extreme;SP:low_punc_jaccard
0:10:32.98,fansub,マーボーの本場　四川省まで10分くらい,"...it'll take maybe ten minutes to get to Sichuan, the home of mapo tofu.","le tomará más o menos diez minutos llegar a Sichuan, la tierra del mapo tofu.",0.0,0.0,0.0,0.0,0,0,7.0,7.5,0.6998347043991089,0.7426701188087463,0.2249692976474762,-0.05452422425150871,0.7804130997772311,0.6771775459515881,0.7391188782469739,0.664048462903057,0.7203492325689143,0.6865687707693999,length_ratio_extreme;low_punc_jaccard;digits_mismatch,length_ratio_extreme;low_punc_jaccard;digits_mismatch,EN:length_ratio_extreme;EN:low_punc_jaccard;EN:digits_mismatch;SP:length_ratio_extreme;SP:low_punc_jaccard;SP:digits_mismatch
0:10:36.70,fansub,確かにあんなもん　ミサイルでも落とせんわな,Guess no missile could shoot that down.,Supongo que no hay misil que pueda alcanzarlo.,0.0,0.0,0.0,0.0,1,1,3.5,4.0,0.7493259310722351,0.6613722443580627,-0.390889972448349,-0.5038641691207886,0.4227669397782999,0.733935391788577,0.5472343205824107,0.46110738538325896,0.6272698640384332,0.5275723768453286,length_ratio_extreme;low_punc_jaccard,length_ratio_extreme;low_punc_jaccard,EN:length_ratio_extreme;EN:low_punc_jaccard;SP:length_ratio_extreme;SP:low_punc_jaccard
0:10:40.54,fansub,しかも　あのタコ　音速飛行中にテストの採点までしてるんだぜ,"Heck, that octopus even grades tests while he breaks the sound barrier!","Maldición, ese pulpo incluso califica los exámenes mientras viaja a la velocidad del sonido.",0.0,0.0,0.0,0.0,1,1,4.0,4.666666666666667,0.6411547064781189,0.7989804148674011,-0.1764121800661087,-0.330908864736557,0.5473200034004825,0.6098817745674677,0.5723447118672765,0.5392213751036958,0.7848198824391454,0.6374607780378756,length_ratio_extreme;low_punc_jaccard,length_ratio_extreme;low_punc_jaccard,EN:length_ratio_extreme;EN:low_punc_jaccard;SP:length_ratio_extreme;SP:low_punc_jaccard
0:10:44.67,fansub,マジで,Seriously?!,¿En serio?,0.0,0.0,0.0,0.0,1,1,1.0,2.0,0.5617764592170715,0.7109953165054321,0.38597747683525085,0.28600504994392395,0.8739149106795295,0.5188487041889693,0.7318884280833055,0.8178460022078706,0.6840841934563754,0.7643412787072725,low_punc_jaccard,length_ratio_extreme;low_punc_jaccard,EN:low_punc_jaccard;SP:length_ratio_extreme;SP:low_punc_jaccard
0:10:45.99,fansub,俺なんかイラスト付きで返ってきた,He even did a little drawing on mine.,Hasta hizo un dibujo en el mio.,0.0,0.0,0.0,0.0,1,1,8.0,7.0,0.5582808256149292,0.6397388577461243,-0.34126120805740356,-0.49242791533470154,0.45158770756044525,0.5148398192525867,0.4768885522373018,0.4662724851983078,0.6025014186317025,0.5207640585716656,length_ratio_extreme;low_punc_jaccard,length_ratio_extreme;low_punc_jaccard,EN:length_ratio_extreme;EN:low_punc_jaccard;SP:length_ratio_extreme;SP:low_punc_jaccard
0:10:48.47,fansub,てか　あいつ　何げに教えてるの　うまくない,"Isn't he actually a pretty good teacher, though?","De echo, ¿no crees que es muy bueno enseñando?",0.0,0.0,0.0,0.0,1,1,2.0,2.25,0.7482513785362244,0.6601993441581726,-0.37027448415756226,-0.35491064190864563,0.4347389122429761,0.7327030665608057,0.553924573970108,0.528381149173836,0.6259269899388,0.5673994854798217,length_ratio_extreme;low_punc_jaccard,length_ratio_extreme;low_punc_jaccard,EN:length_ratio_extreme;EN:low_punc_jaccard;SP:length_ratio_extreme;SP:low_punc_jaccard
0:10:51.27,fansub,わかる,He is!,¿Verdad?,0.0,0.0,0.0,0.0,1,1,2.0,1.0,0.5246332287788391,0.5223642587661743,-0.7140716910362244,-0.4358082413673401,0.23508656173215262,0.4762518665509624,0.3315526836596765,0.49184434404361643,0.46811717269179737,0.4823534755028888,length_ratio_extreme;low_punc_jaccard,low_punc_jaccard,EN:length_ratio_extreme;EN:low_punc_jaccard;SP:low_punc_jaccard
0:10:52.40,fansub,放課後に数学教わって　次のテストの点　よかったもん,I aced my math test thanks to his after-school tutoring!, El me enseñó matemáticas y me fue muy bien en el examen.,0.0,0.0,0.0,0.0,1,1,3.3333333333333335,4.0,0.7286041975021362,0.7328853607177734,-0.23072831332683563,-0.21066442131996155,0.5157771535483294,0.7101711604589571,0.5935347563125805,0.5935288925887735,0.7091464906708619,0.6397759318216089,length_ratio_extreme;low_punc_jaccard,length_ratio_extreme;low_punc_jaccard,EN:length_ratio_extreme;EN:low_punc_jaccard;SP:length_ratio_extreme;SP:low_punc_jaccard
0:10:56.93,fansub,まっ　でもさ,"Yeah, but...","Si, pero...",0.0,0.0,0.0,0.0,1,1,1.0,1.0,0.832998514175415,0.8563636541366577,0.35741040110588074,0.3159746825695038,0.8573252360036605,0.8298933199264077,0.8463524695727593,0.8313815661107794,0.850518963891219,0.8390365252229552,low_punc_jaccard,low_punc_jaccard,EN:low_punc_jaccard;SP:low_punc_jaccard
0:10:59.61,fansub,しょせん俺ら　E組だしな,we are the E Class.,...estámos en la clase E.,0.0,0.0,0.0,0.0,1,1,2.5,2.5,0.2569291889667511,0.43573206663131714,-0.3398464024066925,-0.17490719258785248,0.4524093235248244,0.16924180349580345,0.339142315513216,0.6096783816579618,0.3689304498800546,0.5133792089467989,length_ratio_extreme;low_punc_jaccard,length_ratio_extreme;low_punc_jaccard,EN:length_ratio_extreme;EN:low_punc_jaccard;SP:length_ratio_extreme;SP:low_punc_jaccard
0:11:02.34,fansub,頑張っても仕方ねぇけど,Tryin' our best won't do much.,Esforzarnos no hará gran diferencia.,0.0,0.0,0.0,0.0,1,1,6.0,5.0,0.48929843306541443,0.5037245154380798,-0.41501638293266296,-0.3216278851032257,0.4087560796950698,0.43572898961703793,0.41954524366385704,0.5434130612173698,0.44677620221412834,0.5047583176160733,length_ratio_extreme;low_punc_jaccard,length_ratio_extreme;low_punc_jaccard,EN:length_ratio_extreme;EN:low_punc_jaccard;SP:length_ratio_extreme;SP:low_punc_jaccard
0:11:10.13,fansub,なのに,but...,pero...,0.0,0.0,0.0,0.0,1,1,1.0,1.0,0.7345200777053833,0.8036364912986755,-0.005402103066444397,0.16003108024597168,0.646630187284757,0.7169556481174195,0.674760371617822,0.7609507863654728,0.790150706362661,0.772630754364348,low_punc_jaccard,low_punc_jaccard,EN:low_punc_jaccard;SP:low_punc_jaccard
0:11:11.56,fansub,あの先生はなぜか普通に先生している,"for whatever reason, he's teaching us just like any other teacher would.","...por alguna razón, como maestro, es realmente bueno.",0.0,0.0,0.0,0.0,1,1,12.0,8.0,0.8016687631607056,0.7489452958106995,0.04886436089873314,-0.4684007465839386,0.6781441928315863,0.7939635340282195,0.7244719293102396,0.4771241790477126,0.7275337932564525,0.5772880247312085,length_ratio_extreme;low_punc_jaccard,length_ratio_extreme;low_punc_jaccard,EN:length_ratio_extreme;EN:low_punc_jaccard;SP:length_ratio_extreme;SP:low_punc_jaccard
0:11:15.87,fansub,僕らも同じ　即席の殺し屋であるのを除けば　普通の生徒だ,"Likewise, we're perfectly normal students outside of the whole killer thing,","Somos estudiantes perfectamente normales, salvo por lo de asesinos,",0.0,0.0,0.0,0.0,1,1,3.6666666666666665,3.0,0.7701049447059631,0.8013108372688293,-0.2760762870311737,-0.14073166251182556,0.48944235687219023,0.7577653134079624,0.5967715394864992,0.625113508175496,0.7874880240972131,0.6900633145441829,length_ratio_extreme;low_punc_jaccard,length_ratio_extreme;low_punc_jaccard,EN:length_ratio_extreme;EN:low_punc_jaccard;SP:length_ratio_extreme;SP:low_punc_jaccard
0:11:21.77,fansub,けど　僕らE組は　少しだけ普通と違う,but E Class is a little different from the rest.,pero la clase E es diferente al resto.,0.0,0.0,0.0,0.0,1,1,3.3333333333333335,2.6666666666666665,0.5215271711349487,0.64000004529953,0.3687388002872467,0.3675267994403839,0.8639039442619939,0.4726897576124006,0.7074182696021566,0.8546647001069047,0.6028004568624471,0.7539190028091216,length_ratio_extreme;low_punc_jaccard,length_ratio_extreme;low_punc_jaccard,EN:length_ratio_extreme;EN:low_punc_jaccard;SP:length_ratio_extreme;SP:low_punc_jaccard
0:11:29.06,fansub,おい　渚,"Hey, Nagisa.","Oye, Nagisa.",0.0,0.0,0.0,0.0,1,1,1.0,1.0,0.7722886800765991,0.7269465923309326,0.0062516555190086365,-0.11203540861606598,0.6533978405620932,0.7602696788045598,0.6961465758590799,0.6380739599512253,0.7023470901326443,0.663783212023793,low_punc_jaccard,low_punc_jaccard,EN:low_punc_jaccard;SP:low_punc_jaccard
0:11:31.32,fansub,ちょっと付き合えよ,Come with us.,Ven con nosotros.,0.0,0.0,0.0,0.0,1,1,3.0,3.0,0.5501481294631958,0.5913771390914917,-0.06330040097236633,0.048125945031642914,0.6130070773926136,0.5055130285171733,0.5700094578424375,0.7104096560259449,0.5471312350464891,0.6450982876341625,length_ratio_extreme;low_punc_jaccard,length_ratio_extreme;low_punc_jaccard,EN:length_ratio_extreme;EN:low_punc_jaccard;SP:length_ratio_extreme;SP:low_punc_jaccard
0:11:32.93,fansub,暗殺の計画　進めようぜ,It's time to put our assassination plan into action.,Es hora de que pongamos en acción nuestro plan de asesinato.,0.0,0.0,0.0,0.0,1,1,4.5,5.5,0.7945950627326965,0.8429902791976929,0.2636255621910095,0.2825920581817627,0.8028618396845582,0.7858512275573841,0.7960575948336885,0.8163045496090354,0.8352075513499807,0.8238657503054135,length_ratio_extreme;low_punc_jaccard,length_ratio_extreme;low_punc_jaccard,EN:length_ratio_extreme;EN:low_punc_jaccard;SP:length_ratio_extreme;SP:low_punc_jaccard
0:11:39.87,fansub,あのタコ　機嫌によって顔の色が変わるだろ,"That octopus's face changes color according to his mood, right?","La cara del pulpo cambia de acuerdo a su humor, ¿cierto?",0.0,0.0,0.0,0.0,1,1,5.0,5.5,0.6859196424484253,0.7886742949485779,0.3269352912902832,0.20472875237464905,0.83962751425077,0.6612193854027426,0.768264262711559,0.7811381608644378,0.7730202242005355,0.7778909861988769,length_ratio_extreme;low_punc_jaccard,length_ratio_extreme;low_punc_jaccard,EN:length_ratio_extreme;EN:low_punc_jaccard;SP:length_ratio_extreme;SP:low_punc_jaccard
0:11:43.92,fansub,観察しとけって言ったやつ　できてるか,Did you note down all the variations like I asked?,¿Has echo las observaciones que te dije?,0.0,0.0,0.0,0.0,1,1,5.0,3.5,0.39943647384643555,0.6275525093078613,-0.26783260703086853,-0.45500448346138,0.49422968514592136,0.3326729214850654,0.4296069796815789,0.48317450264763573,0.5885490536407333,0.5253243230448748,length_ratio_extreme;low_punc_jaccard,length_ratio_extreme;low_punc_jaccard,EN:length_ratio_extreme;EN:low_punc_jaccard;SP:length_ratio_extreme;SP:low_punc_jaccard
0:11:47.21,fansub,一応,More or less.,Más o menos.,0.0,0.0,0.0,0.0,1,1,3.0,3.0,0.5967311263084412,0.8444567322731018,-0.29433682560920715,-0.3052275478839874,0.4788379674945166,0.5589356395797326,0.510877036328603,0.5508201527634563,0.8368865193077647,0.6652466993811796,length_ratio_extreme;low_punc_jaccard,length_ratio_extreme;low_punc_jaccard,EN:length_ratio_extreme;EN:low_punc_jaccard;SP:length_ratio_extreme;SP:low_punc_jaccard
0:11:48.84,fansub,余裕な時は　緑のしましまなのは知ってるよね,"It's striped green when he's feeling confident, as we all know.",Sabemos que las lineas verdes aparecen cuando esta confiado.,0.0,0.0,0.0,0.0,1,1,5.5,4.5,0.5317420959472656,0.6094524264335632,-0.8019281029701233,-0.6619853973388672,0.18406596354491714,0.4844045031684799,0.3042013793943422,0.3896930969369779,0.5678259499227999,0.4609462381313067,length_ratio_extreme;low_punc_jaccard,length_ratio_extreme;low_punc_jaccard,EN:length_ratio_extreme;EN:low_punc_jaccard;SP:length_ratio_extreme;SP:low_punc_jaccard
0:11:53.34,fansub,生徒の解答が間違っていたら暗い紫,"When we give an incorrect answer, it's dark purple.","Cuándo damos una respuesta incorrecta, se pone de color púrpura oscuro.",0.0,0.0,0.0,0.0,1,1,9.0,11.0,0.7981048822402954,0.8402950167655945,-0.44841447472572327,-0.33483508229255676,0.3893609031327014,0.7898763812648012,0.5495670943855413,0.5374481278540583,0.8321216979140974,0.6553175558780739,length_ratio_extreme;low_punc_jaccard,length_ratio_extreme;low_punc_jaccard,EN:length_ratio_extreme;EN:low_punc_jaccard;SP:length_ratio_extreme;SP:low_punc_jaccard
0:11:57.06,fansub,正解だったら明るい朱色,A correct answer makes it go bright scarlet.,Una respuesta correcta hace que se ponga de color rojo.,0.0,0.0,0.0,0.0,1,1,8.0,10.0,0.6937694549560547,0.5841888189315796,-0.3137982487678528,-0.5193331241607666,0.4675361919123761,0.670221757703998,0.5486104182290248,0.4541209457404809,0.5389012006722764,0.4880330477131991,length_ratio_extreme;low_punc_jaccard,length_ratio_extreme;low_punc_jaccard,EN:length_ratio_extreme;EN:low_punc_jaccard;SP:length_ratio_extreme;SP:low_punc_jaccard
0:11:59.97,fansub,面白いのは昼休みの後で…,"But what's really interesting is after lunch, when—",Pero lo que en verdad es interesante es después del almuerzo...,0.0,0.0,0.0,0.0,1,1,8.0,11.0,0.9015754461288452,0.9232965707778931,0.1131715327501297,0.1967894732952118,0.7154891094218079,0.908539156641948,0.792709128309864,0.7775524439267191,0.9271516391851932,0.8373921220301087,length_ratio_extreme;low_punc_jaccard,length_ratio_extreme;low_punc_jaccard,EN:length_ratio_extreme;EN:low_punc_jaccard;SP:length_ratio_extreme;SP:low_punc_jaccard
0:12:02.13,fansub,俺は知らなくていいんだよ,I don't need to know all that.,No necesito saber eso.,0.0,0.0,0.0,0.0,1,1,7.0,4.0,0.733627438545227,0.7676076889038086,0.21350020170211792,0.5836073756217957,0.7737526850969771,0.7159319459535021,0.7506243894395871,0.9522559012944858,0.7489006958490652,0.8709138191163175,length_ratio_extreme;low_punc_jaccard,length_ratio_extreme;low_punc_jaccard,EN:length_ratio_extreme;EN:low_punc_jaccard;SP:length_ratio_extreme;SP:low_punc_jaccard
0:12:05.05,fansub,作戦がある,I have a plan.,Tengo un plan.,0.0,0.0,0.0,0.0,1,1,4.0,3.0,0.6188550591468811,0.6474487781524658,0.19882503151893616,0.21773037314414978,0.7652304162634997,0.5843079500630757,0.6928614297833301,0.7870102471514334,0.6113286423161036,0.7167376052173016,length_ratio_extreme;low_punc_jaccard,length_ratio_extreme;low_punc_jaccard,EN:length_ratio_extreme;EN:low_punc_jaccard;SP:length_ratio_extreme;SP:low_punc_jaccard
0:12:06.79,fansub,あいつが一番油断してる顔の時に　お前がやりに行け,"And at the moment he least expects it,you are going to carry it out.",Y en el momento que menos se lo espera...tú lo llevarás a cabo.,0.0,0.0,0.0,0.0,1,1,7.0,6.5,0.5638564825057983,0.5232516527175903,-0.645888090133667,-0.6173444390296936,0.27468262567368423,0.5212341298309449,0.3733032273365885,0.4098548570569593,0.46913316565832536,0.4335661804975057,length_ratio_extreme;low_punc_jaccard,length_ratio_extreme;low_punc_jaccard,EN:length_ratio_extreme;EN:low_punc_jaccard;SP:length_ratio_extreme;SP:low_punc_jaccard
0:12:11.55,fansub,ぼ…僕が,M-Me? But...,¿Y-Yo? Pero...,0.0,0.0,0.0,0.0,1,1,2.0,2.0,0.7037534713745117,0.7505395412445068,-0.20685933530330658,-0.16970644891262054,0.5296385156284776,0.6816716914155916,0.5904517859433233,0.6120272592447583,0.7293590729364448,0.6589599847214329,length_ratio_extreme;low_punc_jaccard,length_ratio_extreme;low_punc_jaccard,EN:length_ratio_extreme;EN:low_punc_jaccard;SP:length_ratio_extreme;SP:low_punc_jaccard
0:12:13.20,fansub,でも…,,,0.0,0.0,0.0,0.0,1,1,0.0,0.0,0.6064406037330627,0.6064406037330627,-0.1194068044424057,-0.11940668523311615,0.5804245691366479,0.5700707247224824,0.5762830313709817,0.6347447771433272,0.5643776610593757,0.6065979307097467,length_ratio_extreme;low_punc_jaccard,length_ratio_extreme;low_punc_jaccard,EN:length_ratio_extreme;EN:low_punc_jaccard;SP:length_ratio_extreme;SP:low_punc_jaccard
0:12:13.83,fansub,いい子ぶってんじゃねえよ,Don't be such a goody-goody.,No seas tan cobarde. Somos la clase E...,0.0,0.0,0.0,0.0,1,1,5.0,8.0,0.6578460335731506,0.5391513705253601,-0.8493319749832153,-0.7418649792671204,0.15653725103251925,0.6290238293064138,0.34553188234207705,0.35361607192851424,0.48733703265189365,0.407104456217866,length_ratio_extreme;low_punc_jaccard,length_ratio_extreme;low_punc_jaccard,EN:length_ratio_extreme;EN:low_punc_jaccard;SP:length_ratio_extreme;SP:low_punc_jaccard
0:12:15.95,fansub,俺らはE組だ,We're the E Class—,,0.0,0.0,0.0,1.0,1,1,4.0,0.0,0.5587214231491089,0.6056385040283203,0.17752860486507416,-0.44898971915245056,0.7528630044467262,0.515345108141187,0.6578558459245105,0.48589102665984407,0.5634593229783328,0.5169183451872396,length_ratio_extreme;low_punc_jaccard,length_ratio_extreme,EN:length_ratio_extreme;EN:low_punc_jaccard;SP:length_ratio_extreme
0:12:17.93,fansub,進学校で有名なこの学校のレベルについていけなかった脱落組,the rejects that failed to keep up at this famous prep school.,...los rechazados que no pudimos estar a la altura de esta secundaria tan famosa.,0.0,0.0,0.0,0.0,1,1,12.0,14.0,0.6589465737342834,0.7331857085227966,-0.4095902144908905,-0.7999280691146851,0.4119072026884857,0.6302859578290214,0.49925870474469997,0.32739230492907334,0.7094903641634959,0.48023152862284235,length_ratio_extreme;low_punc_jaccard,length_ratio_extreme;low_punc_jaccard,EN:length_ratio_extreme;EN:low_punc_jaccard;SP:length_ratio_extreme;SP:low_punc_jaccard
0:12:22.98,fansub,通称　エンドのE組,They call us...the End Class.,Nos llaman... La clase Final.,0.0,0.0,0.0,0.0,1,1,2.5,2.5,0.5454270243644714,0.6168848872184753,-0.4695647358894348,-0.6885908246040344,0.3770783735752605,0.5000987405031904,0.42628652034643244,0.37767695161377857,0.5763355051991417,0.4571403730479238,length_ratio_extreme;low_punc_jaccard,length_ratio_extreme;low_punc_jaccard,EN:length_ratio_extreme;EN:low_punc_jaccard;SP:length_ratio_extreme;SP:low_punc_jaccard
0:12:27.72,fansub,毎日山の上の隔離校舎まで通わされて,"Every day, they send us to this isolated mountaintop campus","Todos los días, nos envían a este campus en la cima de una colina olvidada...",0.0,0.0,0.0,0.0,1,1,10.0,15.0,0.7667543888092041,0.6730577349662781,-0.08453336358070374,-0.32107487320899963,0.6006765208661344,0.7539228074156886,0.6619750354859562,0.5436628249674591,0.6406487880771097,0.5824572102113194,length_ratio_extreme;low_punc_jaccard,length_ratio_extreme;low_punc_jaccard,EN:length_ratio_extreme;EN:low_punc_jaccard;SP:length_ratio_extreme;SP:low_punc_jaccard
0:12:31.31,fansub,あらゆる面でカスみたいに差別されてる,and discriminate against us in every way like we're scum.,"...y nos discriminan de todas las formas, como si fuéramos basura.",0.0,0.0,0.0,0.0,1,1,10.0,11.0,0.7758739590644836,0.7445387840270996,0.07528242468833923,0.10714331269264221,0.6934858780634889,0.7643813714368913,0.7218440754128499,0.737064415573284,0.7224887002941709,0.7312341294616387,length_ratio_extreme;low_punc_jaccard,length_ratio_extreme;low_punc_jaccard,EN:length_ratio_extreme;EN:low_punc_jaccard;SP:length_ratio_extreme;SP:low_punc_jaccard
0:12:35.15,fansub,落ちこぼれの俺らが100億円稼ぐチャンスなんて,You think us losers are ever gonna get  another chance to score a cool ten billion yen?,¿Cuándo crées que perdedores como nosotros tendrán otra oportunidad,0.0,0.0,0.0,0.0,0,0,17.0,9.0,0.6982677578926086,0.607392430305481,-0.2445906102657318,-0.37189486622810364,0.5077269422262042,0.6753805303140864,0.5747883774613571,0.5207103493182134,0.5654674240686776,0.538613179218399,length_ratio_extreme;low_punc_jaccard;digits_mismatch,length_ratio_extreme;low_punc_jaccard;digits_mismatch,EN:length_ratio_extreme;EN:low_punc_jaccard;EN:digits_mismatch;SP:length_ratio_extreme;SP:low_punc_jaccard;SP:digits_mismatch
0:12:38.71,fansub,この先　一生回ってこねえぞ,,de tener 10 billones de llenes?,0.0,0.0,1.0,0.0,1,0,0.0,3.0,0.4588300585746765,0.350430428981781,-0.977098286151886,-1.5248204469680786,0.0823398933154005,0.4007870530659285,0.20971875721561173,0.0,0.2712671023364341,0.10850684093457363,low_qe_mix;length_ratio_extreme,low_qe_mix;length_ratio_extreme;low_punc_jaccard;digits_mismatch,EN:low_qe_mix;EN:length_ratio_extreme;SP:low_qe_mix;SP:length_ratio_extreme;SP:low_punc_jaccard;SP:digits_mismatch
0:12:41.90,fansub,抜け出すんだよ　このクソみてえな状況から,We're gonna climb our way out of this shithole...,Vámos a poder salir de esta horrible situación...,0.0,0.0,0.0,0.0,1,1,4.5,4.0,0.6187772750854492,0.7739902138710022,-0.24053806066513062,-0.5581516623497009,0.5100803675511729,0.5842187452471093,0.5397357186295475,0.4365888387961549,0.7562081611129545,0.5644365677228748,length_ratio_extreme;low_punc_jaccard,length_ratio_extreme;low_punc_jaccard,EN:length_ratio_extreme;EN:low_punc_jaccard;SP:length_ratio_extreme;SP:low_punc_jaccard
0:12:46.41,fansub,たとえ　どんな手を使ってもな,any way we can.,sea cual sea el precio.,0.0,0.0,0.0,0.0,1,1,2.0,2.5,0.5149388909339905,0.4019913971424103,-0.3588654398918152,-0.043064653873443604,0.44136445328625273,0.46513414387814006,0.45087232952300765,0.669224093485188,0.3303001630362303,0.5336545213056049,length_ratio_extreme;low_punc_jaccard,length_ratio_extreme;low_punc_jaccard,EN:length_ratio_extreme;EN:low_punc_jaccard;SP:length_ratio_extreme;SP:low_punc_jaccard
0:12:51.03,fansub,しくじんなよ　渚君,Just don't screw up Nagisa-kun.,No lo eches a perder Nagisa.,0.0,0.0,0.0,0.0,1,1,2.5,3.0,0.4976100027561188,0.6069417595863342,-0.5740827918052673,-0.9497336745262146,0.31638190741175726,0.4452609172510835,0.36793351134748775,0.2597337062937665,0.5649514432237072,0.3818208010657428,length_ratio_extreme;low_punc_jaccard,length_ratio_extreme;low_punc_jaccard,EN:length_ratio_extreme;EN:low_punc_jaccard;SP:length_ratio_extreme;SP:low_punc_jaccard
0:12:54.67,fansub,渚のやつ　E組行きだってよ,I heard Nagisa's headed for E Class.,Escuché que Nagisa es el representante de la clase E.,0.0,0.0,0.0,0.0,1,1,3.5,5.0,0.41728848218917847,0.3566115200519562,-0.3452877998352051,-0.2813778817653656,0.44924935664629906,0.35314607613306354,0.4108080444410048,0.5615916788560422,0.2783439423833446,0.44829258426696317,length_ratio_extreme;low_punc_jaccard,length_ratio_extreme;low_punc_jaccard,EN:length_ratio_extreme;EN:low_punc_jaccard;SP:length_ratio_extreme;SP:low_punc_jaccard
0:12:58.88,fansub,終わったな　あいつ,"Ooh. Well, that's it for him.","Bueno, hasta ahí llegó.",0.0,0.0,0.0,0.0,1,1,3.0,2.0,0.6955193877220154,0.7025865912437439,-0.17366622388362885,0.1215539276599884,0.5489146545356947,0.6722286268166082,0.59824024344806,0.7435728637150287,0.6744568957835558,0.7159264765424396,length_ratio_extreme;low_punc_jaccard,length_ratio_extreme;low_punc_jaccard,EN:length_ratio_extreme;EN:low_punc_jaccard;SP:length_ratio_extreme;SP:low_punc_jaccard
0:13:01.22,fansub,俺　あいつのアドレス消すわ,I better delete him from my address book.,Voy a borrar su información de contacto.,0.0,0.0,0.0,0.0,1,1,4.0,3.5,0.7971506118774414,0.7484050393104553,-0.00435711070895195,0.21154284477233887,0.6472370426525867,0.7887819988099188,0.7038550251155196,0.7842156955223212,0.7269152440726393,0.7612955149424485,length_ratio_extreme;low_punc_jaccard,length_ratio_extreme;low_punc_jaccard,EN:length_ratio_extreme;EN:low_punc_jaccard;SP:length_ratio_extreme;SP:low_punc_jaccard
0:13:03.49,fansub,俺も,Same.,"¡Yo igual, no quiero ni pensar que estámos al mismo nivel!",0.0,0.0,0.0,0.0,1,1,1.0,11.0,0.6014862060546875,0.46257326006889343,-0.010712232440710068,-0.05633221194148064,0.6435464513210064,0.5643888906167812,0.6118834270393163,0.6632318985754583,0.3996614050576052,0.557803701168317,low_punc_jaccard,length_ratio_extreme;low_punc_jaccard,EN:low_punc_jaccard;SP:length_ratio_extreme;SP:low_punc_jaccard
0:13:04.41,fansub,同じレベルだと思われたくないし,I don't want anybody to think I'm on his level!,,0.0,0.0,0.0,1.0,1,1,10.0,0.0,0.6007701754570007,0.152593195438385,0.037808965891599655,-0.4416588842868805,0.6717240254921267,0.563567727816625,0.628461506421926,0.48920194424846686,0.044759768725797726,0.31142507403939923,length_ratio_extreme;low_punc_jaccard,length_ratio_extreme,EN:length_ratio_extreme;EN:low_punc_jaccard;SP:length_ratio_extreme
0:13:15.85,fansub,ただ今　帰りました,I'm back!,¡Estoy de regreso!,0.0,0.0,0.0,0.0,1,1,1.0,1.5,0.6995733976364136,0.7609232664108276,-0.22716686129570007,0.37482061982154846,0.5178453852122903,0.6768778724548857,0.5814583801093285,0.8579589003761908,0.7412475827899404,0.8112743733416907,low_punc_jaccard,low_punc_jaccard,EN:low_punc_jaccard;SP:low_punc_jaccard
0:13:17.38,fansub,お…　おかえり　先生,"H-Hello, sir...","B-Bienvenido, maestro...",0.0,0.0,0.0,0.0,1,1,0.6666666666666666,0.6666666666666666,0.6807346940040588,0.6128674745559692,0.14549314975738525,0.03108987584710121,0.7342591479174572,0.6552731495896408,0.7026647485863307,0.7027154408187513,0.5717358986746284,0.6503236239611021,low_punc_jaccard,low_punc_jaccard,EN:low_punc_jaccard;SP:low_punc_jaccard
0:13:20.14,fansub,どうしたの　そのミサイル,What's with the missile?,¿Qué pasó con ese misil?,0.0,0.0,0.0,0.0,1,1,2.0,2.5,0.9524515867233276,0.683548092842102,0.22496405243873596,0.580814003944397,0.780410053742438,0.9668852583402231,0.8550001355815521,0.9509942955445464,0.6526593835980635,0.8316603307659534,length_ratio_extreme;low_punc_jaccard,length_ratio_extreme;low_punc_jaccard,EN:length_ratio_extreme;EN:low_punc_jaccard;SP:length_ratio_extreme;SP:low_punc_jaccard
0:13:22.24,fansub,お土産です,A souvenir.,Un regalo.,0.0,0.0,0.0,0.0,1,1,2.0,2.0,0.8431150913238525,0.8205704689025879,0.06304195523262024,0.25140705704689026,0.6863775058914813,0.8414952777841387,0.7484246146485443,0.8022200734679075,0.8095387156154444,0.8051475303269222,length_ratio_extreme;low_punc_jaccard,length_ratio_extreme;low_punc_jaccard,EN:length_ratio_extreme;EN:low_punc_jaccard;SP:length_ratio_extreme;SP:low_punc_jaccard
0:13:23.44,fansub,日本海で　自衛隊に待ち伏せされまして,The Self-Defense Force ambushed me over the Sea of Japan.,La fuerza de autodefensa estába esperando por mi en el mar de Japón.,0.0,0.0,0.0,0.0,1,1,5.0,6.5,0.7991005182266235,0.8939400911331177,-0.14756540954113007,0.11324670910835266,0.564072104420288,0.7910182029091707,0.6548505438158411,0.739820969623904,0.8935408885219495,0.8013089371831221,length_ratio_extreme;low_punc_jaccard,length_ratio_extreme;low_punc_jaccard,EN:length_ratio_extreme;EN:low_punc_jaccard;SP:length_ratio_extreme;SP:low_punc_jaccard
0:13:26.54,fansub,た…　大変ですね　ターゲットだと,"I-It must be tough, having everyone after your life.",D-Debe ser terrible ser un blanco.,0.0,0.0,0.0,0.0,1,1,3.0,2.0,0.36833250522613525,0.43275630474090576,-0.28192251920700073,-0.5047603845596313,0.48604729149009185,0.29700206879981245,0.41042920241398007,0.4607026162793202,0.3655234476733169,0.4226309488369189,length_ratio_extreme;low_punc_jaccard,length_ratio_extreme;low_punc_jaccard,EN:length_ratio_extreme;EN:low_punc_jaccard;SP:length_ratio_extreme;SP:low_punc_jaccard
0:13:29.39,fansub,いえいえ　皆から狙われるのは力を持つ者の証しですから,Not at all! You know you're truly powerful when everyone has it in for you.,No del todo. Sabes que eres poderoso cuando todos van tras de ti.,0.0,0.0,0.0,0.0,1,1,7.5,6.5,0.6343587040901184,0.662969172000885,-0.282494455575943,0.0648145079612732,0.4857151525485377,0.6020879395430594,0.5322642673463464,0.7179469225918661,0.629098214626774,0.6824074394058293,length_ratio_extreme;low_punc_jaccard,length_ratio_extreme;low_punc_jaccard,EN:length_ratio_extreme;EN:low_punc_jaccard;SP:length_ratio_extreme;SP:low_punc_jaccard
0:13:34.79,fansub,さっ　5時間目を始めますよ,"Now, I do believe it's time for fifth period.",Empecemos con el quinto periodo.,0.0,0.0,0.0,0.0,0,0,4.5,2.5,0.5575823187828064,0.6674684286117554,-0.045441072434186935,0.16152586042881012,0.6233784732325193,0.5140387531695907,0.5796425852073479,0.7616258928286845,0.634249492775509,0.7106753328074144,length_ratio_extreme;low_punc_jaccard;digits_mismatch,length_ratio_extreme;low_punc_jaccard;digits_mismatch,EN:length_ratio_extreme;EN:low_punc_jaccard;EN:digits_mismatch;SP:length_ratio_extreme;SP:low_punc_jaccard;SP:digits_mismatch
0:13:41.90,fansub,はい,"Yes, sir.",Si.,0.0,0.0,0.0,0.0,1,1,2.0,1.0,0.8588217496871948,0.9869241714477539,0.35735514760017395,0.1566392481327057,0.8572931487962382,0.8595080884159857,0.8581791246441373,0.7594188903662584,1.0,0.855651334219755,length_ratio_extreme;low_punc_jaccard,low_punc_jaccard,EN:length_ratio_extreme;EN:low_punc_jaccard;SP:low_punc_jaccard
0:13:43.87,fansub,先生には　分からないよね,He doesn't understand.,El maestro no lo entiende.,0.0,0.0,0.0,0.0,1,1,1.5,2.5,0.5709109902381897,0.8481171727180481,-0.1659158170223236,0.10534189641475677,0.5534155257362595,0.5293244256115571,0.5437790856863786,0.7362508191755675,0.841077422052285,0.7781814603262545,low_punc_jaccard,length_ratio_extreme;low_punc_jaccard,EN:low_punc_jaccard;SP:length_ratio_extreme;SP:low_punc_jaccard
0:13:46.59,fansub,みんなから　暗殺のターゲットにされるってことは,"If you're everyone's assassination target,","Si eres el blanco de asesinato de todos,",0.0,0.0,0.0,0.0,1,1,2.5,4.0,0.8563591837882996,0.8567897081375122,-0.4105401933193207,-0.5056408643722534,0.41135552425062527,0.8566839528055257,0.5894868956725854,0.4603049540550994,0.85100676062179,0.6165856766817757,length_ratio_extreme;low_punc_jaccard,length_ratio_extreme;low_punc_jaccard,EN:length_ratio_extreme;EN:low_punc_jaccard;SP:length_ratio_extreme;SP:low_punc_jaccard
0:13:49.89,fansub,裏を返せば　みんなに力を認められているってことだ,that means they all acknowledge your power.,significa que todos ya conocen tu poder.,0.0,0.0,0.0,0.0,1,1,3.5,3.5,0.7201845049858093,0.673196017742157,0.17749539017677307,-0.09912170469760895,0.7528437157775395,0.7005152347129092,0.7319123233516873,0.6439063392397965,0.6408071104630813,0.6426666477291103,length_ratio_extreme;low_punc_jaccard,length_ratio_extreme;low_punc_jaccard,EN:length_ratio_extreme;EN:low_punc_jaccard;SP:length_ratio_extreme;SP:low_punc_jaccard
0:13:55.11,fansub,分からないよね　そんな怪物に,A creature like that wouldn't understand what it's like,Una criatura como esa no podrá entender como se siente,0.0,0.0,0.0,1.0,1,1,4.5,5.0,0.6623784303665161,0.6496199369430542,-0.30484136939048767,-0.15334093570709229,0.4727376943828834,0.6342217016519296,0.5373312972905018,0.6194186227814691,0.613814440260673,0.6171769497731506,length_ratio_extreme;low_punc_jaccard,length_ratio_extreme,EN:length_ratio_extreme;EN:low_punc_jaccard;SP:length_ratio_extreme
0:13:58.31,fansub,期待も警戒もされなくなった　認識さえされない人間の気持ちなんて…,"for no one to expect or fear anything from you, or even acknowledge your existence...","ser indigno de las espectativas de otros o del miedo, o siquiera el ser reconocido…",0.0,0.0,0.0,0.5,1,1,7.5,7.5,0.5552620887756348,0.6699824333190918,-0.3476710021495819,-0.753217875957489,0.4478653665082521,0.511377852118922,0.47327036075252005,0.3484886197319716,0.6371278210494355,0.46394430025895717,length_ratio_extreme;low_punc_jaccard,length_ratio_extreme,EN:length_ratio_extreme;EN:low_punc_jaccard;SP:length_ratio_extreme
0:14:06.52,fansub,お前のおかげで　俺の評価まで　落とされたよ,"Thanks to you, my evaluation's in the gutter!","Gracias a ti, ¡mi evaluación esta en el caño!",0.0,0.0,0.0,0.0,1,1,2.6666666666666665,3.0,0.42451128363609314,0.5710554718971252,-0.7249780297279358,-0.7595667839050293,0.228752955432565,0.3614293755902129,0.2818235234956241,0.3456211822057515,0.5238646003070329,0.41691854944626405,length_ratio_extreme;low_punc_jaccard,length_ratio_extreme;low_punc_jaccard,EN:length_ratio_extreme;EN:low_punc_jaccard;SP:length_ratio_extreme;SP:low_punc_jaccard
0:14:10.32,fansub,唯一　よかったのは　もうお前を見ずに済むことだ,The only silver lining is I'll never have to see you again.,Lo único bueno es que no voy a poder verte nunca más.,0.0,0.0,0.0,0.0,1,1,4.0,4.0,0.6285058259963989,0.6660105586051941,-0.07073083519935608,0.19590646028518677,0.6086920229679331,0.5953757043677207,0.6033654955278482,0.7771536376025436,0.6325803517244404,0.7193243232513022,length_ratio_extreme;low_punc_jaccard,length_ratio_extreme;low_punc_jaccard,EN:length_ratio_extreme;EN:low_punc_jaccard;SP:length_ratio_extreme;SP:low_punc_jaccard
0:14:19.62,fansub,殺せるかもしれない,I might just be able to kill him.,Quizá logre asesinarlo.,0.0,0.0,0.0,0.0,1,1,8.0,3.0,0.8254801034927368,0.9141687750816345,-0.40048596262931824,-0.17582015693187714,0.4171942883524683,0.8212710079904958,0.5788249762076794,0.6092660480343232,0.9167010651053213,0.7322400548627225,length_ratio_extreme;low_punc_jaccard,length_ratio_extreme;low_punc_jaccard,EN:length_ratio_extreme;EN:low_punc_jaccard;SP:length_ratio_extreme;SP:low_punc_jaccard
0:14:21.63,fansub,だって　この先生にも僕の姿は　見えてないから,"After all, this teacher can't see me, either.","Después de todo, tampoco es que me note.",0.0,0.0,0.0,0.0,1,1,2.6666666666666665,2.6666666666666665,0.8687024116516113,0.596672534942627,-0.23654010891914368,-0.7034745812416077,0.5124020864230684,0.8708394925100423,0.655777048857858,0.37095481252051304,0.5531940270354924,0.4438504983265048,length_ratio_extreme;low_punc_jaccard,length_ratio_extreme;low_punc_jaccard,EN:length_ratio_extreme;EN:low_punc_jaccard;SP:length_ratio_extreme;SP:low_punc_jaccard
0:14:36.46,fansub,はい　それでは　お題に沿って短歌を作ってみましょう,"All right, then, compose a short poem to go along with our theme.","Muy bien, chicos. Compongan un poema corto con el tema que estamos utilizando.",0.0,0.0,0.0,0.0,1,1,4.333333333333333,4.333333333333333,0.7613362073898315,0.7749986052513123,0.4943290054798126,0.4163387715816498,0.9368375782943438,0.7477090938670493,0.8611861845234259,0.8767102679121366,0.7573626861672077,0.828971235214165,length_ratio_extreme;low_punc_jaccard,length_ratio_extreme;low_punc_jaccard,EN:length_ratio_extreme;EN:low_punc_jaccard;SP:length_ratio_extreme;SP:low_punc_jaccard
0:14:41.60,fansub,ラスト７文字を「触手なりけり」で締めてください,"The final line should be ""was tentacles all along.""",La linea final debe ser eran tentáculos todo el tiempo.,0.0,0.0,0.0,0.0,0,0,9.0,10.0,0.36530154943466187,0.3697720170021057,-0.7085239887237549,-1.0165115594863892,0.2383082627362849,0.2935260886490802,0.260395393101403,0.22957396625050502,0.29341162716531666,0.2551090306164297,length_ratio_extreme;low_punc_jaccard;digits_mismatch,length_ratio_extreme;low_punc_jaccard;digits_mismatch,EN:length_ratio_extreme;EN:low_punc_jaccard;EN:digits_mismatch;SP:length_ratio_extreme;SP:low_punc_jaccard;SP:digits_mismatch
0:14:46.65,fansub,「触手なりけり」ですか,"Huh? ""Was tentacles all along""?","¿""Eran tentáculos todo el tiempo""?",0.0,0.0,0.0,0.0,1,1,5.0,5.0,0.523398756980896,0.6136953234672546,-0.793310821056366,-0.6325832009315491,0.18907025256958995,0.4748361416900587,0.30337660821777745,0.40297238245005584,0.5726837174758177,0.4708569164603606,length_ratio_extreme;low_punc_jaccard,length_ratio_extreme;low_punc_jaccard,EN:length_ratio_extreme;EN:low_punc_jaccard;SP:length_ratio_extreme;SP:low_punc_jaccard
0:14:48.94,fansub,はい　書けた人は先生の所へ持ってきなさい,"Indeed! When you're finished, bring them to me.","¡Así es! Cuando terminen, entreguenlos.",0.0,0.0,0.0,0.0,1,1,4.0,2.5,0.522435188293457,0.5295721292495728,-0.0037852339446544647,-0.018780887126922607,0.6475691469801091,0.4737310956709689,0.5780339264564531,0.6801916779299942,0.4763695905757508,0.5986628429882969,length_ratio_extreme;low_punc_jaccard,length_ratio_extreme;low_punc_jaccard,EN:length_ratio_extreme;EN:low_punc_jaccard;SP:length_ratio_extreme;SP:low_punc_jaccard
0:14:52.72,fansub,チェックするのは　文法の正しさと触手を美しく表現できたか,I'll be looking for proper grammar and whether you've aptly  conveyed the tentacle's beauty.,Revisane la gramática......y qué tan bien expresen la belleza de los tentáculos.,0.0,0.0,0.0,0.0,1,1,7.0,6.0,0.6241647005081177,0.7262911796569824,0.07224974036216736,-0.04379478469491005,0.691724716128595,0.590397187006447,0.6511937044797358,0.6688943352757728,0.7015966966170651,0.6819752798122898,length_ratio_extreme;low_punc_jaccard,length_ratio_extreme;low_punc_jaccard,EN:length_ratio_extreme;EN:low_punc_jaccard;SP:length_ratio_extreme;SP:low_punc_jaccard
0:14:58.16,fansub,例文です,An example:,Un ejemplo:,0.0,0.0,0.0,0.0,1,1,2.0,2.0,0.6834293007850647,0.7020761966705322,0.47502401471138,0.6205207705497742,0.925626647238503,0.6583633958120219,0.8187213466679105,0.9689275643129542,0.6738725360460236,0.850905553006182,length_ratio_extreme;low_punc_jaccard,length_ratio_extreme;low_punc_jaccard,EN:length_ratio_extreme;EN:low_punc_jaccard;SP:length_ratio_extreme;SP:low_punc_jaccard
0:14:59.81,fansub,花さそふ　嵐の庭の雪ならではえゆくものは触手なりけり,Not the storm of garden's snow or flowers moving on but sprouting there instead Was tentacles all along.,La tormenta llega en destiempo o las flores tienen contratiempos pero germinando siempre están los tentaculos todo el tiempo.,0.0,0.0,0.0,0.0,1,1,9.0,9.5,0.7486276030540466,0.6663342714309692,-1.0835165977478027,-1.0356402397155762,0.020539897206017663,0.7331345307741235,0.30557775063326004,0.22093463867331353,0.632950976240911,0.38574117370035255,length_ratio_extreme;low_punc_jaccard;model_discrepancy,length_ratio_extreme;low_punc_jaccard,EN:length_ratio_extreme;EN:low_punc_jaccard;EN:model_discrepancy;SP:length_ratio_extreme;SP:low_punc_jaccard
0:15:08.22,fansub,「触手だったのだなぁ」って…,We have to write it was tentacles? Really?,¿Eran tentáculos? ¿En serio?,0.0,0.0,0.0,0.0,1,1,8.0,4.0,0.49333539605140686,0.4718852639198303,-0.674950897693634,-0.5604118704795837,0.25780506609583975,0.44035868538760176,0.3308265138125446,0.4355680324366605,0.4103228822986172,0.42546997238144313,length_ratio_extreme;low_punc_jaccard,length_ratio_extreme;low_punc_jaccard,EN:length_ratio_extreme;EN:low_punc_jaccard;SP:length_ratio_extreme;SP:low_punc_jaccard
0:15:10.51,fansub,できた者から　今日は　帰ってよし,"Once you're done, you're free to go home!",¡Una vez que terminen pueden irse a casa!,0.0,0.0,0.0,0.0,1,1,2.6666666666666665,2.6666666666666665,0.6670985221862793,0.7934823632240295,-0.09948104619979858,-0.035074349492788315,0.5919959966795452,0.6396348276108387,0.6110515290520626,0.6728328556244922,0.7785250662638045,0.7151097398802171,length_ratio_extreme;low_punc_jaccard,length_ratio_extreme;low_punc_jaccard,EN:length_ratio_extreme;EN:low_punc_jaccard;SP:length_ratio_extreme;SP:low_punc_jaccard
0:15:13.28,fansub,そんなの思い付かないよ,How are we gonna write about that?,¿Cómo se supone que escríbamos sobre eso?,0.0,0.0,0.0,0.0,1,1,7.0,7.0,0.41155752539634705,0.39635151624679565,-0.8870937824249268,-0.7675612568855286,0.1346079465924874,0.3465736635255862,0.21939423336572694,0.34201053734902187,0.32384296405165686,0.33474350803007585,low_qe_mix;length_ratio_extreme;low_punc_jaccard,length_ratio_extreme;low_punc_jaccard,EN:low_qe_mix;EN:length_ratio_extreme;EN:low_punc_jaccard;SP:length_ratio_extreme;SP:low_punc_jaccard
0:15:15.32,fansub,ほーら　ほら　ヌルヌル　素晴らしい句が湧いてきませんか,"Now, now...Aren't any marvelously  slithery phrases coming to mind?","Vamos, vamos. ¿No se les viene ninguna frase maravillosa y escurridiza a la mente?",0.0,0.0,0.0,0.0,1,1,2.25,3.5,0.604346752166748,0.7302206754684448,-0.2610175907611847,-0.17136278748512268,0.4981873496928939,0.5676694404465572,0.5259801859943593,0.6112791861244419,0.7060956455901526,0.6492057699107261,length_ratio_extreme;low_punc_jaccard,length_ratio_extreme;low_punc_jaccard,EN:length_ratio_extreme;EN:low_punc_jaccard;SP:length_ratio_extreme;SP:low_punc_jaccard
0:15:19.31,fansub,ヌルヌルヌルヌルヌルヌル…,Slither slither slither slither!,"¡Escurridiza, escurridiza, escurridiza!",0.0,0.0,0.0,0.0,1,1,4.0,3.0,0.566902756690979,0.8235125541687012,-1.11888587474823,-0.5876986384391785,0.0,0.5247276775201472,0.20989107100805887,0.42324416460567155,0.8129071608618054,0.5791093631081251,low_qe_mix;length_ratio_extreme;low_punc_jaccard;model_discrepancy,length_ratio_extreme;low_punc_jaccard,EN:low_qe_mix;EN:length_ratio_extreme;EN:low_punc_jaccard;EN:model_discrepancy;SP:length_ratio_extreme;SP:low_punc_jaccard
0:15:21.92,fansub,ヌルヌル　うるせえよ,Enough with the slithering!,¡Deja de repetirlo!,0.0,0.0,0.0,0.0,1,1,2.0,1.5,0.569487452507019,0.6039202213287354,-0.46182021498680115,-0.23465785384178162,0.3815758266401911,0.5276918749451014,0.4400222459621552,0.5826924354587641,0.5614920308478203,0.5742122736143866,length_ratio_extreme;low_punc_jaccard,low_punc_jaccard,EN:length_ratio_extreme;EN:low_punc_jaccard;SP:low_punc_jaccard
0:15:23.48,fansub,先生　質問,I have a question!,¡Tengo una pregunta!,0.0,0.0,0.0,0.0,1,1,2.0,1.5,0.3529166877269745,0.4394373595714569,0.27571168541908264,0.5390089750289917,0.809880578821377,0.2793228021522627,0.5976574681537312,0.9321133620537418,0.373172705036404,0.7085370992468066,length_ratio_extreme;low_punc_jaccard;model_discrepancy,low_punc_jaccard;model_discrepancy,EN:length_ratio_extreme;EN:low_punc_jaccard;EN:model_discrepancy;SP:low_punc_jaccard;SP:model_discrepancy
0:15:26.14,fansub,何ですか　茅野さん,"Yes, Kayano-san?","Ah. ¿Si, Kayano?",0.0,0.0,0.0,0.0,1,1,1.0,1.5,0.470990926027298,0.6028062701225281,0.027371853590011597,0.09977671504020691,0.6656629116672755,0.41473345703523523,0.5652911298144594,0.7337373459853022,0.5602166484894483,0.6643290669869606,low_punc_jaccard,low_punc_jaccard,EN:low_punc_jaccard;SP:low_punc_jaccard
0:15:28.14,fansub,いまさらなんだけどさ　先生の名前　何ていうの,"It feels weird to only ask this now, but... what's your name?","Es una pregunta extraña a estas alturas, pero... ¿Cual es su nombre?",0.0,0.0,0.0,0.0,1,1,4.0,4.0,0.5549417734146118,0.6728943586349487,-0.1383707970380783,0.07551199197769165,0.5694116649563874,0.5110105060032107,0.5460512013751168,0.7227783624801546,0.6404617356374768,0.6898517117430835,length_ratio_extreme;low_punc_jaccard,length_ratio_extreme;low_punc_jaccard,EN:length_ratio_extreme;EN:low_punc_jaccard;SP:length_ratio_extreme;SP:low_punc_jaccard
0:15:32.85,fansub,他の先生と区別するとき不便だよ,How else are we supposed to refer to you specifically?,¿De qué otro modo podemos referirnos a usted maestro?,0.0,0.0,0.0,0.0,1,1,10.0,9.0,0.3786070644855499,0.7299249172210693,-0.5663428902626038,-0.392814964056015,0.320876677889228,0.3087852047147992,0.3160400886194565,0.5112619411731262,0.7057570267629151,0.5890599754090418,length_ratio_extreme;low_punc_jaccard,length_ratio_extreme;low_punc_jaccard,EN:length_ratio_extreme;EN:low_punc_jaccard;SP:length_ratio_extreme;SP:low_punc_jaccard
0:15:35.85,fansub,名前…　ですか,My... name?,¿Mi... nombre?,0.0,0.0,0.0,0.0,1,1,1.0,1.0,0.7729742527008057,0.8656001687049866,0.23473629355430603,0.3352692127227783,0.7860850588601226,0.7610559115963185,0.776073399954601,0.8400957985849987,0.8610940121228201,0.8484950840001273,low_punc_jaccard,low_punc_jaccard,EN:low_punc_jaccard;SP:low_punc_jaccard
0:15:38.05,fansub,そういやぁ…,Now that you mention it...,Ahora que lo mencionas...,0.0,0.0,0.0,0.0,1,1,5.0,4.0,0.5658854246139526,0.7050948739051819,0.11923231184482574,0.1395595222711563,0.7190087680111518,0.5235609742259603,0.6408296504970752,0.7517049579423473,0.6773286727863387,0.7219544438799438,length_ratio_extreme;low_punc_jaccard,length_ratio_extreme;low_punc_jaccard,EN:length_ratio_extreme;EN:low_punc_jaccard;SP:length_ratio_extreme;SP:low_punc_jaccard
0:15:39.21,fansub,名乗ってないね,He never did tell us.,...el núnca nos lo ha dicho.,0.0,0.0,0.0,0.0,1,1,5.0,6.0,0.35598546266555786,0.4740329682826996,-0.5093879103660583,-0.6629067063331604,0.3539519774615578,0.28284215429972337,0.325508048196824,0.38927699451348885,0.4127818268557384,0.3986789274503887,length_ratio_extreme;low_punc_jaccard,length_ratio_extreme;low_punc_jaccard,EN:length_ratio_extreme;EN:low_punc_jaccard;SP:length_ratio_extreme;SP:low_punc_jaccard
0:15:41.90,fansub,名乗るような名前はありませんねぇ,Hmm... I don't really have the kind of name you tell people.,Hmm... En verdad no tengo el tipo de nombre para contarle a la gente.,0.0,0.0,0.0,0.0,1,1,12.0,14.0,0.7900338768959045,0.8214825987815857,-0.4753258526325226,-0.411905974149704,0.37373273703048576,0.7806203391765336,0.536487777888905,0.5026396270352596,0.8105830291811872,0.6258169878936306,length_ratio_extreme;low_punc_jaccard,length_ratio_extreme;low_punc_jaccard,EN:length_ratio_extreme;EN:low_punc_jaccard;SP:length_ratio_extreme;SP:low_punc_jaccard
0:15:44.42,fansub,何なら　皆さんで　付けてください,Go ahead and give me one.,"Adelante, denme uno.",0.0,0.0,0.0,0.0,1,1,2.0,1.0,0.6028971076011658,0.7305845022201538,-0.267438679933548,-0.5824189782142639,0.49445844928168614,0.5660069497729037,0.5230778494781732,0.4256286842710538,0.7065121972470364,0.5379820894614469,length_ratio_extreme;low_punc_jaccard,low_punc_jaccard,EN:length_ratio_extreme;EN:low_punc_jaccard;SP:low_punc_jaccard
0:15:46.82,fansub,付けていいんだ,You sure about that?,¿Está seguro de eso?,0.0,0.0,0.0,0.0,1,1,4.0,4.0,0.43475446105003357,0.41813018918037415,-0.4597083628177643,-0.4261784255504608,0.38280223639874505,0.3731765219759995,0.3789519506296468,0.49619357945103876,0.34877775032726926,0.437227247801531,length_ratio_extreme;low_punc_jaccard,length_ratio_extreme;low_punc_jaccard,EN:length_ratio_extreme;EN:low_punc_jaccard;SP:length_ratio_extreme;SP:low_punc_jaccard
0:15:48.07,fansub,でも　今は　課題に集中ですよ,"But right now, focus on your schoolwork.","Pero por ahora, concéntrence en su tarea.",0.0,0.0,0.0,0.0,1,1,2.3333333333333335,2.3333333333333335,0.6786348819732666,0.8470049500465393,0.5152837634086609,0.45999398827552795,0.9490065738276798,0.6528650296956339,0.8305499561748615,0.8964268250897836,0.8398040187237377,0.8737777025433652,length_ratio_extreme;low_punc_jaccard,length_ratio_extreme;low_punc_jaccard,EN:length_ratio_extreme;EN:low_punc_jaccard;SP:length_ratio_extreme;SP:low_punc_jaccard
0:15:50.90,fansub,はーい,"Yes, sir.",Si...,0.0,0.0,0.0,0.0,1,1,2.0,1.0,0.6751063466072083,0.8205040693283081,0.3416784703731537,-0.11878408491611481,0.8481892776944618,0.6488184121474402,0.7684409314756532,0.6350259699921695,0.809462693573215,0.7048006594245877,length_ratio_extreme;low_punc_jaccard,low_punc_jaccard,EN:length_ratio_extreme;EN:low_punc_jaccard;SP:low_punc_jaccard
0:15:52.25,fansub,では　先生は　その間　一休みを,"Meanwhile, I'll just take a little break.","Mientras tanto, tomaré un pequeño descanzo.",0.0,0.0,0.0,0.0,1,1,1.75,1.5,0.5945001244544983,0.5794579386711121,0.20499689877033234,0.18666093051433563,0.7688145867544977,0.5563770677317471,0.6838395791453975,0.7729779621582344,0.5334847325270391,0.6771806703057563,low_punc_jaccard,low_punc_jaccard,EN:low_punc_jaccard;SP:low_punc_jaccard
0:16:03.04,fansub,おっ　もうできましたか　渚君,"Finished already, Nagisa-kun?","¿Terminaste, Nagisa?",0.0,0.0,0.0,0.0,1,1,1.0,0.6666666666666666,0.5959504842758179,0.7612720727920532,0.07494859397411346,-0.3037330210208893,0.6932920135252252,0.5580403786795705,0.6391913595869633,0.5514951448166726,0.7416469373600721,0.6275558618340324,low_punc_jaccard,low_punc_jaccard,EN:low_punc_jaccard;SP:low_punc_jaccard
0:16:12.35,fansub,昼食の後で　僕らが眠くなるころに,"After lunch, right around the time we get sleepy,","Después del almuerzo, justo después empieza a sentirse adormilado,",0.0,0.0,0.0,0.0,1,1,4.5,4.5,0.9209188222885132,0.7529163360595703,0.14076635241508484,-0.19928383827209473,0.7315141686654539,0.9307226512901716,0.8111975617153411,0.5986688491248201,0.7320803071877391,0.6520334323499877,length_ratio_extreme;low_punc_jaccard,length_ratio_extreme;low_punc_jaccard,EN:length_ratio_extreme;EN:low_punc_jaccard;SP:length_ratio_extreme;SP:low_punc_jaccard
0:16:15.22,fansub,先生の顔が薄いピンクになるときがある,his face sometimes goes light pink.,y su cara se pone de un color rosado.,0.0,0.0,0.0,0.0,1,1,6.0,9.0,0.7024931907653809,0.7581660747528076,0.37172195315361023,0.13876892626285553,0.8656363419365125,0.680226368328394,0.7914723524932651,0.7513478910765157,0.7380908254924087,0.7460450648428729,length_ratio_extreme;low_punc_jaccard,length_ratio_extreme;low_punc_jaccard,EN:length_ratio_extreme;EN:low_punc_jaccard;SP:length_ratio_extreme;SP:low_punc_jaccard
0:16:19.51,fansub,茅野の質問への反応も少し遅れた,"He was a little slow responding to Kayano's question, too.",Además estuvo un poco lento al responderle a Kayano.,0.0,0.0,0.0,0.0,1,1,10.0,9.0,0.6638157367706299,0.5772128701210022,0.3993246555328369,0.2587782144546509,0.881665978885856,0.6358700425961541,0.7833476043699752,0.8055492024358076,0.5309143139968642,0.6956952470602302,length_ratio_extreme;low_punc_jaccard,length_ratio_extreme;low_punc_jaccard,EN:length_ratio_extreme;EN:low_punc_jaccard;SP:length_ratio_extreme;SP:low_punc_jaccard
0:16:22.79,fansub,たぶん　先生も一番　油断する時間なんだ,That might be when he's at his most vulnerable.,Eso significa qué es cuando esta más vulnerable.,0.0,0.0,0.0,0.0,1,1,3.0,2.6666666666666665,0.30455806851387024,0.1377609223127365,-0.09331253170967102,-0.8466344475746155,0.5955782201312578,0.22386386046316098,0.44689247626401907,0.30629771300610675,0.02777803795195731,0.19488984298444698,length_ratio_extreme;low_punc_jaccard,low_qe_mix;length_ratio_extreme;low_punc_jaccard,EN:length_ratio_extreme;EN:low_punc_jaccard;SP:low_qe_mix;SP:length_ratio_extreme;SP:low_punc_jaccard
0:16:29.41,fansub,この進学校で　落ちこぼれた僕らは思う,"We prep-school failures are always thinking,","Nosotros, los perdedores de la secundaria, siempre pensamos,",0.0,0.0,0.0,0.0,1,1,3.0,4.0,0.5849969387054443,0.6794873476028442,-0.459262877702713,-0.6977239847183228,0.38306094167196436,0.5454785633308052,0.4480279903355007,0.37355202709745555,0.6480101648431187,0.4833352821957208,length_ratio_extreme;low_punc_jaccard,length_ratio_extreme;low_punc_jaccard,EN:length_ratio_extreme;EN:low_punc_jaccard;SP:length_ratio_extreme;SP:low_punc_jaccard
0:16:33.38,fansub,どこかで見返さなきゃ,We gotta get back at 'em somehow.," ""Tenemos que vengarnos de ellos de alguna manera.""",0.0,0.0,0.0,0.0,1,1,7.0,8.0,0.6095563173294067,0.5214993953704834,-0.2912079691886902,0.007958639413118362,0.48065497916962185,0.5736439073623366,0.5178505504467078,0.6922683882032904,0.4671269753553975,0.6022118230641332,length_ratio_extreme;low_punc_jaccard,length_ratio_extreme;low_punc_jaccard,EN:length_ratio_extreme;EN:low_punc_jaccard;SP:length_ratio_extreme;SP:low_punc_jaccard
0:16:35.44,fansub,やればできると　親や　友達や　先生たちを,"""We'll show our parents, friends, and teachers that we can do it if we try.""","Es lo que nuestros padres, amigos y maestros siempre dicen.",0.0,0.0,0.0,0.0,1,1,3.75,2.5,0.7206633687019348,0.5464545488357544,0.0379004143178463,-0.07308600842952728,0.6717771320703227,0.701064408269594,0.6834920425500313,0.6556651697532061,0.4956985701458335,0.5916785299102572,length_ratio_extreme;low_punc_jaccard,length_ratio_extreme;low_punc_jaccard,EN:length_ratio_extreme;EN:low_punc_jaccard;SP:length_ratio_extreme;SP:low_punc_jaccard
0:16:41.16,fansub,やればできると…,We can do it if we try.,Puedes hacerlo si lo intentas.,0.0,0.0,0.0,0.0,1,1,7.0,5.0,0.6485413908958435,0.7650553584098816,-0.03949369490146637,-0.2371479868888855,0.6268322764631022,0.6183530193437738,0.623440573615371,0.5815677852033903,0.7459784877069577,0.6473320662048172,length_ratio_extreme;low_punc_jaccard,length_ratio_extreme;low_punc_jaccard,EN:length_ratio_extreme;EN:low_punc_jaccard;SP:length_ratio_extreme;SP:low_punc_jaccard
0:16:46.92,fansub,言ったでしょう もっと　工夫を…,Didn't I tell you to be more inventive?,¡Te lo dije: se más original!,0.0,0.0,0.0,0.0,1,1,2.6666666666666665,2.0,0.6415963768959045,0.730821967124939,0.013458270579576492,0.10410736501216888,0.6575829171342157,0.6103882938673227,0.6387050678274585,0.7356932521576918,0.706784074999498,0.7241295812944142,length_ratio_extreme;low_punc_jaccard,length_ratio_extreme;low_punc_jaccard,EN:length_ratio_extreme;EN:low_punc_jaccard;SP:length_ratio_extreme;SP:low_punc_jaccard
0:16:50.09,fansub,認めさせなきゃ…,We have to prove ourselves...,Tenemos que probarnos a nosotros mismos...,0.0,0.0,0.0,0.0,1,1,5.0,6.0,0.5504395961761475,0.518184244632721,-0.0950922966003418,-0.3230578303337097,0.5945446624505392,0.5058472902413691,0.5590657135668711,0.542767236982996,0.46333140087895197,0.5109929025413784,length_ratio_extreme;low_punc_jaccard,length_ratio_extreme;low_punc_jaccard,EN:length_ratio_extreme;EN:low_punc_jaccard;SP:length_ratio_extreme;SP:low_punc_jaccard
0:16:52.92,fansub,どんな手を使っても…,by any means necessary.,...por cualquier medio necesario.,0.0,0.0,0.0,0.0,1,1,4.0,4.0,0.5110604763031006,0.832522451877594,0.13231652975082397,0.06888305395841599,0.7266071277629526,0.4606862755485498,0.6202387868771915,0.719784451433953,0.8232227514591549,0.7611597714440338,length_ratio_extreme;low_punc_jaccard,length_ratio_extreme;low_punc_jaccard,EN:length_ratio_extreme;EN:low_punc_jaccard;SP:length_ratio_extreme;SP:low_punc_jaccard
0:17:02.59,fansub,しゃーっ,Hell yeah!,¡Siii!,0.0,0.0,0.0,0.0,1,1,2.0,1.0,0.7788326144218445,0.844497561454773,0.12904347479343414,0.09728081524372101,0.7247063760915622,0.7677744355402923,0.7419335998710543,0.7326100912200316,0.836933265357071,0.7743393608748474,length_ratio_extreme;low_punc_jaccard,low_punc_jaccard,EN:length_ratio_extreme;EN:low_punc_jaccard;SP:low_punc_jaccard
0:17:03.85,fansub,やったぜー,We did it!,¡Lo hicimos!,0.0,0.0,0.0,0.0,1,1,3.0,2.0,0.6274900436401367,0.6788132190704346,0.08466747403144836,0.3064207136631012,0.6989360304309953,0.5942107783342351,0.6570459295922912,0.8270665864019978,0.6472383432115072,0.7551352891258016,length_ratio_extreme;low_punc_jaccard,length_ratio_extreme;low_punc_jaccard,EN:length_ratio_extreme;EN:low_punc_jaccard;SP:length_ratio_extreme;SP:low_punc_jaccard
0:17:04.91,fansub,100億円いただき,Ten billion yen! Cha-ching!,¡10 billones de yenes! ¡Genial!,0.0,0.0,0.0,0.0,0,0,4.0,5.0,0.5228985548019409,0.5897852182388306,-0.28200438618659973,-0.0010650046169757843,0.48599974911749794,0.4742624966206413,0.4813048481187553,0.6881929258200047,0.5453086168203989,0.6310392022201624,length_ratio_extreme;low_punc_jaccard;digits_mismatch,length_ratio_extreme;low_punc_jaccard;digits_mismatch,EN:length_ratio_extreme;EN:low_punc_jaccard;EN:digits_mismatch;SP:length_ratio_extreme;SP:low_punc_jaccard;SP:digits_mismatch
0:17:04.97,fansub,渚,Nagisa!,¡Nagisa!,0.0,0.0,0.0,0.0,1,1,1.0,1.0,0.6476224064826965,0.6706982254981995,-0.3270447850227356,-0.5043678283691406,0.45984356949864136,0.6172991037479352,0.5228257831983589,0.4608799113922851,0.6379473441240617,0.5317068844849957,low_punc_jaccard,low_punc_jaccard,EN:low_punc_jaccard;SP:low_punc_jaccard
0:17:07.35,fansub,ざまあみろ,Serves you right!,¡Bien echo!,0.0,0.0,0.0,0.0,1,1,3.0,2.0,0.6474286913871765,0.7986372113227844,-0.9606279134750366,-0.42868879437446594,0.09190468486381698,0.6170769461602795,0.30197358938240204,0.49505978985602755,0.7844269426553417,0.6108066509757533,length_ratio_extreme;low_punc_jaccard;model_discrepancy,length_ratio_extreme;low_punc_jaccard,EN:length_ratio_extreme;EN:low_punc_jaccard;EN:model_discrepancy;SP:length_ratio_extreme;SP:low_punc_jaccard
0:17:08.41,fansub,寺坂　何やったんだ,Terasaka! What have you done?!,¡Terasaka! ¡¿Qué has echo?!,0.0,0.0,0.0,0.0,1,1,2.5,2.0,0.6940606832504272,0.7597782015800476,0.03356841579079628,0.14907869696617126,0.6692614231842985,0.6705557460034705,0.6697791523119673,0.7560042231017524,0.7399365778947248,0.7495771650189413,length_ratio_extreme;low_punc_jaccard,length_ratio_extreme;low_punc_jaccard,EN:length_ratio_extreme;EN:low_punc_jaccard;SP:length_ratio_extreme;SP:low_punc_jaccard
0:17:10.88,fansub,こいつも自爆テロは予想してなかったろ,Bet he never expected a suicide bomber!,¡El no esperába un acto suicida!,0.0,0.0,0.0,0.0,1,1,7.0,6.0,0.6941525340080261,0.6468219757080078,-0.18395468592643738,-0.20377779006958008,0.5429398659426242,0.6706610828781097,0.5940283527168184,0.5966391888853569,0.6106110051562428,0.6022279153937112,length_ratio_extreme;low_punc_jaccard,length_ratio_extreme;low_punc_jaccard,EN:length_ratio_extreme;EN:low_punc_jaccard;SP:length_ratio_extreme;SP:low_punc_jaccard
0:17:13.29,fansub,ちょっと　渚に　何　持たせたのよ,Hey! What'd you give Nagisa?!,¡Oye!¡¿Qué le has dado a Nagisa?!,0.0,0.0,0.0,0.0,1,1,1.25,1.5,0.5181142091751099,0.6042119860649109,-0.17268389463424683,-0.16904766857624054,0.5494851197392816,0.46877568269881137,0.5172013449230934,0.6123247925329522,0.5618260774337388,0.5921253064932669,low_punc_jaccard,low_punc_jaccard,EN:low_punc_jaccard;SP:low_punc_jaccard
0:17:16.81,fansub,おもちゃの手榴弾だよ,Huh? A toy grenade.,¿Eh? Una granada de juguete.,0.0,0.0,0.0,0.0,1,1,4.0,5.0,0.9091575145721436,0.8212859630584717,-0.10065516829490662,-0.2642371952533722,0.5913141521753292,0.9172344729789726,0.7216822804967866,0.5693331437088609,0.8103578974780319,0.6657430452165293,length_ratio_extreme;low_punc_jaccard,length_ratio_extreme;low_punc_jaccard,EN:length_ratio_extreme;EN:low_punc_jaccard;SP:length_ratio_extreme;SP:low_punc_jaccard
0:17:19.19,fansub,ただし　火薬を使って威力を上げてある,But I beefed it up with gunpowder,¡Pero le vacié la polvora,0.0,0.0,1.0,0.0,1,1,3.5,2.5,0.6203199625015259,0.42513197660446167,-0.10140717029571533,-0.7944787740707397,0.5908774442438908,0.5859879399190184,0.5889216425139419,0.32985343891141555,0.3567942200864396,0.34062975138142515,length_ratio_extreme,length_ratio_extreme;low_punc_jaccard,EN:length_ratio_extreme;SP:length_ratio_extreme;SP:low_punc_jaccard
0:17:22.74,fansub,300発の対先生弾がすげえ速さで飛び散るようにな,so it'd shoot three hundred anti-teacher bullets at crazy-high speed!,y entonces explotó con 300 balas anti-maestro a una increible velocidad!,0.0,0.12126781251816648,0.0,0.0,0,1,10.0,11.0,0.6412480473518372,0.7497804164886475,-0.32701751589775085,-0.4808349609375,0.45985940541816206,0.6099888203466274,0.5199111713895482,0.4715083576905484,0.7284899376313869,0.5743009896668838,length_ratio_extreme;low_punc_jaccard;digits_mismatch,length_ratio_extreme;low_punc_jaccard,EN:length_ratio_extreme;EN:low_punc_jaccard;EN:digits_mismatch;SP:length_ratio_extreme;SP:low_punc_jaccard
0:17:27.94,fansub,人間が死ぬ威力じゃねえよ,"Nothin' strong enough to kill human beings, all right?",No son tan fuertes como para matar a alguien.,0.0,0.0,0.0,0.0,1,1,9.0,9.0,0.712306797504425,0.568229079246521,-0.18765756487846375,-0.3445238471031189,0.5407895038348539,0.6914808717190315,0.601066050988525,0.5330722685676924,0.5206286135741076,0.5280948065702585,length_ratio_extreme;low_punc_jaccard,length_ratio_extreme;low_punc_jaccard,EN:length_ratio_extreme;EN:low_punc_jaccard;SP:length_ratio_extreme;SP:low_punc_jaccard
0:17:30.42,fansub,俺の100億で　治療費くらい…,My ten billion yen'll cover his medical bills no prob—,Mis diez billones de llenes van a cubrir sus gastos medi-,0.0,0.0,0.0,0.0,0,0,5.0,5.5,0.5676245093345642,0.6528984308242798,-0.017607081681489944,-0.7591528296470642,0.6395424256052731,0.5255554025136618,0.5939476163686286,0.34580814159833295,0.6175680456563546,0.4545121032215416,length_ratio_extreme;low_punc_jaccard;digits_mismatch,length_ratio_extreme;low_punc_jaccard;digits_mismatch,EN:length_ratio_extreme;EN:low_punc_jaccard;EN:digits_mismatch;SP:length_ratio_extreme;SP:low_punc_jaccard;SP:digits_mismatch
0:17:35.59,fansub,無傷　やけど一つ負ってねえのか,He's not hurt? Not even a single burn?,¿No está herido? ¿Ni una sola quemadura?,0.0,0.0,0.0,0.0,1,1,4.0,3.5,0.6282663941383362,0.8541110754013062,-0.5261450409889221,-0.4044107496738434,0.34422065780644373,0.5951011175893782,0.44457284171961753,0.5060247899809364,0.847939946817668,0.642790852715629,length_ratio_extreme;low_punc_jaccard,length_ratio_extreme;low_punc_jaccard,EN:length_ratio_extreme;EN:low_punc_jaccard;SP:length_ratio_extreme;SP:low_punc_jaccard
0:17:38.56,fansub,それに　何だ　この膜,And what's with this membrane?,¿Y... esta membrana...,0.0,0.0,0.0,0.0,1,1,1.6666666666666667,1.0,0.8964695334434509,0.9104133248329163,-0.17641593515872955,-0.24712827801704407,0.5473178227164829,0.9026835611246096,0.6894641180797336,0.5770602602022489,0.9124013839628533,0.7111967097064906,low_punc_jaccard,low_punc_jaccard,EN:low_punc_jaccard;SP:low_punc_jaccard
0:17:40.89,fansub,タコの死体に　つながっ…,It's attached to that octopus's corpse?,está adherida al cadaver del pulpo?,0.0,0.0,0.0,0.0,1,1,3.0,3.0,0.59555584192276,0.7915608286857605,-0.4119117856025696,-0.43490180373191833,0.4105590034592571,0.5575877924063802,0.46937051903810634,0.492253729927372,0.7763250675228769,0.605882264965574,length_ratio_extreme;low_punc_jaccard,length_ratio_extreme;low_punc_jaccard,EN:length_ratio_extreme;EN:low_punc_jaccard;SP:length_ratio_extreme;SP:low_punc_jaccard
0:17:41.77,fansub,実は　先生　月に１度ほど　脱皮をします,"As it happens, I shed my skin about once a month.",Como sucede. Cambio mi piel una vez al mes.,0.0,0.0,0.0,0.0,0,0,2.75,2.25,0.5581769943237305,0.533793032169342,0.25214582681655884,-0.3297263979911804,0.7961952463996388,0.5147207427856032,0.6836054449540245,0.5397554275025046,0.4812021766803102,0.5163341271736268,length_ratio_extreme;low_punc_jaccard;digits_mismatch,length_ratio_extreme;low_punc_jaccard;digits_mismatch,EN:length_ratio_extreme;EN:low_punc_jaccard;EN:digits_mismatch;SP:length_ratio_extreme;SP:low_punc_jaccard;SP:digits_mismatch
0:17:45.94,fansub,脱いだ皮を渚君にかぶせて守りました,I protected Nagisa-kun there by covering him with my old skin.,Protegi a Nagisa cubriéndolo con mi vieja piel.,0.0,0.0,0.0,0.0,1,1,11.0,8.0,0.6260268688201904,0.6225109696388245,-0.1686520278453827,-0.36885860562324524,0.5518265339952367,0.592532770807536,0.5681090287201565,0.5220816540637999,0.5827769060663218,0.5463597548648087,length_ratio_extreme;low_punc_jaccard,length_ratio_extreme;low_punc_jaccard,EN:length_ratio_extreme;EN:low_punc_jaccard;SP:length_ratio_extreme;SP:low_punc_jaccard
0:17:51.51,fansub,月1で使える　先生の奥の手です,It's my once-monthly ace-in-the-hole.,Cada mes es mi as bajo la manga.,0.0,0.0,0.0,0.0,0,0,2.0,4.0,0.4293398857116699,0.4721665382385254,-0.796689510345459,-0.8814335465431213,0.1871081561804496,0.36696694397629953,0.2590516712987896,0.29058095618974766,0.41064491822077237,0.3386065410021576,length_ratio_extreme;low_punc_jaccard;digits_mismatch,length_ratio_extreme;low_punc_jaccard;digits_mismatch,EN:length_ratio_extreme;EN:low_punc_jaccard;EN:digits_mismatch;SP:length_ratio_extreme;SP:low_punc_jaccard;SP:digits_mismatch
0:17:58.21,fansub,寺坂　吉田　村松,"Terasaka, Yoshida, Muramatsu.","Terasaka, Yoshida, Muramatsu.",0.0,0.0,0.0,0.0,1,1,1.0,1.0,0.7486397624015808,0.7486397624015808,-0.29794085025787354,-0.29794085025787354,0.47674501275838593,0.7331484754350102,0.5793063978290356,0.5541111360928701,0.7271839826743446,0.6233402747254599,low_punc_jaccard,low_punc_jaccard,EN:low_punc_jaccard;SP:low_punc_jaccard
0:18:03.80,fansub,先生の顔は　顔色を見るまでもなく…,You don't have to look at the color of his face to know.,No hay necesidad de verle el color del rostro para saberlo.,0.0,0.0,0.0,0.0,1,1,6.5,5.5,0.36132320761680603,0.3959198594093323,0.008033327758312225,0.1726500689983368,0.6544325058918274,0.28896362118235003,0.5082449520080364,0.7666500597193256,0.3233487525347576,0.5893295368454984,length_ratio_extreme;low_punc_jaccard,length_ratio_extreme;low_punc_jaccard,EN:length_ratio_extreme;EN:low_punc_jaccard;SP:length_ratio_extreme;SP:low_punc_jaccard
0:18:12.76,fansub,真っ黒,Pitch black! He is furious!,¡Negro puro! ¡Está furioso!,0.0,0.0,0.0,0.0,1,1,5.0,4.0,0.5534839630126953,0.7518293261528015,-0.6256940364837646,-0.6337137222290039,0.286409859626948,0.5093386505327852,0.3755813759892829,0.40246179083031614,0.7308357703976684,0.533811382657257,length_ratio_extreme;low_punc_jaccard,length_ratio_extreme;low_punc_jaccard,EN:length_ratio_extreme;EN:low_punc_jaccard;SP:length_ratio_extreme;SP:low_punc_jaccard
0:18:14.56,fansub,ど怒りだ,,,0.0,0.0,1.0,1.0,1,1,0.0,0.0,0.6733911037445068,0.6733911037445068,-0.4653211534023285,-0.4653211534023285,0.3795427368719535,0.6468513263320654,0.4864661726559983,0.47851505463252264,0.641030467863635,0.5435212199249676,length_ratio_extreme,length_ratio_extreme,EN:length_ratio_extreme;SP:length_ratio_extreme
0:18:15.66,fansub,首謀者は　君ら３人だろ,"You three...are responsible for this, aren't you?",Ustedes tres...están detras de todo esto ¿verdad?,0.0,0.0,0.0,0.0,0,0,3.5,3.5,0.7850824594497681,0.7978687286376953,-0.1926986277103424,0.0028747878968715668,0.5378620221005055,0.7749419228798733,0.6326939824122526,0.689972304099399,0.7835470932922678,0.7274022197765465,length_ratio_extreme;low_punc_jaccard;digits_mismatch,length_ratio_extreme;low_punc_jaccard;digits_mismatch,EN:length_ratio_extreme;EN:low_punc_jaccard;EN:digits_mismatch;SP:length_ratio_extreme;SP:low_punc_jaccard;SP:digits_mismatch
0:18:19.59,fansub,いっ　いや…,N-No!,¡N-No!,0.0,0.0,0.0,0.0,1,1,0.5,0.5,0.8044813871383667,0.8488514423370361,0.4771154224872589,0.48002395033836365,0.9268411843841703,0.7971891254886185,0.8749803608259497,0.905473209970823,0.8419181002733126,0.8800511660918189,low_punc_jaccard,low_punc_jaccard,EN:low_punc_jaccard;SP:low_punc_jaccard
0:18:20.82,fansub,渚が勝手に…,It was all Nagisa's idea!,¡Todo fué idea de Nagisa!,0.0,0.0,0.0,0.0,1,1,5.0,5.0,0.4131154417991638,0.4534158706665039,-0.031371887773275375,0.14988230168819427,0.6315488298588114,0.34836032320169413,0.5182734271959645,0.7563671652573509,0.3891769486222873,0.6094910786033254,length_ratio_extreme;low_punc_jaccard,length_ratio_extreme;low_punc_jaccard,EN:length_ratio_extreme;EN:low_punc_jaccard;SP:length_ratio_extreme;SP:low_punc_jaccard
0:18:29.08,fansub,いなく…,He's gone!,¡Se fué!,0.0,0.0,0.0,0.0,1,1,2.0,2.0,0.37926697731018066,0.5931589603424072,-0.4119980037212372,-0.3830813467502594,0.41050893426234625,0.30954201017071614,0.3701221646256942,0.5156580577586882,0.5491712735836591,0.5290633440886766,length_ratio_extreme;low_punc_jaccard,length_ratio_extreme;low_punc_jaccard,EN:length_ratio_extreme;EN:low_punc_jaccard;SP:length_ratio_extreme;SP:low_punc_jaccard
0:18:34.05,fansub,俺らんちの表札,The nameplates from our houses?!,¡¿Las placas de sus casas?!,0.0,0.0,0.0,0.0,1,1,5.0,5.0,0.5489588379859924,0.468220978975296,-0.39174968004226685,-0.6271700859069824,0.42226768429150857,0.504149117641329,0.4550202576314367,0.40541717599304644,0.4061275779187973,0.40570133676334674,length_ratio_extreme;low_punc_jaccard,length_ratio_extreme;low_punc_jaccard,EN:length_ratio_extreme;EN:low_punc_jaccard;SP:length_ratio_extreme;SP:low_punc_jaccard
0:18:36.21,fansub,政府との契約ですから　先生は　決して君たちに危害は加えない,My agreement with your government prohibits me from harming you.,Mi contrato con el gobierno no me permite lastimarlos.,0.0,0.0,0.0,0.0,1,1,3.3333333333333335,3.0,0.4573199450969696,0.5237143635749817,0.20616093277931213,0.07634948194026947,0.7694905728338418,0.39905521504683594,0.6213164297190394,0.7231566086551457,0.4696629314696605,0.6217591377809516,length_ratio_extreme;low_punc_jaccard,length_ratio_extreme;low_punc_jaccard,EN:length_ratio_extreme;EN:low_punc_jaccard;SP:length_ratio_extreme;SP:low_punc_jaccard
0:18:41.67,fansub,が　しかし…,But if you try another assassination like that one...,Pero si intentan otro asesinato igual que este...,0.0,0.0,0.0,0.0,1,1,4.5,4.0,0.47981980443000793,0.4802579879760742,-0.2062413990497589,-0.017422933131456375,0.5299973679490265,0.42485864796259276,0.48794187995445304,0.6808049878531581,0.419908961557158,0.576446577334758,length_ratio_extreme;low_punc_jaccard,length_ratio_extreme;low_punc_jaccard,EN:length_ratio_extreme;EN:low_punc_jaccard;SP:length_ratio_extreme;SP:low_punc_jaccard
0:18:44.55,fansub,次　また　今のような方法で暗殺に来たら,,,0.0,0.0,1.0,1.0,1,1,0.0,0.0,0.28107237815856934,0.28107237815856934,-0.6206687092781067,-0.6206687092781067,0.2893282032569173,0.19692985049477912,0.25236886215206206,0.4083534748765341,0.19185784819848317,0.3217552242053138,length_ratio_extreme,length_ratio_extreme,EN:length_ratio_extreme;SP:length_ratio_extreme
0:18:49.23,fansub,君たち以外には何をするか分かりませんよ,I might just harm someone else.,Tal vez dañe a alguien mas,0.0,0.0,0.0,1.0,1,1,6.0,6.0,0.3656936287879944,0.3447015881538391,-0.3980129659175873,-0.47409874200820923,0.4186304245293305,0.2939757356064953,0.36876854896019645,0.4745507213698274,0.2647080515582992,0.3906136534452161,length_ratio_extreme;low_punc_jaccard,length_ratio_extreme,EN:length_ratio_extreme;EN:low_punc_jaccard;SP:length_ratio_extreme
0:18:53.19,fansub,家族や友人…　いいや,"Your family, your friends...","Su familia, sus amigos...",0.0,0.0,0.0,0.0,1,1,2.0,2.0,0.8742405772209167,0.8590546250343323,-0.19333696365356445,-0.03978600353002548,0.5374913231275937,0.8771908070506667,0.6733711166968229,0.6707048717714307,0.8535999038737444,0.7438628846123562,length_ratio_extreme;low_punc_jaccard,length_ratio_extreme;low_punc_jaccard,EN:length_ratio_extreme;EN:low_punc_jaccard;SP:length_ratio_extreme;SP:low_punc_jaccard
0:18:56.33,fansub,君たち以外を地球ごと消しますかね,Maybe I'll kill everyone on the planet except you.,O inclusive acabar con todos en el planeta menos a ustedes.,0.0,0.0,0.0,0.0,1,1,9.0,11.0,0.6350254416465759,0.8385875225067139,-0.022193055599927902,-0.47334736585617065,0.6368792263300078,0.60285257178168,0.6232685645106767,0.4748900748763618,0.8301667576593871,0.6170007479895719,length_ratio_extreme;low_punc_jaccard,length_ratio_extreme;low_punc_jaccard,EN:length_ratio_extreme;EN:low_punc_jaccard;SP:length_ratio_extreme;SP:low_punc_jaccard
0:19:01.61,fansub,5秒間で　皆　悟った,It only took five seconds for everyone to understand.,Solo tomó cinco segundos para que todos entendieran...,0.0,0.0,0.0,0.0,0,0,3.0,2.6666666666666665,0.743791937828064,0.8853667378425598,0.37588563561439514,0.48368921875953674,0.868054305123659,0.72758886218061,0.8118681279464394,0.9071286014651371,0.8837251053189344,0.8977672030066559,length_ratio_extreme;low_punc_jaccard;digits_mismatch,length_ratio_extreme;low_punc_jaccard;digits_mismatch,EN:length_ratio_extreme;EN:low_punc_jaccard;EN:digits_mismatch;SP:length_ratio_extreme;SP:low_punc_jaccard;SP:digits_mismatch
0:19:04.61,fansub,地球の裏でも　逃げられないと,Nowhere on this planet was safe.,...que ningún lugar de este planeta es seguro.,0.0,0.0,0.0,0.0,1,1,3.0,4.0,0.5504042506217957,0.6554613709449768,-0.35394924879074097,-0.3088970482349396,0.44421941862410746,0.5058067550261446,0.4688543531849223,0.5491628499492182,0.6205024009470408,0.5776986703483472,length_ratio_extreme;low_punc_jaccard,length_ratio_extreme;low_punc_jaccard,EN:length_ratio_extreme;EN:low_punc_jaccard;SP:length_ratio_extreme;SP:low_punc_jaccard
0:19:07.99,fansub,どうしても逃げたければ,Our only escape from this situation...,Si de verdad queremos escapar...,0.0,0.0,0.0,0.0,1,1,6.0,5.0,0.5506063103675842,0.7815753817558289,-0.21930940449237823,0.26183465123176575,0.5224084232138588,0.5060384824791146,0.5158604469199611,0.8069296196010327,0.7648925534379425,0.7901147931357966,length_ratio_extreme;low_punc_jaccard,length_ratio_extreme;low_punc_jaccard,EN:length_ratio_extreme;EN:low_punc_jaccard;SP:length_ratio_extreme;SP:low_punc_jaccard
0:19:12.34,fansub,この先生を殺すしか…,was to kill him!,...todo lo que podemos hacer es asesinarlo.,0.0,0.0,0.0,0.0,1,1,4.0,7.0,0.650676965713501,0.6293684244155884,-0.5426047444343567,0.13488616049289703,0.33466206216970856,0.6208021529462711,0.44911809848033357,0.7495942685060994,0.5906281268351343,0.6860078118377133,length_ratio_extreme;low_punc_jaccard,length_ratio_extreme;low_punc_jaccard,EN:length_ratio_extreme;EN:low_punc_jaccard;SP:length_ratio_extreme;SP:low_punc_jaccard
0:19:16.68,fansub,何なんだよ　てめえ　迷惑なんだよ,"What the hell's your deal, anyway? You're a real pain in the ass!",¿Qué diablos quieres entonces? ¡Solo eres una enorme molestia!,0.0,0.0,0.0,0.0,1,1,4.333333333333333,3.0,0.6753859519958496,0.7297989130020142,-0.3169754445552826,-0.27386415004730225,0.46569110825753035,0.6491390709916534,0.5390702933511795,0.5649852004613872,0.7056127623129392,0.621236225202008,length_ratio_extreme;low_punc_jaccard,length_ratio_extreme;low_punc_jaccard,EN:length_ratio_extreme;EN:low_punc_jaccard;SP:length_ratio_extreme;SP:low_punc_jaccard
0:19:20.09,fansub,いきなり来て　地球　爆破とか　暗殺しろとか,"Showing up all ""I'm gonna blow up the Earth"" and ""Assassinate me""!","¡Mostrando todo eso de ""voy a destruir la tierra"" o ""asesinenme""!",0.0,0.0,0.0,0.0,1,1,3.0,2.75,0.6476037502288818,0.7563351988792419,-0.6081855893135071,-0.5864604115486145,0.2965774891521355,0.6172777082633395,0.4248575767966171,0.42380340066348104,0.7359946234536633,0.548679889779554,length_ratio_extreme;low_punc_jaccard,length_ratio_extreme;low_punc_jaccard,EN:length_ratio_extreme;EN:low_punc_jaccard;SP:length_ratio_extreme;SP:low_punc_jaccard
0:19:23.49,fansub,迷惑なやつに　迷惑な殺し方して　何が悪いんだよ,What's wrong with using an annoying method to kill an annoying guy?!,¡¿Qué tiene de malo utilizar un metodo aburrido para acabar con un tipo aburrido?!,0.0,0.0,0.0,0.0,1,1,4.0,4.666666666666667,0.6225816607475281,0.35888856649398804,-0.049573641270399094,-0.19495107233524323,0.6209785785699407,0.5885817152001247,0.6080198332220142,0.6006257109571718,0.28095097296527544,0.47275581576041326,length_ratio_extreme;low_punc_jaccard,length_ratio_extreme;low_punc_jaccard,EN:length_ratio_extreme;EN:low_punc_jaccard;SP:length_ratio_extreme;SP:low_punc_jaccard
0:19:27.95,fansub,迷惑　とんでもない,Annoying? Hardly.,¿Aburrido? Al contrario.,0.0,0.0,0.0,0.0,1,1,1.0,1.5,0.6610748171806335,0.6689531207084656,0.11491194367408752,0.004550337791442871,0.7164998131880707,0.632726683621278,0.6829905613613536,0.6907290538718711,0.6359493429100633,0.668817169487148,low_punc_jaccard,low_punc_jaccard,EN:low_punc_jaccard;SP:low_punc_jaccard
0:19:30.18,fansub,君たちのアイデア自体は　すごくよかった,Your idea itself was a very good one.,La idea fue bastante buena.,0.0,0.0,0.0,0.0,1,1,4.0,2.5,0.9422861933708191,0.8420702815055847,0.44841039180755615,0.6151356101036072,0.9101713955318408,0.9552273167704028,0.9281937640272656,0.9664953962494627,0.8341542297864154,0.9135589296642438,length_ratio_extreme;low_punc_jaccard,length_ratio_extreme;low_punc_jaccard,EN:length_ratio_extreme;EN:low_punc_jaccard;SP:length_ratio_extreme;SP:low_punc_jaccard
0:19:33.15,fansub,特に　渚君,"Especially you, Nagisa-kun.","Especialmente tú, Nagisa.",0.0,0.0,0.0,0.0,1,1,1.5,1.5,0.734174370765686,0.7765220403671265,0.1601327806711197,0.275963693857193,0.74276077813451,0.7165591822686801,0.732280139788178,0.8133108976678236,0.7591068938667972,0.791629296147413,low_punc_jaccard,low_punc_jaccard,EN:low_punc_jaccard;SP:low_punc_jaccard
0:19:34.92,fansub,君の肉薄までの自然な体運びは100点です,The way you carried yourself so naturally on your approach gets full marks from me.,La forma en la que naturalmente te acercaste merece la máxima puntuación.,0.0,0.0,0.0,0.0,0,0,15.0,12.0,0.5035490393638611,0.37328609824180603,-0.19905973970890045,-0.3218839466571808,0.5341679520587354,0.4520719612857934,0.5013295557495585,0.5432974129019587,0.2974349606776157,0.44495243201222145,length_ratio_extreme;low_punc_jaccard;digits_mismatch,length_ratio_extreme;low_punc_jaccard;digits_mismatch,EN:length_ratio_extreme;EN:low_punc_jaccard;EN:digits_mismatch;SP:length_ratio_extreme;SP:low_punc_jaccard;SP:digits_mismatch
0:19:38.86,fansub,先生は　見事に　隙を突かれました,You did an excellent job making it past my defenses.,Hiciste bien en aprovechar la debilidad en mis defensas.,0.0,0.0,0.0,0.0,1,1,3.3333333333333335,3.0,0.3007645010948181,0.23345351219177246,-0.36272042989730835,-0.3240455687046051,0.43912575616948385,0.2195132971569639,0.3512807725644759,0.5423211322206974,0.13733816974101273,0.38032794722882357,length_ratio_extreme;low_punc_jaccard,length_ratio_extreme;low_punc_jaccard,EN:length_ratio_extreme;EN:low_punc_jaccard;SP:length_ratio_extreme;SP:low_punc_jaccard
0:19:41.87,fansub,ただし,However!,¡Sin embargo!,0.0,0.0,0.0,0.0,1,1,1.0,2.0,0.7478716373443604,0.8322358727455139,0.08042711019515991,-0.10225026309490204,0.6964735362920161,0.7322675693328198,0.7107911495083377,0.642493348875864,0.8228946419627103,0.7146538661106026,low_punc_jaccard,length_ratio_extreme;low_punc_jaccard,EN:low_punc_jaccard;SP:length_ratio_extreme;SP:low_punc_jaccard
0:19:43.46,fansub,寺坂君たちは　渚君を,None of you looked out for Nagisa-kun—,Ninguno de ustedes se preocupó por Nagisa,0.0,0.0,0.0,1.0,1,1,3.5,3.5,0.26877304911613464,0.15365049242973328,-0.6557559370994568,-0.3207925260066986,0.2689520996490899,0.1828246551174342,0.23450112183642763,0.5437903450023991,0.045970286675606764,0.34466232167168215,low_qe_mix;length_ratio_extreme;low_punc_jaccard,length_ratio_extreme,EN:low_qe_mix;EN:length_ratio_extreme;EN:low_punc_jaccard;SP:length_ratio_extreme
0:19:45.87,fansub,渚君は　自分を大切にしなかった,not even Nagisa-kun himself.,ni siquiera él mismo…,0.0,0.0,0.0,0.0,1,1,2.0,2.0,0.4371001720428467,0.616719663143158,-0.5324105620384216,-0.7616844177246094,0.34058210001807543,0.37586664529396746,0.35469591812843226,0.344664768483702,0.5761463372448687,0.4372573959881687,length_ratio_extreme;low_punc_jaccard,length_ratio_extreme;low_punc_jaccard,EN:length_ratio_extreme;EN:low_punc_jaccard;SP:length_ratio_extreme;SP:low_punc_jaccard
0:19:49.36,fansub,そんな生徒に暗殺する資格はありません,Students like that aren't fit to assassinate anyone.,Estudiantes como ustedes no pueden asesinar a nadie.,0.0,0.0,0.0,0.0,1,1,8.0,8.0,0.8834555745124817,0.8685523867607117,0.06170617416501045,0.08214746415615082,0.6856017816430575,0.8877588093173576,0.7664645927127776,0.7257752246312391,0.864474058578498,0.7812547582101427,length_ratio_extreme;low_punc_jaccard,length_ratio_extreme;low_punc_jaccard,EN:length_ratio_extreme;EN:low_punc_jaccard;SP:length_ratio_extreme;SP:low_punc_jaccard
0:19:53.11,fansub,人に笑顔で胸を張れる暗殺をしましょう,We need an assassination worth smiling about—one to be proud of!,Necesitamos un asesinato que valga la pena. ¡Uno del cual estar orgullosos!,0.0,0.0,0.0,0.0,1,1,11.0,12.0,0.7866033315658569,0.7410734295845032,-0.12561951577663422,-0.15831272304058075,0.5768166793804005,0.7766860991896033,0.6567644473040817,0.6171731516405693,0.7185211549502044,0.6577123529644233,length_ratio_extreme;low_punc_jaccard,length_ratio_extreme;low_punc_jaccard,EN:length_ratio_extreme;EN:low_punc_jaccard;SP:length_ratio_extreme;SP:low_punc_jaccard
0:19:56.33,fansub,君たち　全員　それができる力を秘めた有能なアサシンだ,You're all capable assassins who have that power within you.,Todos son asesinos capaces que tienen el poder en su interior.,0.0,0.0,0.0,0.0,1,1,3.3333333333333335,3.6666666666666665,0.7369751930236816,0.5040363073348999,0.30105188488960266,0.07528287172317505,0.8245963190469455,0.7197712392052774,0.7826662871102783,0.7226748820042607,0.44713317824904963,0.6124582005021763,length_ratio_extreme;low_punc_jaccard,length_ratio_extreme;low_punc_jaccard,EN:length_ratio_extreme;EN:low_punc_jaccard;SP:length_ratio_extreme;SP:low_punc_jaccard
0:20:01.70,fansub,ターゲットである先生からのアドバイスです,Just a few words of advice from your teacher-cum-target.,Es un consejo de su maestro y de su blanco.,0.0,0.0,0.0,0.0,1,1,9.0,10.0,0.8437951803207397,0.8228737711906433,0.12895457446575165,-0.5531336069107056,0.724654749263223,0.8422752218072622,0.7717029382808387,0.4388552065862254,0.8121758069779875,0.5881834467429303,length_ratio_extreme;low_punc_jaccard,length_ratio_extreme;low_punc_jaccard,EN:length_ratio_extreme;EN:low_punc_jaccard;SP:length_ratio_extreme;SP:low_punc_jaccard
0:20:06.30,fansub,マッハ20で怒られてうねる触手で褒められた,"One moment we were being chewed out at Mach 20, and the next we were being praised with waving tentacles.","Nos molestába a Mach 20, y ahora nos alaba con todos sus tentáculos.",0.0,0.0,0.0,0.0,1,1,20.0,13.0,0.5290776491165161,0.5549800992012024,-0.5683745741844177,-0.7676054835319519,0.31969682400336336,0.4813488451735922,0.38435763247145494,0.3419905627098145,0.505459622937836,0.4073781868010231,length_ratio_extreme;low_punc_jaccard,length_ratio_extreme;low_punc_jaccard,EN:length_ratio_extreme;EN:low_punc_jaccard;SP:length_ratio_extreme;SP:low_punc_jaccard
0:20:11.48,fansub,この異常な教育が　僕は　普通に　うれしかった,"It wasn't your average education, but it made me pretty happy.",Esta inusual educación me pone un poco feliz.,0.0,0.0,0.0,0.0,1,1,2.75,2.0,0.8727055788040161,0.842625617980957,-0.10445167124271393,0.16332155466079712,0.5891094200772046,0.8754304303260829,0.7036378241767559,0.7624369049065036,0.8347900442993884,0.7913781606636575,length_ratio_extreme;low_punc_jaccard,length_ratio_extreme;low_punc_jaccard,EN:length_ratio_extreme;EN:low_punc_jaccard;SP:length_ratio_extreme;SP:low_punc_jaccard
0:20:16.28,fansub,この異常な先生は僕らのことを　正面から見てくれたから,All because this unusual teacher was actually willing to look us in the eye.,Todo a causa de este inusual maestro y actualmente nos estába mirando cara a cara,0.0,0.0,0.0,1.0,1,1,7.0,7.5,0.8211212158203125,0.9239128828048706,0.43804866075515747,-0.01165405660867691,0.9041540576402548,0.8162721204873385,0.8690012827790883,0.683410458457273,0.9278572656812907,0.7811891813468801,length_ratio_extreme;low_punc_jaccard,length_ratio_extreme,EN:length_ratio_extreme;EN:low_punc_jaccard;SP:length_ratio_extreme
0:20:30.79,fansub,あなたの…,If you...,Si tu...,0.0,0.0,0.0,0.0,1,1,2.0,2.0,0.7072442770004272,0.8931446075439453,-0.7575671076774597,-0.18865007162094116,0.2098275951229937,0.685675039501328,0.40016657287432744,0.6034715115342504,0.8926301253481663,0.7191349570598168,length_ratio_extreme;low_punc_jaccard,length_ratio_extreme;low_punc_jaccard,EN:length_ratio_extreme;EN:low_punc_jaccard;SP:length_ratio_extreme;SP:low_punc_jaccard
0:20:33.32,fansub,あなたの時間をくれるなら,"If you're willing to give up your time,",Si tú estas dispuesto a dar tu tiempo...,0.0,0.0,0.0,0.0,1,1,8.0,8.0,0.6681066751480103,0.8670610189437866,0.032483238726854324,0.26788023114204407,0.6686312314689454,0.6407910040531798,0.6574951405026392,0.8096600612526887,0.862766565294276,0.8309026628693237,length_ratio_extreme;low_punc_jaccard,length_ratio_extreme;low_punc_jaccard,EN:length_ratio_extreme;EN:low_punc_jaccard;SP:length_ratio_extreme;SP:low_punc_jaccard
0:20:36.30,fansub,あの子たちを教えてあげて,go teach those children.,úsalo para enseñarle a esos chicos.,0.0,0.0,0.0,0.0,1,1,4.0,6.0,0.7814931273460388,0.8297927975654602,-0.07653959095478058,-0.1279509961605072,0.6053187211582908,0.770825582027246,0.6715214655058729,0.6308858020264514,0.820097522154002,0.7065704900774716,length_ratio_extreme;low_punc_jaccard,length_ratio_extreme;low_punc_jaccard,EN:length_ratio_extreme;EN:low_punc_jaccard;SP:length_ratio_extreme;SP:low_punc_jaccard
0:20:40.79,fansub,なんて　すてきな触手…,What splendid tentacles.,Qué espléndidos tentáculos...,0.0,0.0,0.0,0.0,1,1,1.5,1.5,0.6060512065887451,0.805185854434967,-0.049119871109724045,0.3356309235095978,0.6212420951935717,0.5696241537932041,0.6005949186334246,0.8402591625985164,0.7919245995096202,0.8209253373629579,low_punc_jaccard,low_punc_jaccard,EN:low_punc_jaccard;SP:low_punc_jaccard
0:20:43.69,fansub,この手なら　きっと　あなたはすてきな教師に…,"With hands like these, I'm sure you'll be a splendid teacher.",Con manos como estas...Estoy segura de que serás un gran maestro.,0.0,0.0,0.0,0.0,1,1,3.6666666666666665,3.6666666666666665,0.860804557800293,0.9037244319915771,0.11911873519420624,0.040476243942976,0.7189428109736726,0.8617820251270485,0.7760784966350229,0.7069547248555366,0.9047431527231476,0.786070096002581,length_ratio_extreme;low_punc_jaccard,length_ratio_extreme;low_punc_jaccard,EN:length_ratio_extreme;EN:low_punc_jaccard;SP:length_ratio_extreme;SP:low_punc_jaccard
0:20:50.99,fansub,さて　問題です　渚君,"Let me pose you a question, Nagisa-kun.",Tengo una pregunta para ti Nagisa:,0.0,0.0,0.0,0.0,1,1,2.3333333333333335,2.0,0.5305195450782776,0.48888832330703735,0.2938881814479828,0.39789703488349915,0.8204361624142983,0.4830024495437396,0.6854626772660748,0.8683811933226343,0.4297899845019786,0.6929447097943721,length_ratio_extreme;low_punc_jaccard,length_ratio_extreme;low_punc_jaccard,EN:length_ratio_extreme;EN:low_punc_jaccard;SP:length_ratio_extreme;SP:low_punc_jaccard
0:20:53.80,fansub,先生は　殺される気などみじんもない,I have not the slightest intention of being killed.,No tenia la mínima intención de ser asesinado.,0.0,0.0,0.0,0.0,1,1,4.5,4.0,0.5324152708053589,0.6339227557182312,-0.2406843900680542,-0.1233624517917633,0.509995390103253,0.4851765178746286,0.5000678412118033,0.6329581843042192,0.5958424609686269,0.6181118949699823,length_ratio_extreme;low_punc_jaccard,length_ratio_extreme;low_punc_jaccard,EN:length_ratio_extreme;EN:low_punc_jaccard;SP:length_ratio_extreme;SP:low_punc_jaccard
0:20:57.00,fansub,皆さんと　来年　3月までエンジョイしてから,"I will enjoy my time with you all until next March,","Disfrutaré mi tiempo con ustedes hasta marzo,",0.0,0.0,0.0,0.0,0,0,3.6666666666666665,2.3333333333333335,0.7095363140106201,0.7463979721069336,-0.0858306884765625,0.14198967814445496,0.5999231291583135,0.6883036080784701,0.6352753207263762,0.752802519948796,0.7246173174765957,0.7415284389599159,length_ratio_extreme;low_punc_jaccard;digits_mismatch,length_ratio_extreme;low_punc_jaccard;digits_mismatch,EN:length_ratio_extreme;EN:low_punc_jaccard;EN:digits_mismatch;SP:length_ratio_extreme;SP:low_punc_jaccard;SP:digits_mismatch
0:20:59.52,fansub,地球を爆破です,and then I will blow up the Earth.,y entonces destuiré la tierra.,0.0,0.0,0.0,0.0,1,1,8.0,5.0,0.6880860924720764,0.5429278016090393,-0.5039791464805603,-0.6613950133323669,0.3570929931577059,0.6637039275069031,0.4797373668973848,0.3899597395263975,0.49166073512188835,0.43064013776459387,length_ratio_extreme;low_punc_jaccard,length_ratio_extreme;low_punc_jaccard,EN:length_ratio_extreme;EN:low_punc_jaccard;SP:length_ratio_extreme;SP:low_punc_jaccard
0:21:02.11,fansub,それが嫌なら君たちは　どうしますか,"If you don't like that idea, what do you plan to do about it?",Si no les gusta la idea. ¿Qué van a hacer al respecto?,0.0,0.0,0.0,0.0,1,1,7.0,6.0,0.6762148141860962,0.7371230125427246,0.2798076868057251,0.43358954787254333,0.8122592377754836,0.6500896320420965,0.7473913954821287,0.8845014540029823,0.713998252891998,0.8163001735585885,length_ratio_extreme;low_punc_jaccard,length_ratio_extreme;low_punc_jaccard,EN:length_ratio_extreme;EN:low_punc_jaccard;SP:length_ratio_extreme;SP:low_punc_jaccard
0:21:06.62,fansub,暗殺なんて　したことないし,"We've never assassinated anyone before,","Nunca hemos asesinado a nadie antes,",0.0,0.0,0.0,0.0,1,1,2.5,3.0,0.7785993814468384,0.7831538319587708,0.03267503157258034,0.09130658209323883,0.6687426107695744,0.767506957804755,0.7082483495836467,0.7299118728070969,0.7666997488798819,0.7446270232362109,length_ratio_extreme;low_punc_jaccard,length_ratio_extreme;low_punc_jaccard,EN:length_ratio_extreme;EN:low_punc_jaccard;SP:length_ratio_extreme;SP:low_punc_jaccard
0:21:09.27,fansub,僕らには　他に　すべきことがたくさんある,and there's plenty of other stuff we should be doing.,y estoy segura que haremos muchas más cosas.,0.0,0.0,0.0,0.0,1,1,3.3333333333333335,2.6666666666666665,0.9232351779937744,0.721432626247406,0.5022690892219543,0.18000365793704987,0.9414485999974108,0.9333791091890872,0.9382208036740813,0.7699712540175406,0.6960340532344351,0.7403963737042984,length_ratio_extreme;low_punc_jaccard,length_ratio_extreme;low_punc_jaccard,EN:length_ratio_extreme;EN:low_punc_jaccard;SP:length_ratio_extreme;SP:low_punc_jaccard
0:21:14.16,fansub,けど　思った,"But, you know...",Pero sabes...,0.0,0.0,0.0,0.0,1,1,1.5,1.0,0.6072689890861511,0.6331209540367126,-0.26451075077056885,0.06651250272989273,0.4961587770557983,0.571020738923479,0.5261035618028707,0.718713809426436,0.5949244640996227,0.6691980712957107,low_punc_jaccard,low_punc_jaccard,EN:low_punc_jaccard;SP:low_punc_jaccard
0:21:16.69,fansub,この先生なら　殺意さえも受け止めてくれるって,I think this teacher might even accept us trying to kill him.,Creo que este maestro tal vez pueda aceptar mi sed de sangre.,0.0,0.0,0.0,0.0,1,1,6.0,6.0,0.8653557896614075,0.5972464680671692,-0.11813992261886597,-0.230991393327713,0.581160281727758,0.8670014980257026,0.6954967682469358,0.5843483653530569,0.5538511331796822,0.5721494724837071,length_ratio_extreme;low_punc_jaccard,length_ratio_extreme;low_punc_jaccard,EN:length_ratio_extreme;EN:low_punc_jaccard;SP:length_ratio_extreme;SP:low_punc_jaccard
0:21:21.23,fansub,地球を爆破されるその前に　先生を殺します,Before you destroy Earth...,Antes de que destruyas la tierra... Te mataré.,0.0,0.0,0.0,0.0,1,1,2.0,4.0,0.5680394768714905,0.7234662771224976,-0.138608917593956,-0.3544065058231354,0.569273381899589,0.5260312982445108,0.5519765484375577,0.5286088385248013,0.6983624159443336,0.5965102694926142,length_ratio_extreme;low_punc_jaccard,length_ratio_extreme;low_punc_jaccard,EN:length_ratio_extreme;EN:low_punc_jaccard;SP:length_ratio_extreme;SP:low_punc_jaccard
0:21:27.44,fansub,ならば　今　やってみなさい,Then what are you waiting for?,¡Entonces hazlo!,0.0,0.0,0.0,0.0,1,1,2.0,0.6666666666666666,0.44352996349334717,0.792321503162384,-0.12997756898403168,0.47635284066200256,0.5742858398357523,0.3832404999434353,0.4978677038788255,0.9038151803166137,0.7771959771305361,0.8531674990421827,length_ratio_extreme;low_punc_jaccard,low_punc_jaccard,EN:length_ratio_extreme;EN:low_punc_jaccard;SP:low_punc_jaccard
0:21:29.37,fansub,殺せた者から　今日は帰ってよし,"Once you've killed me, you're free to go home!","¡Una vez que acaben conmigo, podran irse a casa!",0.0,0.0,0.0,0.0,1,1,4.5,4.5,0.7414085865020752,0.675482988357544,-0.34187090396881104,-0.2933098375797272,0.4512336406297843,0.724855571934456,0.560682413151653,0.5562026988698769,0.6434255034059018,0.5910918206842869,length_ratio_extreme;low_punc_jaccard,length_ratio_extreme;low_punc_jaccard,EN:length_ratio_extreme;EN:low_punc_jaccard;SP:length_ratio_extreme;SP:low_punc_jaccard
0:21:32.65,fansub,んな簡単に…,"Just like that, huh?",¿Solo así?,0.0,0.0,0.0,0.0,1,1,4.0,2.0,0.5292844176292419,0.49412786960601807,0.1556667983531952,-0.05927712842822075,0.7401672612318898,0.4815859727648469,0.6367347458450727,0.6619018487282347,0.4357888333549235,0.5714566425789103,length_ratio_extreme;low_punc_jaccard,length_ratio_extreme;low_punc_jaccard,EN:length_ratio_extreme;EN:low_punc_jaccard;SP:length_ratio_extreme;SP:low_punc_jaccard
0:21:33.82,fansub,殺せるわけねえだろ,You know we can't kill you!,¡Sabes que no podemos hacerlo!,0.0,0.0,0.0,0.0,1,1,6.0,5.0,0.7669219374656677,0.4798089563846588,-0.8798331618309021,-0.7124040722846985,0.13882438564074276,0.7541149566399656,0.38494061404043195,0.3669218736405401,0.4193948573784007,0.38791106713568435,length_ratio_extreme;low_punc_jaccard;model_discrepancy,length_ratio_extreme;low_punc_jaccard,EN:length_ratio_extreme;EN:low_punc_jaccard;EN:model_discrepancy;SP:length_ratio_extreme;SP:low_punc_jaccard
0:21:35.93,fansub,僕らは　殺し屋,We are killers.,Somos asesinos.,0.0,0.0,0.0,0.0,1,1,1.5,1.0,0.9546621441841125,0.9525400996208191,0.31119072437286377,0.40174034237861633,0.8304842177668426,0.9694203840181882,0.8860586842673808,0.8701169948537576,0.9606330704857575,0.9063234251065575,low_punc_jaccard,low_punc_jaccard,EN:low_punc_jaccard;SP:low_punc_jaccard
0:21:37.89,fansub,ターゲットは　先生,And our target...is our teacher.,Y nuestro blanco....es nuestro maestro.,0.0,0.0,0.0,0.0,1,1,2.5,2.5,0.6974182724952698,0.5839401483535767,0.26632025837898254,-0.07105344533920288,0.8044267227524746,0.6744063180250806,0.752418560861517,0.6565831619067801,0.5386164933471586,0.6093964944829315,length_ratio_extreme;low_punc_jaccard,length_ratio_extreme;low_punc_jaccard,EN:length_ratio_extreme;EN:low_punc_jaccard;SP:length_ratio_extreme;SP:low_punc_jaccard
0:21:40.87,fansub,ふきふき　ふきふき,"Wipe, wipe, wipe it clean!","¡Limpia, limpia, limpia!",0.0,0.0,0.0,0.0,1,1,2.5,1.5,0.5792121887207031,0.6653622984886169,-0.7722935080528259,-0.8783896565437317,0.20127557552923642,0.5388444592701406,0.3363031290255981,0.29195570669519755,0.6318381472977909,0.42790868293623485,length_ratio_extreme;low_punc_jaccard,low_punc_jaccard,EN:length_ratio_extreme;EN:low_punc_jaccard;SP:low_punc_jaccard
0:21:42.55,fansub,今　撃っても…,If we tried to shoot him now...,Si le disparamos ahora...,0.0,0.0,0.0,0.0,1,1,3.5,2.0,0.5962050557136536,0.7821606397628784,-0.06661471724510193,-0.0159076526761055,0.6110823641577516,0.5583323279278405,0.5899823496657872,0.6814893531135024,0.7655626256396041,0.7151186621239431,length_ratio_extreme;low_punc_jaccard,length_ratio_extreme;low_punc_jaccard,EN:length_ratio_extreme;EN:low_punc_jaccard;SP:length_ratio_extreme;SP:low_punc_jaccard
0:21:43.66,fansub,表札と一緒に手入れされる…,we'd just get polished like those nameplates.,...nos terminará puliendo como esas placas.,0.0,0.0,0.0,0.0,1,1,7.0,6.0,0.46040284633636475,0.6692728996276855,-0.5585249662399292,-0.824826180934906,0.32541675813424553,0.4025907676091503,0.35628636192420743,0.3161472560552769,0.6363154634276227,0.44421453900421526,length_ratio_extreme;low_punc_jaccard,length_ratio_extreme;low_punc_jaccard,EN:length_ratio_extreme;EN:low_punc_jaccard;SP:length_ratio_extreme;SP:low_punc_jaccard
0:21:46.04,fansub,帰れねえ…,We're never getting out of here!,¡Nunca iremos a casal,0.0,0.0,0.0,0.0,1,1,6.0,4.0,0.3932754397392273,0.31123608350753784,-0.1941480189561844,-1.055912733078003,0.5370203213442096,0.32560728485490203,0.45245510674848655,0.21177871631662054,0.226392805789836,0.21762435210590672,length_ratio_extreme;low_punc_jaccard,low_qe_mix;length_ratio_extreme;low_punc_jaccard,EN:length_ratio_extreme;EN:low_punc_jaccard;SP:low_qe_mix;SP:length_ratio_extreme;SP:low_punc_jaccard
0:21:48.14,fansub,殺せない先生か…,An unkillable teacher...,Un maestro imposible de matar...,0.0,0.0,0.0,0.0,1,1,3.0,5.0,0.6378493309020996,0.8005901575088501,-0.40106603503227234,-0.2201440930366516,0.4168574245955818,0.6060910825602535,0.49255088778145045,0.5892474686586604,0.7866629051451517,0.6682136432532569,length_ratio_extreme;low_punc_jaccard,length_ratio_extreme;low_punc_jaccard,EN:length_ratio_extreme;EN:low_punc_jaccard;SP:length_ratio_extreme;SP:low_punc_jaccard
0:21:54.23,fansub,殺せんせーは,"Oh! What about ""Korosensei""?","¡Oh! ¿Qué tal ""Maestro Koro""?",0.0,0.0,0.0,0.0,1,1,4.0,5.0,0.4981626570224762,0.45571842789649963,-0.6115493178367615,-0.6700626611709595,0.2946240808849617,0.44589471575962003,0.3551323348348251,0.386045060201732,0.39181318695473355,0.38835231090293265,length_ratio_extreme;low_punc_jaccard,length_ratio_extreme;low_punc_jaccard,EN:length_ratio_extreme;EN:low_punc_jaccard;SP:length_ratio_extreme;SP:low_punc_jaccard
0:21:56.35,fansub,殺せんせー,Korosensei?,¿Maestro Koro?,0.0,0.0,0.0,0.0,1,1,1.0,2.0,0.3554968237876892,0.2668907046318054,-0.5849569439888,-0.7073923945426941,0.3100669926893088,0.2822817703293845,0.2989529037453391,0.36918536099072485,0.17562100036579636,0.29175961674075346,low_punc_jaccard,length_ratio_extreme;low_punc_jaccard,EN:low_punc_jaccard;SP:length_ratio_extreme;SP:low_punc_jaccard
0:21:59.85,fansub,殺せんせーと　僕らの暗殺教室,So here we are with Korosensei...in our assassination classroom.,"Somos nosotros y nuestro maestro Koro, en nuestro salón de asesinato.",0.0,0.0,0.0,0.0,1,1,4.5,5.5,0.7761479616165161,0.7291304469108582,-0.39294078946113586,-0.5936859250068665,0.42157597478824693,0.7646956048001077,0.5588238267929913,0.4205400507129708,0.7048474237100637,0.5342629999118079,length_ratio_extreme;low_punc_jaccard,length_ratio_extreme;low_punc_jaccard,EN:length_ratio_extreme;EN:low_punc_jaccard;SP:length_ratio_extreme;SP:low_punc_jaccard
0:22:04.97,fansub,始業のベルは　明日も鳴る,The bell signals the start of another school day.,Otro día y otra campana que suena.,0.0,0.0,0.0,0.0,1,1,4.5,3.5,0.6718378663063049,0.7203642129898071,0.39999696612358093,-0.035333603620529175,0.8820564078568591,0.6450700326161517,0.7872618577605761,0.6727157654066385,0.6948108080755814,0.6815537824742157,length_ratio_extreme;low_punc_jaccard,length_ratio_extreme;low_punc_jaccard,EN:length_ratio_extreme;EN:low_punc_jaccard;SP:length_ratio_extreme;SP:low_punc_jaccard
0:00:48.77,official,それでは,Now then...,"Muy bien, muchachos.",0.0,0.0,0.0,0.0,1,1,2.0,3.0,0.7421566247940063,0.7755375504493713,-0.06966131925582886,-0.03192967176437378,0.6424818818905633,0.7503741836930609,0.6856388026115623,0.5929085327206671,0.7675760739285858,0.6627755492038345,length_ratio_extreme;low_punc_jaccard,length_ratio_extreme;low_punc_jaccard,EN:length_ratio_extreme;EN:low_punc_jaccard;SP:length_ratio_extreme;SP:low_punc_jaccard
0:00:50.51,official,ホームルームを始めます,...let's get started.,Es hora de comenzar la clase.,0.0,0.0,0.0,0.0,1,1,3.0,6.0,0.5539675951004028,0.4866989254951477,-0.023306425660848618,0.0686575323343277,0.6672609648020921,0.5539581384885198,0.6219398342766632,0.6447378580371785,0.45459212911976027,0.5686795664702112,length_ratio_extreme;low_punc_jaccard,length_ratio_extreme;low_punc_jaccard,EN:length_ratio_extreme;EN:low_punc_jaccard;SP:length_ratio_extreme;SP:low_punc_jaccard
0:00:52.75,official,日直の人は号令を,"Student on duty, on your command.","Estudiante a cargo, adelante.",0.0,0.0,0.0,0.0,1,1,6.0,4.0,0.499401718378067,0.5307581424713135,-0.7604426741600037,-0.8647322058677673,0.273223597825333,0.49700681817846026,0.36273688596658393,0.163792385679683,0.5023344542210995,0.2992092130962496,length_ratio_extreme;low_punc_jaccard,length_ratio_extreme;low_punc_jaccard,EN:length_ratio_extreme;EN:low_punc_jaccard;SP:length_ratio_extreme;SP:low_punc_jaccard
0:00:54.90,official,き…起立,S-Stand up!,Sí. De pie.,0.0,0.0,0.0,0.0,1,1,2.0,3.0,0.8060204982757568,0.7792813181877136,-0.2533109486103058,-0.9665901064872742,0.5443116772039344,0.8170299790980943,0.6533989979615984,0.11130831164095087,0.7716328000516246,0.3754381070052204,length_ratio_extreme;low_punc_jaccard,length_ratio_extreme;low_punc_jaccard;model_discrepancy,EN:length_ratio_extreme;EN:low_punc_jaccard;SP:length_ratio_extreme;SP:low_punc_jaccard;SP:model_discrepancy
0:01:00.08,official,気を付け,Attention!,Atención.,0.0,0.0,0.0,0.0,1,1,1.0,1.0,0.6835132837295532,0.9015069007873535,0.060198478400707245,0.2087952345609665,0.7118986455470787,0.6891671454920851,0.7028060455250813,0.7169462728439545,0.9040757688708225,0.7917980712547017,low_punc_jaccard,low_punc_jaccard,EN:low_punc_jaccard;SP:low_punc_jaccard
0:01:04.97,official,礼,Bow!,Ahora.,0.0,0.0,0.0,0.0,1,1,1.0,1.0,0.5555451512336731,0.7690892219543457,-0.4966438114643097,-0.28557077050209045,0.41423770407735244,0.5556046602719075,0.47078448655517446,0.46221549737976125,0.760588700650112,0.5815647786879016,low_punc_jaccard,low_punc_jaccard,EN:low_punc_jaccard;SP:low_punc_jaccard
0:01:09.72,official,おはようございます,Good morning.,Buenos días a todos.,0.0,0.0,0.0,0.0,1,1,2.0,4.0,0.981326699256897,0.9058948755264282,0.2976534068584442,0.3769938349723816,0.8388305593902067,1.0,0.903298335634124,0.8036135587737926,0.9088305541554248,0.8457003569264454,length_ratio_extreme;low_punc_jaccard,length_ratio_extreme;low_punc_jaccard,EN:length_ratio_extreme;EN:low_punc_jaccard;SP:length_ratio_extreme;SP:low_punc_jaccard
0:01:11.61,official,発砲したままで結構ですので　出欠をとります,Fire all you like--I'll just be taking attendance.,Sigan disparando mientras paso lista.,0.0,0.0,0.0,0.0,1,1,4.0,2.5,0.4946235418319702,0.7143882513046265,-0.5574002265930176,-0.7608789801597595,0.3817602646718062,0.49201975521309266,0.42586406088832074,0.21730458604969913,0.7013150298190926,0.41090876355745654,length_ratio_extreme;low_punc_jaccard,length_ratio_extreme;low_punc_jaccard,EN:length_ratio_extreme;EN:low_punc_jaccard;SP:length_ratio_extreme;SP:low_punc_jaccard
0:01:15.23,official,磯貝君,Isogai?,¿Yuma Isogai?,0.0,0.0,0.0,0.0,1,1,1.0,2.0,0.48860877752304077,0.4114025831222534,-0.5482217073440552,-0.36132755875587463,0.3866666568957273,0.4857420448687606,0.42629681208494064,0.4231804803661992,0.3730014268053475,0.4031088589418585,low_punc_jaccard,length_ratio_extreme;low_punc_jaccard,EN:low_punc_jaccard;SP:length_ratio_extreme;SP:low_punc_jaccard
0:01:16.68,official,はい,Here!,Presente.,0.0,0.0,0.0,0.0,1,1,1.0,1.0,0.6556112170219421,0.6868909597396851,-0.4169121980667114,-0.25995028018951416,0.4568583662303337,0.6600452907024351,0.5381331360191743,0.47541690544232207,0.6715191159695589,0.5538577896532169,low_punc_jaccard,low_punc_jaccard,EN:low_punc_jaccard;SP:low_punc_jaccard
0:01:18.03,official,すみませんが　銃声の中なので　大きな声で,"I'm sorry, you'll have to speak up with all this gunfire.","Tienes que hablar más fuerte,  no te oigo con tantos disparos.",0.0,0.0,0.0,0.0,1,1,3.6666666666666665,3.6666666666666665,0.7740845084190369,0.7177878022193909,-0.09519949555397034,0.05044511705636978,0.628830408684088,0.7836978510906216,0.6907773856467014,0.6353535908761743,0.7049987644859851,0.6632116603200986,length_ratio_extreme;low_punc_jaccard,length_ratio_extreme;low_punc_jaccard,EN:length_ratio_extreme;EN:low_punc_jaccard;SP:length_ratio_extreme;SP:low_punc_jaccard
0:01:21.41,official,はい,Here!,Presente.,0.0,0.0,0.0,0.0,1,1,1.0,1.0,0.6556112170219421,0.6868909597396851,-0.4169121980667114,-0.25995028018951416,0.4568583662303337,0.6600452907024351,0.5381331360191743,0.47541690544232207,0.6715191159695589,0.5538577896532169,low_punc_jaccard,low_punc_jaccard,EN:low_punc_jaccard;SP:low_punc_jaccard
0:01:22.34,official,岡島君,Okajima?,¿Taiga Okajima?,0.0,0.0,0.0,0.0,1,1,1.0,2.0,0.6202290058135986,0.6365818381309509,-0.35446515679359436,-0.28549280762672424,0.49023953255996133,0.6231162836957592,0.5433902330142805,0.4622556691219443,0.6170044285953754,0.5241551729113167,low_punc_jaccard,length_ratio_extreme;low_punc_jaccard,EN:low_punc_jaccard;SP:length_ratio_extreme;SP:low_punc_jaccard
0:01:23.61,official,はい,Here!,Presente.,0.0,0.0,0.0,0.0,1,1,1.0,1.0,0.6556112170219421,0.6868909597396851,-0.4169121980667114,-0.25995028018951416,0.4568583662303337,0.6600452907024351,0.5381331360191743,0.47541690544232207,0.6715191159695589,0.5538577896532169,low_punc_jaccard,low_punc_jaccard,EN:low_punc_jaccard;SP:low_punc_jaccard
0:01:24.27,official,奥田さん,Okuda!,,0.0,0.0,0.0,1.0,1,1,1.0,0.0,0.5393139123916626,0.5952267646789551,-0.2604904770851135,-0.3950052559375763,0.5404738487127866,0.5386638441823158,0.5397498469005982,0.40582745481208793,0.5721922985386154,0.4723733923026989,low_punc_jaccard,length_ratio_extreme,EN:low_punc_jaccard;SP:length_ratio_extreme
0:01:25.51,official,はい,Here!,Presente.,0.0,0.0,0.0,0.0,1,1,1.0,1.0,0.6556112170219421,0.6868909597396851,-0.4169121980667114,-0.25995028018951416,0.4568583662303337,0.6600452907024351,0.5381331360191743,0.47541690544232207,0.6715191159695589,0.5538577896532169,low_punc_jaccard,low_punc_jaccard,EN:low_punc_jaccard;SP:low_punc_jaccard
0:01:26.32,official,片岡さん,Kataoka?,¿Megu Kataoka?,0.0,0.0,0.0,0.0,1,1,1.0,2.0,0.6136754751205444,0.6618627905845642,-0.5127753615379333,-0.4854004681110382,0.4056145580453856,0.6162762538441147,0.4898792363648772,0.35924973251854314,0.6443987295781829,0.47330933134239905,low_punc_jaccard,length_ratio_extreme;low_punc_jaccard,EN:low_punc_jaccard;SP:length_ratio_extreme;SP:low_punc_jaccard
0:01:27.36,official,はい,Here!,,0.0,0.0,0.0,1.0,1,1,1.0,0.0,0.6556112170219421,0.7537773251533508,-0.4169121980667114,0.0850057303905487,0.4568583662303337,0.6600452907024351,0.5381331360191743,0.6531615545002317,0.7439968135226873,0.689495658109214,low_punc_jaccard,length_ratio_extreme,EN:low_punc_jaccard;SP:length_ratio_extreme
0:01:27.95,official,茅野さん,Kayano?,¿Kaede Kayano?,0.0,0.0,0.0,0.0,1,1,1.0,2.0,0.4788898229598999,0.48524755239486694,-0.4913346469402313,-0.38950315117836,0.4170757265110256,0.47559820905684963,0.4404847195293552,0.4086625110207397,0.45301942921375815,0.42640527829794705,low_punc_jaccard,length_ratio_extreme;low_punc_jaccard,EN:low_punc_jaccard;SP:length_ratio_extreme;SP:low_punc_jaccard
0:01:28.89,official,はい,Here!,Presente.,0.0,0.0,0.0,0.0,1,1,1.0,1.0,0.6556112170219421,0.6868909597396851,-0.4169121980667114,-0.2599499523639679,0.4568583662303337,0.6600452907024351,0.5381331360191743,0.4754170743601982,0.6715191159695589,0.5538578910039424,low_punc_jaccard,low_punc_jaccard,EN:low_punc_jaccard;SP:low_punc_jaccard
0:01:29.51,official,神崎さん,Kanzaki!,¿Yukiko Kanzaki?,0.0,0.0,0.0,0.0,1,1,1.0,2.0,0.7223232984542847,0.6962364912033081,0.04092841222882271,-0.0059126876294612885,0.70159780068794,0.7296738084945612,0.7128282038105884,0.6063142411958697,0.6816458824443796,0.6364468976952737,low_punc_jaccard,length_ratio_extreme;low_punc_jaccard,EN:low_punc_jaccard;SP:length_ratio_extreme;SP:low_punc_jaccard
0:01:30.45,official,はい,Here!,Presente.,0.0,0.0,0.0,0.0,1,1,1.0,1.0,0.6556112170219421,0.6868909597396851,-0.4169121980667114,-0.2599499523639679,0.4568583662303337,0.6600452907024351,0.5381331360191743,0.4754170743601982,0.6715191159695589,0.5538578910039424,low_punc_jaccard,low_punc_jaccard,EN:low_punc_jaccard;SP:low_punc_jaccard
0:01:33.27,official,はい　遅刻なしっと,All right.,Listo.,0.0,0.0,0.0,0.0,1,1,1.0,0.5,0.5753031969070435,0.6845827102661133,-0.22407063841819763,-0.5679623484611511,0.5599421320365937,0.5762264637768862,0.5664558647327107,0.3167082721633076,0.6690179095399968,0.45763212711398327,low_punc_jaccard,low_punc_jaccard,EN:low_punc_jaccard;SP:low_punc_jaccard
0:01:36.03,official,素晴らしい　先生　とてもうれしいです,No tardies. Excellent! That makes me very happy.,Ninguno ha llegado tarde. Excelente. Eso es algo que me da mucho gusto.,0.0,0.0,0.0,0.0,1,1,2.6666666666666665,4.333333333333333,0.5378115773200989,0.4695040285587311,0.3241647779941559,0.22212029993534088,0.8530022554620375,0.5370958318820821,0.7266396860300552,0.723812247043561,0.43595983340586886,0.6086712815884842,length_ratio_extreme;low_punc_jaccard,length_ratio_extreme;low_punc_jaccard,EN:length_ratio_extreme;EN:low_punc_jaccard;SP:length_ratio_extreme;SP:low_punc_jaccard
0:01:39.40,official,速過ぎ,He's too fast.,Es muy rápido.,0.0,0.0,0.0,0.0,1,1,3.0,3.0,0.8070347309112549,0.7455983757972717,-0.3598150312900543,0.05408422276377678,0.48737974854508853,0.8180885507029655,0.6196632694082393,0.6372287040703465,0.7351341490010607,0.6763908820426321,length_ratio_extreme;low_punc_jaccard,length_ratio_extreme;low_punc_jaccard,EN:length_ratio_extreme;EN:low_punc_jaccard;SP:length_ratio_extreme;SP:low_punc_jaccard
0:01:40.86,official,クラス一斉射撃で駄目なのかよ,So the whole class shooting at him doesn't work?,¿Con todos disparando y no pudimos darle?,0.0,0.0,0.0,0.0,1,1,9.0,7.0,0.6564722061157227,0.6610457897186279,-0.5082936882972717,-1.1023179292678833,0.40801024368287264,0.6609439194537494,0.5091837139912234,0.04137216474800017,0.6435134319349972,0.28222867162279897,length_ratio_extreme;low_punc_jaccard,length_ratio_extreme;low_punc_jaccard;model_discrepancy,EN:length_ratio_extreme;EN:low_punc_jaccard;SP:length_ratio_extreme;SP:low_punc_jaccard;SP:model_discrepancy
0:01:43.50,official,僕らは,We,Somos...,0.0,0.0,1.0,0.0,1,1,1.0,1.0,0.8928344249725342,0.9389658570289612,-0.00877392292022705,-0.31651076674461365,0.6750293375108772,0.9076391297920549,0.7680732544233484,0.4462731203655653,0.9446660877548625,0.6456303073212841,,low_punc_jaccard,SP:low_punc_jaccard
0:01:45.02,official,殺し屋,are killers.,asesinos.,0.0,0.0,0.0,0.0,1,1,2.0,1.0,0.8248211145401001,0.9608265161514282,-0.4864342510700226,-0.4512546956539154,0.41969524100345806,0.8366524974779529,0.586478143593256,0.37684394208745825,0.968354177702511,0.6134480363334793,length_ratio_extreme;low_punc_jaccard,low_punc_jaccard;model_discrepancy,EN:length_ratio_extreme;EN:low_punc_jaccard;SP:low_punc_jaccard;SP:model_discrepancy
0:01:46.54,official,僕らのターゲットは,And our target,Y el objetivo es...,0.0,0.0,1.0,0.0,1,1,3.0,4.0,0.9256031513214111,0.771085798740387,0.10111302137374878,-0.14611932635307312,0.7337695802853711,0.9418403988368839,0.8169979077059762,0.5340703056470689,0.7627521802702908,0.6255430554963577,length_ratio_extreme,length_ratio_extreme;low_punc_jaccard,EN:length_ratio_extreme;SP:length_ratio_extreme;SP:low_punc_jaccard
0:01:49.07,official,先生,is our teacher.,nuestro profesor.,0.0,0.0,0.0,0.0,1,1,3.0,2.0,0.4576825499534607,0.614422082901001,-0.5345637202262878,-0.28081339597702026,0.39396755587206317,0.45346382268863406,0.41776606259869153,0.46466681824230754,0.5929922397512867,0.5159969868458991,length_ratio_extreme;low_punc_jaccard,length_ratio_extreme;low_punc_jaccard,EN:length_ratio_extreme;EN:low_punc_jaccard;SP:length_ratio_extreme;SP:low_punc_jaccard
0:01:50.07,official,残念ですねぇ,Too bad.,Muy mal,0.0,0.0,0.0,1.0,1,1,2.0,2.0,0.7737926244735718,0.7345952391624451,0.15708325803279877,0.10374303162097931,0.763688560293615,0.7833932069234228,0.7715704189455381,0.6628162783761685,0.7232112106828757,0.6869742512988514,length_ratio_extreme;low_punc_jaccard,length_ratio_extreme,EN:length_ratio_extreme;EN:low_punc_jaccard;SP:length_ratio_extreme
0:01:51.60,official,今日も命中弾ゼロです,Not a single bullet,Ni una bala dio en el blanco.,0.0,0.0,1.0,0.0,1,1,4.0,7.0,0.618073582649231,0.5711763501167297,-0.31044426560401917,-0.2845042049884796,0.5137709707325213,0.6208666324043071,0.5566092354012356,0.4627650640117363,0.5461314016444903,0.49611159906483787,length_ratio_extreme,length_ratio_extreme;low_punc_jaccard,EN:length_ratio_extreme;SP:length_ratio_extreme;SP:low_punc_jaccard
0:01:53.98,official,数に頼る戦術は　個々の思考を疎かにする,"hit its mark today, either.",Los métodos de números absolutos carecen de un enfoque individual.,0.0,0.0,0.0,0.0,1,1,2.5,5.0,0.023212358355522156,0.5059879422187805,-0.8889937400817871,-0.15775227546691895,0.2045064188221173,0.0,0.12270385129327037,0.5280762240994765,0.4754936015132215,0.5070431750649745,low_qe_mix;length_ratio_extreme;low_punc_jaccard,length_ratio_extreme;low_punc_jaccard,EN:low_qe_mix;EN:length_ratio_extreme;EN:low_punc_jaccard;SP:length_ratio_extreme;SP:low_punc_jaccard
0:01:57.64,official,目線　銃口の向き　指の動き,"Line of sight, barrel position, finger movement--","La línea de visión, la colocación del cañón, la posicion de los dedos.",0.0,0.0,0.0,0.0,1,1,2.3333333333333335,4.333333333333333,0.7833612561225891,0.8004979491233826,0.22655899822711945,-0.06123470887541771,0.8008269289339721,0.79338014818976,0.7978482166362872,0.5778085971428739,0.7946230245995051,0.6645343681255264,length_ratio_extreme;low_punc_jaccard,length_ratio_extreme;low_punc_jaccard,EN:length_ratio_extreme;EN:low_punc_jaccard;SP:length_ratio_extreme;SP:low_punc_jaccard
0:02:01.38,official,一人一人が単純過ぎます,each of these is far too simple.,Fue fácil predecir sus movimientos.,0.0,0.0,0.0,0.0,1,1,7.0,5.0,0.793382465839386,0.13313136994838715,0.23671117424964905,-0.014017503708600998,0.8062537909518787,0.8038394527727277,0.8052880556802182,0.6021380922218509,0.0714682712597642,0.38987016383701617,length_ratio_extreme;low_punc_jaccard,length_ratio_extreme;low_punc_jaccard;model_discrepancy,EN:length_ratio_extreme;EN:low_punc_jaccard;SP:length_ratio_extreme;SP:low_punc_jaccard;SP:model_discrepancy
0:02:04.01,official,もっと工夫しましょう,You've got to be more inventive!,Sean más creativos.,0.0,0.0,0.0,0.0,1,1,6.0,3.0,0.6199492812156677,0.7701066732406616,0.3030487596988678,0.46277084946632385,0.8417146539269761,0.6228243304434284,0.7541585245335569,0.8478116735213029,0.7616912052659418,0.8133634862191585,length_ratio_extreme;low_punc_jaccard,length_ratio_extreme;low_punc_jaccard,EN:length_ratio_extreme;EN:low_punc_jaccard;SP:length_ratio_extreme;SP:low_punc_jaccard
0:02:05.91,official,でないと,Otherwise...,"Si no, a mi velocidad máxima de Mach 20",0.0,0.0,0.0,0.0,1,0,1.0,9.0,0.6819798946380615,0.2923549711704254,-0.6727373600006104,-0.7329545617103577,0.3201066145425287,0.6875667215906445,0.467090657361775,0.23169313358968516,0.24400208949490798,0.23661671595177428,low_punc_jaccard,low_qe_mix;length_ratio_extreme;low_punc_jaccard;digits_mismatch,EN:low_punc_jaccard;SP:low_qe_mix;SP:length_ratio_extreme;SP:low_punc_jaccard;SP:digits_mismatch
0:02:07.43,official,最高速度マッハ20の先生は　殺せませんよ,...you'll never be able to kill me at my max speed of Mach 20.,nunca podrán matarme.,0.0,0.0,0.0,0.0,1,0,7.0,1.5,0.5734232664108276,0.503657341003418,-0.24987438321113586,-0.44879356026649475,0.5461486987641812,0.5742643488017078,0.5573949587791919,0.37811208536458357,0.47296817485923426,0.41605452116244385,length_ratio_extreme;low_punc_jaccard,low_punc_jaccard;digits_mismatch,EN:length_ratio_extreme;EN:low_punc_jaccard;SP:low_punc_jaccard;SP:digits_mismatch
0:02:12.21,official,いや　ていうかさ,"But, like, see...","No, eso no es posible.",0.0,0.0,0.0,0.0,1,1,1.5,2.5,0.5832896828651428,0.6238654255867004,-0.05267665162682533,-0.1943666785955429,0.6515610632836021,0.5845620930615767,0.624761475194792,0.5092100091765404,0.6032249939281916,0.5468160030772009,low_punc_jaccard,length_ratio_extreme;low_punc_jaccard,EN:low_punc_jaccard;SP:length_ratio_extreme;SP:low_punc_jaccard
0:02:14.37,official,本当に全部よけてんのかよ　先生,No way did you seriously dodge all of those!,No hay forma de que esquivara tantos disparos.,0.0,0.0,0.0,0.0,1,1,4.5,4.0,0.4537052810192108,0.31437987089157104,-0.5641919374465942,-0.3947480022907257,0.3781297447137121,0.44931268042464484,0.4066029189980852,0.4059600092763555,0.267868149651632,0.35072326542646615,length_ratio_extreme;low_punc_jaccard,length_ratio_extreme;low_punc_jaccard,EN:length_ratio_extreme;EN:low_punc_jaccard;SP:length_ratio_extreme;SP:low_punc_jaccard
0:02:16.60,official,どう見ても これ　ただのBB弾だろ,"I mean, these are just BB's.","Solo son balines. Aunque le diéramos con ellos,",0.0,0.0,0.0,0.0,1,1,2.0,2.6666666666666665,0.6185067892074585,0.15801900625228882,-0.4394928216934204,-1.0801762342453003,0.44478785756022343,0.6213187773516626,0.5154002254767991,0.052781062377348344,0.09843637702677159,0.07104318823711764,length_ratio_extreme;low_punc_jaccard,low_qe_mix;length_ratio_extreme;low_punc_jaccard,EN:length_ratio_extreme;EN:low_punc_jaccard;SP:low_qe_mix;SP:length_ratio_extreme;SP:low_punc_jaccard
0:02:19.79,official,当たってるのに　我慢してるだけじゃないの,You coulda just stood there grittin' your teeth as they hit you.,"podría aguantar el dolor, pero nunca lo matarían.",0.0,0.0,0.0,0.0,1,1,6.0,4.0,0.49933335185050964,0.40048548579216003,-0.46239525079727173,-0.7195054888725281,0.43254532725483197,0.4969354628875113,0.45830138150790367,0.23862300481498872,0.3611717202043829,0.28764249097074635,length_ratio_extreme;low_punc_jaccard,length_ratio_extreme;low_punc_jaccard,EN:length_ratio_extreme;EN:low_punc_jaccard;SP:length_ratio_extreme;SP:low_punc_jaccard
0:02:22.58,official,そうよ　そうだよ,Yeah! That's right!,Sí. Tienes razón. No son balas de verdad.,0.0,0.0,0.0,0.0,1,1,1.5,4.0,0.7793502807617188,0.4672960937023163,0.4528088867664337,-0.4353729784488678,0.9217691706706012,0.7891938259632323,0.8687390327876536,0.3850272760908325,0.4335673273435265,0.4044432965919101,low_punc_jaccard,length_ratio_extreme;low_punc_jaccard,EN:low_punc_jaccard;SP:length_ratio_extreme;SP:low_punc_jaccard
0:02:26.18,official,では　弾を込めて渡しなさい,Gather up the BB's and hand them over.,Pásenme un arma que esté cargada.,0.0,0.0,0.0,0.0,1,1,4.0,3.0,0.42941248416900635,0.8763473629951477,-0.43439388275146484,-0.7821165919303894,0.44751350357092257,0.4239578810931264,0.43809125457980413,0.20636153321043688,0.8768130321470922,0.47454213278509905,length_ratio_extreme;low_punc_jaccard,length_ratio_extreme;low_punc_jaccard;model_discrepancy,EN:length_ratio_extreme;EN:low_punc_jaccard;SP:length_ratio_extreme;SP:low_punc_jaccard;SP:model_discrepancy
0:02:29.43,official,言ったでしょう,I told you: these may be harmless to you...,"Ya se los dije, quizás sean inofensivos para ustedes.",0.0,0.0,0.0,0.0,1,1,9.0,9.0,0.473041296005249,0.5319461226463318,-0.4576137661933899,-0.2641487419605255,0.4351012775386358,0.46949400342608044,0.44885836789361366,0.4732535742024443,0.5036217430024764,0.4854008417224571,length_ratio_extreme;low_punc_jaccard,length_ratio_extreme;low_punc_jaccard,EN:length_ratio_extreme;EN:low_punc_jaccard;SP:length_ratio_extreme;SP:low_punc_jaccard
0:02:30.96,official,この弾は君たちにとっては無害ですが,,,0.0,0.0,1.0,1.0,1,1,0.0,0.0,0.28008270263671875,0.28008270263671875,-0.5748586654663086,-0.5748586654663086,0.3724278280982924,0.2680998846542033,0.3306966507206568,0.3131548235835522,0.23070392683386678,0.28017446488367803,length_ratio_extreme,length_ratio_extreme,EN:length_ratio_extreme;SP:length_ratio_extreme
0:02:36.57,official,国が開発した対先生用特殊弾です,...but they're special anti-me BB's developed by the government.,Pero son balines especiales desarrollados por el gobierno.,0.0,0.0,0.0,0.0,1,1,9.0,8.0,0.45122432708740234,0.36955028772354126,-0.5837482810020447,-0.45345452427864075,0.3676758698188439,0.4467232672138224,0.3992948287768353,0.37571044171379653,0.3276505097828433,0.3564864689414152,length_ratio_extreme;low_punc_jaccard,length_ratio_extreme;low_punc_jaccard,EN:length_ratio_extreme;EN:low_punc_jaccard;SP:length_ratio_extreme;SP:low_punc_jaccard
0:02:40.37,official,当たれば　先生の細胞を豆腐のように破壊できる,"If one hits me, it can slice through my cells like they were tofu.","Si uno me golpea, puede cortar mis células como si fueran tofu.",0.0,0.0,0.0,0.0,1,1,7.0,6.0,0.5421149730682373,0.573082447052002,-0.348234087228775,-0.20503485202789307,0.49357036081561895,0.5415873581691115,0.512777159757016,0.5037130452603779,0.5481968377961963,0.5215065622747053,length_ratio_extreme;low_punc_jaccard,length_ratio_extreme;low_punc_jaccard,EN:length_ratio_extreme;EN:low_punc_jaccard;SP:length_ratio_extreme;SP:low_punc_jaccard
0:02:45.04,official,もちろん数秒あれば再生しますが,"Of course, they regenerate a few seconds later.",Aunque se regeneran unos segundos despúes.,0.0,0.0,0.0,0.0,1,1,8.0,6.0,0.6787326335906982,0.703187108039856,0.3288417160511017,0.08429364860057831,0.855502320221062,0.6841775007964871,0.786972392451232,0.652794641838974,0.689177532606134,0.667347798145838,length_ratio_extreme;low_punc_jaccard,length_ratio_extreme;low_punc_jaccard,EN:length_ratio_extreme;EN:low_punc_jaccard;SP:length_ratio_extreme;SP:low_punc_jaccard
0:02:48.49,official,だが　君たちも目に入ると危ない,"Then again, you could end up shooting your eyes out.",Me preocupa más que pudieran sacarse un ojo.,0.0,0.0,0.0,0.0,1,1,5.0,4.0,0.6942996382713318,0.6735067367553711,-0.6184576153755188,-0.8313938975334167,0.3491219393156483,0.7004250445562313,0.48964318141188157,0.18097053516346537,0.6570160455838187,0.37138873933160665,length_ratio_extreme;low_punc_jaccard,length_ratio_extreme;low_punc_jaccard,EN:length_ratio_extreme;EN:low_punc_jaccard;SP:length_ratio_extreme;SP:low_punc_jaccard
0:02:52.18,official,先生を殺す以外の目的で室内での発砲はしないように,No shooting in the classroom unless you're trying to kill me.,Por eso no deben disparar en el aula a menos que intenten matarme.,0.0,0.0,0.0,0.0,1,1,11.0,13.0,0.790863037109375,0.7895166873931885,-0.05250618979334831,0.10228148102760315,0.651652183930796,0.8012098827700068,0.7114752634664804,0.6620631887376862,0.7827237898076241,0.7103274291656614,length_ratio_extreme;low_punc_jaccard,length_ratio_extreme;low_punc_jaccard,EN:length_ratio_extreme;EN:low_punc_jaccard;SP:length_ratio_extreme;SP:low_punc_jaccard
0:02:57.51,official,殺せるといいですね　卒業までに,"I do hope you can kill me before graduation, that is.",Y espero que puedan lograrlo antes del día de la graduación.,0.0,0.0,0.0,0.0,1,1,5.5,5.5,0.7972345352172852,0.4680786728858948,-0.5798888206481934,-0.098566934466362,0.36973895055714584,0.8078599221608336,0.544987339198621,0.5585725115763259,0.43441532584109754,0.5089096372822346,length_ratio_extreme;low_punc_jaccard,length_ratio_extreme;low_punc_jaccard,EN:length_ratio_extreme;EN:low_punc_jaccard;SP:length_ratio_extreme;SP:low_punc_jaccard
0:03:02.02,official,さあ　銃と弾を片付けましょう,"Now then, let's put away the guns and BB's and start on our work.",Ahora guardemos las armas y las municiones y comencemos la clase.,0.0,0.0,0.0,0.0,1,1,7.0,5.5,0.8209124803543091,0.6542532444000244,0.28964269161224365,-0.032435718923807144,0.8345484186738327,0.8325729904515641,0.8337582473849252,0.5926477830250495,0.6361530672003771,0.6100498966951806,length_ratio_extreme;low_punc_jaccard,length_ratio_extreme;low_punc_jaccard,EN:length_ratio_extreme;EN:low_punc_jaccard;SP:length_ratio_extreme;SP:low_punc_jaccard
0:03:04.83,official,授業を始めます,,,0.0,0.0,1.0,1.0,1,1,0.0,0.0,0.4495857059955597,0.4495857059955597,-0.2704256474971771,-0.2704257667064667,0.5351629873929075,0.44501301090944323,0.4991029967995218,0.47001922684691044,0.41437644866712753,0.4477621155749973,length_ratio_extreme,length_ratio_extreme,EN:length_ratio_extreme;SP:length_ratio_extreme
0:03:08.08,official,椚ヶ丘中学校３-Eは　暗殺教室,Class 3-E of Kunugigaoka Junior High School: the assassination classroom.,La clase 3-E de la Secundaria Kunugigaoka: el aula de asesinatos.,0.0,0.0,0.3333333333333333,0.3333333333333333,0,0,5.0,5.5,0.7895274758338928,0.7679963111877441,0.2254774421453476,-0.14101138710975647,0.80024878139128,0.7998159350766388,0.8000756428654234,0.5367022611439038,0.759404428556623,0.6257831281089916,length_ratio_extreme;digits_mismatch,length_ratio_extreme;digits_mismatch,EN:length_ratio_extreme;EN:digits_mismatch;SP:length_ratio_extreme;SP:digits_mismatch
0:03:13.64,official,始業のベルが　今日も鳴る,"Another day, another class bell rings.",Suena la campana y empieza la clase.,0.0,0.0,0.0,0.0,1,1,3.0,3.5,0.6885576248168945,0.6704112887382507,-0.4537307322025299,0.13740554451942444,0.437176959602508,0.694432008851291,0.5400789793020212,0.6801614799613799,0.6536618351436376,0.669561622034283,length_ratio_extreme;low_punc_jaccard,length_ratio_extreme;low_punc_jaccard,EN:length_ratio_extreme;EN:low_punc_jaccard;SP:length_ratio_extreme;SP:low_punc_jaccard
0:04:56.48,official,はい　ここで問題です,"Now, here's the question:","Bien, responde la pregunta,",0.0,0.0,0.0,0.0,1,1,2.0,2.0,0.748860239982605,0.7036062479019165,0.4380284249782562,-0.017043452709913254,0.913868251054218,0.7573708592488114,0.8512692943320553,0.6005789188002862,0.6896317102545532,0.636200035381993,length_ratio_extreme;low_punc_jaccard,length_ratio_extreme;low_punc_jaccard,EN:length_ratio_extreme;EN:low_punc_jaccard;SP:length_ratio_extreme;SP:low_punc_jaccard
0:04:58.90,official,磯貝君,Isogai!,Isogai.,0.0,0.0,0.0,0.0,1,1,1.0,1.0,0.6909232139587402,0.7433658838272095,-0.3615708351135254,-0.4496603012084961,0.48644118078785653,0.696901013896785,0.5706251140314279,0.37766548185620846,0.7327150329854832,0.5196853023079184,low_punc_jaccard,low_punc_jaccard,EN:low_punc_jaccard;SP:low_punc_jaccard
0:05:00.27,official,はい,"Y-Yes, sir?",Sí.,0.0,0.0,0.0,0.0,1,1,2.0,1.0,0.7029933929443359,0.9837301969528198,-0.27628982067108154,0.5430669784545898,0.532028284192996,0.7094988620557431,0.6030165153380949,0.8891856656535996,0.9931724802027316,0.9307803914732524,length_ratio_extreme;low_punc_jaccard,low_punc_jaccard,EN:length_ratio_extreme;EN:low_punc_jaccard;SP:low_punc_jaccard
0:05:01.23,official,この4本の触手のうち　仲間外れは,Which of these four tentacles is not like the others?,Di qué tentáculo señala al pronombre diferente.,0.0,0.0,0.0,0.0,0,0,5.0,3.5,0.6766168475151062,0.4256777763366699,-0.28590306639671326,-1.0768550634384155,0.5268895082319155,0.6819692193990898,0.5889213926987853,0.05449235402447301,0.3884699476303041,0.18808339146680544,length_ratio_extreme;low_punc_jaccard;digits_mismatch,low_qe_mix;length_ratio_extreme;low_punc_jaccard;digits_mismatch,EN:length_ratio_extreme;EN:low_punc_jaccard;EN:digits_mismatch;SP:low_qe_mix;SP:length_ratio_extreme;SP:low_punc_jaccard;SP:digits_mismatch
0:05:04.39,official,ええと　青い触手,Um... the blue one?,Creo que el azul.,0.0,0.0,0.0,0.0,1,1,2.0,2.0,0.8048127293586731,0.8749306201934814,-0.3098292648792267,-0.6421878337860107,0.5140997203589023,0.8157694104315744,0.6347675963879711,0.27846228590542177,0.8752778574421326,0.5171885145201062,length_ratio_extreme;low_punc_jaccard,length_ratio_extreme;low_punc_jaccard;model_discrepancy,EN:length_ratio_extreme;EN:low_punc_jaccard;SP:length_ratio_extreme;SP:low_punc_jaccard;SP:model_discrepancy
0:05:06.71,official,正解　青の例文の「WHO」だけが関係詞です,"Correct! Only the ""who"" in the blue sentence is a relative pronoun."," Es correcto. Solo el ""quién"" en esa oración es un pronombre relativo.",0.12216944435630522,0.0,0.0,0.0,1,1,6.0,6.0,0.8956664204597473,0.6298674941062927,-0.24767455458641052,-0.08619794249534607,0.5473246206929314,0.9105949309593235,0.6926327447994882,0.5649458521463059,0.6097288023526105,0.5828590322288277,length_ratio_extreme;low_punc_jaccard,length_ratio_extreme;low_punc_jaccard,EN:length_ratio_extreme;EN:low_punc_jaccard;SP:length_ratio_extreme;SP:low_punc_jaccard
0:05:11.39,official,関係代名詞は直前の名詞を修飾し,"A relative pronoun qualifies the noun right before it, so here,",,0.0,0.0,0.0,1.0,1,1,11.0,0.0,0.6491162776947021,0.3431687355041504,-0.8045042157173157,-0.791593611240387,0.24967042993333213,0.6532664136415515,0.4111088234166199,0.20147833239727236,0.29906360494934475,0.2405124414181013,length_ratio_extreme;low_punc_jaccard,low_qe_mix;length_ratio_extreme,EN:length_ratio_extreme;EN:low_punc_jaccard;SP:low_qe_mix;SP:length_ratio_extreme
0:05:14.40,official,ここでは「who is standing over there」が,"""who is standing over there"" is describing ""boy"" over here.",,0.8179128813519699,0.0,0.0,0.0,1,1,2.0,0.0,0.8760749101638794,0.41600319743156433,-0.3773457109928131,-0.5730323195457458,0.4780086955200169,0.8901469432197426,0.6428639945999073,0.31409588042776515,0.37798662715831366,0.3396521791199846,length_ratio_extreme;low_punc_jaccard,length_ratio_extreme;low_punc_jaccard,EN:length_ratio_extreme;EN:low_punc_jaccard;SP:length_ratio_extreme;SP:low_punc_jaccard
0:05:17.55,official,前の「the boy」少年を説明しています,,,0.0,0.0,0.0,0.0,1,1,0.0,0.0,0.3371456265449524,0.3371456265449524,-0.29333972930908203,-0.29333972930908203,0.5229142281136879,0.32765741497417533,0.44481150285788285,0.45821240476985997,0.29253699722033366,0.39194224175004944,length_ratio_extreme;low_punc_jaccard,length_ratio_extreme;low_punc_jaccard,EN:length_ratio_extreme;EN:low_punc_jaccard;SP:length_ratio_extreme;SP:low_punc_jaccard
0:05:12.18,official,ねえ　渚,"Hey, Nagisa.","Oye, Nagisa.",0.0,0.0,0.0,0.0,1,1,1.0,1.0,0.6970676183700562,0.7044911980628967,0.21503129601478577,0.21984754502773285,0.7946647771794104,0.703314031789342,0.758124479023383,0.7226411701205407,0.6905906373799912,0.7098209570243209,low_punc_jaccard,low_punc_jaccard,EN:low_punc_jaccard;SP:low_punc_jaccard
0:05:16.12,official,昼間だけど　出てるね　三日月,"The crescent moon's out, even though it's daytime.",La luna creciente puede verse aun de día.,0.0,0.0,0.0,0.0,1,1,2.6666666666666665,2.6666666666666665,0.4113348424434662,0.32101795077323914,-0.5319045782089233,-0.5783478617668152,0.39538900451344117,0.40508994335979376,0.3992693800519822,0.3113569538468144,0.2750611364886586,0.2968386269035521,length_ratio_extreme;low_punc_jaccard,length_ratio_extreme;low_punc_jaccard,EN:length_ratio_extreme;EN:low_punc_jaccard;SP:length_ratio_extreme;SP:low_punc_jaccard
0:05:21.41,official,何で僕らがこんな状態になったのか,How did we end up like this?,¿Cómo fue que terminamos metidos en esto?,0.0,0.0,0.0,0.0,1,1,7.0,7.0,0.870261013507843,0.8466033935546875,0.29945194721221924,0.18123240768909454,0.8397919720284346,0.8840788818122004,0.8575067359419408,0.7027440417213641,0.8445826305128793,0.7594794772379702,length_ratio_extreme;low_punc_jaccard,length_ratio_extreme;low_punc_jaccard,EN:length_ratio_extreme;EN:low_punc_jaccard;SP:length_ratio_extreme;SP:low_punc_jaccard
0:05:25.49,official,３年生の始め,Two things happened at once as our third year began.,"En tercero de secundaria,",0.0,0.0,0.0,0.0,0,0,10.0,4.0,0.5456645488739014,0.72674161195755,-0.10592563450336456,-0.11399984359741211,0.6230967338606731,0.5452921099446927,0.5919748842942809,0.550620433823489,0.714701063454348,0.6162526856758326,length_ratio_extreme;low_punc_jaccard;digits_mismatch,length_ratio_extreme;low_punc_jaccard;digits_mismatch,EN:length_ratio_extreme;EN:low_punc_jaccard;EN:digits_mismatch;SP:length_ratio_extreme;SP:low_punc_jaccard;SP:digits_mismatch
0:05:27.39,official,僕らは二つの事件に同時に遭った,The first was the moon suddenly exploding into a crescent.,nos sorprendieron dos hechos extraordinarios.,0.0,0.0,0.0,0.0,1,1,10.0,5.0,0.16976556181907654,0.6314377188682556,0.0113636814057827,0.05244561284780502,0.685793926285336,0.15296003536037261,0.4726603699153506,0.6363843815030503,0.611430289265289,0.6264027446079458,length_ratio_extreme;low_punc_jaccard;model_discrepancy,length_ratio_extreme;low_punc_jaccard,EN:length_ratio_extreme;EN:low_punc_jaccard;EN:model_discrepancy;SP:length_ratio_extreme;SP:low_punc_jaccard
0:05:45.82,official,一つ目は　その日突然　月が爆発して三日月形になってしまったこと,"""Breaking"" ""NASA Reporting: Most of Moon Missing?""",El primero: una explosión que dejó a la Luna convertida en una media luna permanente.,0.0,0.0,0.0,0.0,1,1,2.3333333333333335,5.0,0.4782373905181885,0.8198701739311218,-0.6671406626701355,-0.10329242050647736,0.32309833810022415,0.47491725437966814,0.3838259046120017,0.5561376218162781,0.8156146608150927,0.6599284374158039,length_ratio_extreme;low_punc_jaccard,length_ratio_extreme;low_punc_jaccard,EN:length_ratio_extreme;EN:low_punc_jaccard;SP:length_ratio_extreme;SP:low_punc_jaccard
0:05:55.23,official,番組の途中ですが　ここで臨時ニュースです,We interrupt this program to bring you breaking news.,Interrumpimos este programa por noticias de última hora.,0.0,0.0,0.0,0.0,1,1,4.5,4.0,0.5305342674255371,0.5615932941436768,0.315103679895401,0.4644359350204468,0.8481586309027771,0.5295003815439571,0.720695331159249,0.8486696381266197,0.5357472549181124,0.7235006848432167,length_ratio_extreme;low_punc_jaccard,length_ratio_extreme;low_punc_jaccard,EN:length_ratio_extreme;EN:low_punc_jaccard;SP:length_ratio_extreme;SP:low_punc_jaccard
0:05:58.27,official,つい先ほど　月が７割方蒸発し　失われたとの情報が入りました,We've just gotten word that about 70 percent of the moon,Acabamos de recibir la noticia de que casi el 70% de la luna,0.0,0.0,0.0,0.0,0,0,3.6666666666666665,4.333333333333333,0.7597556114196777,0.7703021168708801,-0.6100234389305115,-0.6378390789031982,0.3536304418967853,0.7687425410742004,0.5196752815677513,0.28070305831342995,0.7619029869083147,0.4731830297513839,length_ratio_extreme;low_punc_jaccard;digits_mismatch,length_ratio_extreme;low_punc_jaccard;digits_mismatch,EN:length_ratio_extreme;EN:low_punc_jaccard;EN:digits_mismatch;SP:length_ratio_extreme;SP:low_punc_jaccard;SP:digits_mismatch
0:06:04.49,official,繰り返します,has been vaporized into nothing. I repeat...,"fue destruida repentinamente. Repito, la...",0.0,0.0,0.0,0.0,1,1,7.0,5.0,0.375929057598114,0.6024419665336609,-0.24151483178138733,-0.6322326064109802,0.5506173104234119,0.36813633215296937,0.47762491911523486,0.2835918918313803,0.5800106515702976,0.40215939572694726,length_ratio_extreme;low_punc_jaccard,length_ratio_extreme;low_punc_jaccard,EN:length_ratio_extreme;EN:low_punc_jaccard;SP:length_ratio_extreme;SP:low_punc_jaccard
0:06:05.70,official,われわれはもう一生三日月しか見られないということでしょうか,Will we have only a crescent moon to look at for the rest of our lives?,¿Tendremos una luna creciente para el resto de nuestras vidas?,0.0,0.0,0.0,0.0,1,1,16.0,10.0,0.48655688762664795,0.48963963985443115,0.06424112617969513,-0.21147878468036652,0.7140596494180593,0.4836004529847873,0.6218759708447505,0.5003926956716268,0.4577786710196546,0.4833470858108379,length_ratio_extreme;low_punc_jaccard,length_ratio_extreme;low_punc_jaccard,EN:length_ratio_extreme;EN:low_punc_jaccard;SP:length_ratio_extreme;SP:low_punc_jaccard
0:06:10.74,official,そして　二つ目の事件が　これ,And the second was this:,"Y el segundo, fue la llegada de este ser.",0.0,0.0,0.0,0.0,1,1,1.6666666666666667,3.0,0.875206708908081,0.7603549957275391,0.21834178268909454,-0.39707186818122864,0.7964344031545435,0.8892407870140213,0.8335569566983346,0.40476259652082613,0.7511243411665011,0.5433072943790961,low_punc_jaccard,length_ratio_extreme;low_punc_jaccard,EN:low_punc_jaccard;SP:length_ratio_extreme;SP:low_punc_jaccard
0:06:13.88,official,初めまして　私が月をやった犯人です,How do you do? I'm the one who blasted your moon.,"Tienen que saber, que fui yo quien destruyó su Luna.",0.0,0.0,0.0,0.0,1,1,5.5,5.0,0.8187301158905029,0.7638078927993774,-0.707630455493927,-0.6320875883102417,0.3014544542372268,0.8302952200742278,0.5129907605720272,0.28366661495732165,0.754865881435688,0.4721463215486682,length_ratio_extreme;low_punc_jaccard;model_discrepancy,length_ratio_extreme;low_punc_jaccard,EN:length_ratio_extreme;EN:low_punc_jaccard;EN:model_discrepancy;SP:length_ratio_extreme;SP:low_punc_jaccard
0:06:20.93,official,来年には　地球もやる予定です,I plan to do the same to the Earth next year.,Y destruiré la Tierra el próximo año.,0.0,0.0,0.0,0.0,1,1,5.5,3.5,0.884827196598053,0.7080147862434387,0.09701703488826752,-0.15021273493766785,0.7315800641230639,0.8992818512996484,0.7986607789936977,0.5319611049084125,0.6944087781456265,0.596940174203298,length_ratio_extreme;low_punc_jaccard,length_ratio_extreme;low_punc_jaccard,EN:length_ratio_extreme;EN:low_punc_jaccard;SP:length_ratio_extreme;SP:low_punc_jaccard
0:06:23.54,official,君たちの担任になったので　どうぞよろしく,Now I'm your teacher. Nice to meet you.,Pero ahora soy su profesor. Encantado de conocerlos.,0.0,0.0,0.0,0.0,1,1,4.0,4.0,0.6962512135505676,0.7222315073013306,-0.1310535967350006,0.0318596214056015,0.6096645412430871,0.7024619363925437,0.6467834993028697,0.6257770874940237,0.7098139388634871,0.6593918280418091,length_ratio_extreme;low_punc_jaccard,length_ratio_extreme;low_punc_jaccard,EN:length_ratio_extreme;EN:low_punc_jaccard;SP:length_ratio_extreme;SP:low_punc_jaccard
0:06:28.13,official,まず五六カ所ツッコませろ,There are at least six things wrong with this picture!,Hay algo que está mal en todo esto.,0.0,0.0,0.0,0.0,1,1,10.0,8.0,0.44708460569381714,0.27628403902053833,-0.3559621274471283,-0.6695061326026917,0.48943932448993227,0.44240257059457483,0.4706246229317893,0.2643860521622701,0.22658771583964005,0.24926671763321812,length_ratio_extreme;low_punc_jaccard,low_qe_mix;length_ratio_extreme;low_punc_jaccard,EN:length_ratio_extreme;EN:low_punc_jaccard;SP:low_qe_mix;SP:length_ratio_extreme;SP:low_punc_jaccard
0:06:30.43,official,クラス全員　そう思った,The feeling was unanimous.,El sentimiento fue unánime.,0.0,0.0,0.0,0.0,1,1,2.0,2.0,0.5160229802131653,0.3985203802585602,0.037535425275564194,0.06074811890721321,0.6997840740560308,0.5143547078045161,0.625612327555425,0.6406623937149528,0.3590423426601946,0.5280143732930495,length_ratio_extreme;low_punc_jaccard,length_ratio_extreme;low_punc_jaccard,EN:length_ratio_extreme;EN:low_punc_jaccard;SP:length_ratio_extreme;SP:low_punc_jaccard
0:06:34.04,official,防衛省の烏間という者だ,I'm Karasuma from the Ministry of Defense.,Buen día. Soy Karasuma del Ministerio de Defensa.,0.0,0.0,0.0,0.0,1,1,7.0,8.0,0.693936824798584,0.7094535827636719,-0.05772200599312782,0.2754407227039337,0.6488640609939843,0.7000463700523026,0.6693369846173116,0.7512865322913701,0.6959678501386855,0.7291590594302962,length_ratio_extreme;low_punc_jaccard,length_ratio_extreme;low_punc_jaccard,EN:length_ratio_extreme;EN:low_punc_jaccard;SP:length_ratio_extreme;SP:low_punc_jaccard
0:06:36.53,official,まずは　ここからの話は国家機密だと理解いただきたい,"First, please understand that what I'm about to say is a state secret.","En primera, lo que voy a decirles es secreto de Estado.",0.0,0.0,0.0,0.0,1,1,6.5,5.5,0.7888574004173279,0.8136005401611328,0.5991573929786682,-0.004890665411949158,1.0,0.7991165661308255,0.9196466264523302,0.6068408561114227,0.8088209201574893,0.6876328817298494,length_ratio_extreme;low_punc_jaccard,length_ratio_extreme;low_punc_jaccard,EN:length_ratio_extreme;EN:low_punc_jaccard;SP:length_ratio_extreme;SP:low_punc_jaccard
0:06:43.72,official,単刀直入に言う,Let me be blunt:,Voy a ser contundente:,0.0,0.0,0.0,0.0,1,1,4.0,4.0,0.5618809461593628,0.725797712802887,-0.42890068888664246,0.2679443061351776,0.4504498991846162,0.5622174356529013,0.4951569137719303,0.7474238718612333,0.713678259523693,0.7339256269262171,length_ratio_extreme;low_punc_jaccard,length_ratio_extreme;low_punc_jaccard,EN:length_ratio_extreme;EN:low_punc_jaccard;SP:length_ratio_extreme;SP:low_punc_jaccard
0:06:45.84,official,この怪物を君たちに殺してほしい,I want you to kill this creature.,"lo que estoy esperando, es que maten a esta criatura.",0.0,0.0,0.0,0.0,1,1,7.0,10.0,0.7779526114463806,0.7203699946403503,0.08371999859809875,-0.02193017676472664,0.7244721119920428,0.7877350550674505,0.7497772892222059,0.5980609483184701,0.707796813986101,0.6419552945855225,length_ratio_extreme;low_punc_jaccard,length_ratio_extreme;low_punc_jaccard,EN:length_ratio_extreme;EN:low_punc_jaccard;SP:length_ratio_extreme;SP:low_punc_jaccard
0:06:50.86,official,えっと　何っすか,Um...,Pero...¿qué es eso?,0.0,0.0,0.0,0.0,1,1,0.5,1.5,0.7004411220550537,0.7310265302658081,0.0401403084397316,-0.2385540008544922,0.7011765185401821,0.7068350141408052,0.7034399167804313,0.4864417145336419,0.7193441773575343,0.5796026996631989,low_punc_jaccard,low_punc_jaccard,EN:low_punc_jaccard;SP:low_punc_jaccard
0:06:53.87,official,そいつ　攻めてきた宇宙人か何かっすか,What is that? Is that the alien or whatever that came to attack us?,¿Una clase de extraterrestre que ha venido a atacarnos?,0.0,0.0,0.0,0.0,1,1,7.0,4.5,0.750336766242981,0.7990542650222778,-0.1608581393957138,-0.010591596364974976,0.593732475037029,0.7589119344601342,0.659804258806271,0.6039033512108847,0.7930586564507052,0.6795654733068128,length_ratio_extreme;low_punc_jaccard,length_ratio_extreme;low_punc_jaccard,EN:length_ratio_extreme;EN:low_punc_jaccard;SP:length_ratio_extreme;SP:low_punc_jaccard
0:06:56.38,official,失礼な,How rude! I'll have you know I was born and raised on Earth!,Qué grosero. Yo nací y crecí en la Tierra.,0.0,0.0,0.0,0.0,1,1,13.0,9.0,0.49226781725883484,0.4167880713939667,-0.7279065251350403,-0.6574475169181824,0.2906158486059222,0.4895610459833371,0.3701939275568882,0.27059946589396056,0.3788371122655923,0.31389452444261323,length_ratio_extreme;low_punc_jaccard,length_ratio_extreme;low_punc_jaccard,EN:length_ratio_extreme;EN:low_punc_jaccard;SP:length_ratio_extreme;SP:low_punc_jaccard
0:06:57.30,official,生まれも育ちも地球ですよ,,,0.0,0.0,1.0,1.0,1,1,0.0,0.0,0.21472804248332977,0.21472804248332977,-0.5486049056053162,-0.5486049056053162,0.3864618176489737,0.19988813020754234,0.3118323426724012,0.32668253491432686,0.15988597667332424,0.2599639116179258,length_ratio_extreme,length_ratio_extreme,EN:length_ratio_extreme;SP:length_ratio_extreme
0:07:00.21,official,地球,He was?,¿En la Tierra?,0.0,0.0,0.0,0.0,1,1,2.0,3.0,0.18638969957828522,0.8065184354782104,-0.88922119140625,-0.8624227046966553,0.20438483435087576,0.17031092663663616,0.19075527126517994,0.1649823967610028,0.8011467904888503,0.41944815425214177,low_qe_mix;length_ratio_extreme;low_punc_jaccard,length_ratio_extreme;low_punc_jaccard;model_discrepancy,EN:low_qe_mix;EN:length_ratio_extreme;EN:low_punc_jaccard;SP:length_ratio_extreme;SP:low_punc_jaccard;SP:model_discrepancy
0:07:01.58,official,詳しいことを話せないのは申し訳ないが,"I'm afraid I can't discuss the details, but he's telling the truth.","Me temo que no puedo discutir detalles con ustedes,",0.0,0.0,0.0,0.0,1,1,12.0,9.0,0.5685531497001648,0.7786511778831482,0.02449551224708557,0.3212319016456604,0.6928135675780096,0.5691813263452428,0.6433606710849029,0.7748812422871714,0.7709499834846326,0.7733087387661559,length_ratio_extreme;low_punc_jaccard,length_ratio_extreme;low_punc_jaccard,EN:length_ratio_extreme;EN:low_punc_jaccard;SP:length_ratio_extreme;SP:low_punc_jaccard
0:07:04.35,official,こいつが言ったことは真実だ,,pero lo que ha dicho es verdad.,0.0,0.0,1.0,0.0,1,1,0.0,7.0,0.23941107094287872,0.9708774089813232,-0.6077060103416443,0.4986824095249176,0.3548692270754726,0.22565022081180952,0.30318162457000736,0.8663157361958546,0.9792452698729223,0.9114875496666817,length_ratio_extreme,length_ratio_extreme;low_punc_jaccard,EN:length_ratio_extreme;SP:length_ratio_extreme;SP:low_punc_jaccard
0:07:06.81,official,月を壊したこの生物は,"Come March next year, this creature who smashed the moon","En marzo del próximo año, esta criatura que destrozó la Luna,",0.0,0.0,0.0,0.0,1,1,10.0,11.0,0.8206040859222412,0.838073194026947,-0.5839959979057312,-0.6152687668800354,0.36754345234964064,0.8322511140127064,0.553426517014867,0.2923328083877615,0.8353393532378206,0.5095354263277851,length_ratio_extreme;low_punc_jaccard,length_ratio_extreme;low_punc_jaccard;model_discrepancy,EN:length_ratio_extreme;EN:low_punc_jaccard;SP:length_ratio_extreme;SP:low_punc_jaccard;SP:model_discrepancy
0:07:09.00,official,来年の三月　地球をも破壊する,will destroy Earth as well.,también destruirá la Tierra.,0.0,0.0,0.0,0.0,1,1,2.5,2.0,0.7771227359771729,0.799285888671875,-0.303725928068161,-0.1600557118654251,0.5173622688656421,0.7868689001277102,0.6251649213704693,0.5268893379988655,0.7933096425630142,0.6334574598245251,length_ratio_extreme;low_punc_jaccard,length_ratio_extreme;low_punc_jaccard,EN:length_ratio_extreme;EN:low_punc_jaccard;SP:length_ratio_extreme;SP:low_punc_jaccard
0:07:14.33,official,このことを知っているのは各国首脳だけ,Only the world's leaders know about this.,Solo los líderes mundiales saben de todo esto.,0.0,0.0,0.0,0.0,1,1,7.0,8.0,0.842383861541748,0.8466408252716064,0.4867931008338928,0.6285932660102844,0.939935486948197,0.8549830309559564,0.9059545045513007,0.9332545889381948,0.8446231913153832,0.8978020298890701,length_ratio_extreme;low_punc_jaccard,length_ratio_extreme;low_punc_jaccard,EN:length_ratio_extreme;EN:low_punc_jaccard;SP:length_ratio_extreme;SP:low_punc_jaccard
0:07:18.07,official,こいつの存在が公になれば　世界はパニックに陥るだろう,"If news of this guy gets out there, we'd be looking at a global panic.","Si su existencia se hace pública, habrá pánico por todo el mundo.",0.0,0.0,0.0,0.0,1,1,7.5,6.0,0.8671377897262573,0.8216052055358887,0.1273566335439682,0.3681330978870392,0.7477981453716319,0.88081912079177,0.8010065355396871,0.7990479082116232,0.8174947315158655,0.8064266375333201,length_ratio_extreme;low_punc_jaccard,length_ratio_extreme;low_punc_jaccard,EN:length_ratio_extreme;EN:low_punc_jaccard;SP:length_ratio_extreme;SP:low_punc_jaccard
0:07:23.21,official,そうなる前に秘密裏にこいつを殺さなければならない,You've got to kill him in secret before that happens.,Tienen que eliminarlo en secreto antes de que eso ocurra.,0.0,0.0,0.0,0.0,1,1,10.0,10.0,0.897563636302948,0.6591494083404541,-0.14220194518566132,0.06089651584625244,0.6037051736518422,0.9125750869409319,0.7272531389674781,0.6407388578467313,0.641458523507508,0.641026724111042,length_ratio_extreme;low_punc_jaccard,length_ratio_extreme;low_punc_jaccard,EN:length_ratio_extreme;EN:low_punc_jaccard;SP:length_ratio_extreme;SP:low_punc_jaccard
0:07:27.69,official,つまり　暗殺だ,In other words...an assassination.,Es decir: asesinarlo.,0.0,0.0,0.0,0.0,1,1,2.0,1.5,0.9013240337371826,0.852348804473877,0.27828285098075867,-0.20701314508914948,0.828475997597241,0.9164998767845919,0.8636855492721813,0.5026936949805685,0.8508083261736331,0.6419395474577944,length_ratio_extreme;low_punc_jaccard,low_punc_jaccard,EN:length_ratio_extreme;EN:low_punc_jaccard;SP:low_punc_jaccard
0:07:30.42,official,だが　こいつは…,But this guy...,Pero es muy veloz.,0.0,0.0,0.0,0.0,1,1,1.5,2.0,0.744817316532135,0.2587764859199524,0.3417383134365082,0.11305470764636993,0.8623962170916224,0.7531511922655717,0.8186982071612021,0.6676142831550702,0.20761662762649058,0.48361522094363835,low_punc_jaccard,length_ratio_extreme;low_punc_jaccard,EN:low_punc_jaccard;SP:length_ratio_extreme;SP:low_punc_jaccard
0:07:31.92,official,とにかく速い,...is extremely fast!,"Intentas matarlo,",0.0,0.0,0.0,0.0,1,1,3.0,2.0,0.7673872113227844,0.2862429618835449,-0.05870749428868294,-0.9199472665786743,0.6483372666408947,0.7767077698337731,0.6996854679180462,0.13534185492282433,0.23737914985995018,0.17615677289767467,length_ratio_extreme;low_punc_jaccard,low_qe_mix;length_ratio_extreme;low_punc_jaccard,EN:length_ratio_extreme;EN:low_punc_jaccard;SP:low_qe_mix;SP:length_ratio_extreme;SP:low_punc_jaccard
0:07:33.43,official,殺すどころか,You try to kill him...,"y mientras tanto,",0.0,0.0,0.0,0.0,1,1,5.0,3.0,0.5799723863601685,0.4234592616558075,-0.6783334612846375,-0.8902470469474792,0.31711520960242034,0.5810997750861944,0.42270903579592994,0.15064541524175482,0.3860659773284006,0.24481364007641312,length_ratio_extreme;low_punc_jaccard,low_qe_mix;length_ratio_extreme;low_punc_jaccard,EN:length_ratio_extreme;EN:low_punc_jaccard;SP:low_qe_mix;SP:length_ratio_extreme;SP:low_punc_jaccard
0:07:35.43,official,眉毛の手入れをされている始末だ,...and he ends up grooming your eyebrows instead--immaculately!,él termina arreglando tus cejas y te deja impecable.,0.0,0.0,0.0,0.0,1,1,8.0,9.0,0.6277996897697449,0.6649669408798218,-0.4352228343486786,-0.5946177840232849,0.447070386161648,0.631017933460258,0.520649405081092,0.3029735903657351,0.6477623697590734,0.4408891021230704,length_ratio_extreme;low_punc_jaccard,length_ratio_extreme;low_punc_jaccard,EN:length_ratio_extreme;EN:low_punc_jaccard;SP:length_ratio_extreme;SP:low_punc_jaccard
0:07:37.98,official,丁寧にな,,,0.0,0.0,1.0,1.0,1,1,0.0,0.0,0.7502651214599609,0.7502651214599609,-0.2357376217842102,-0.2357376217842102,0.5537055273173639,0.7588371575990002,0.6357581794300184,0.4878929033638337,0.7401910089246925,0.5888121455881772,length_ratio_extreme,length_ratio_extreme,EN:length_ratio_extreme;SP:length_ratio_extreme
0:07:41.79,official,満月を三日月に変えるほどのパワーを持つ超生物だ,This superbeing has the power to turn a full moon into a crescent.,Un ser con el poder de convertir la luna llena en media luna.,0.0,0.0,0.0,0.0,1,1,13.0,13.0,0.6635783910751343,0.7658736109733582,-0.36086955666542053,-0.3117307126522064,0.4868160503099719,0.6683607638282176,0.5594339357172702,0.44873612727390716,0.7571042822834217,0.572083389277713,length_ratio_extreme;low_punc_jaccard,length_ratio_extreme;low_punc_jaccard,EN:length_ratio_extreme;EN:low_punc_jaccard;SP:length_ratio_extreme;SP:low_punc_jaccard
0:07:45.91,official,最高速度はマッハ20,His speed tops out at Mach 20!,Alcanza una velocidad de Mach 20.,0.0,0.0,0.0,0.0,1,1,7.0,6.0,0.6903485655784607,0.6099046468734741,0.3986148536205292,0.4041503965854645,0.892799663106508,0.6963012437485385,0.8142002953633203,0.8176064545793191,0.5880971709268145,0.7258027411183172,length_ratio_extreme;low_punc_jaccard,length_ratio_extreme;low_punc_jaccard,EN:length_ratio_extreme;EN:low_punc_jaccard;SP:length_ratio_extreme;SP:low_punc_jaccard
0:07:48.38,official,つまり　こいつが本気で逃げれば,"In short, if he gets away.","En resumen: si él llegara a escaparse,",0.0,0.0,0.0,0.0,1,1,3.0,3.5,0.8506755828857422,0.782799482345581,-0.7149688601493835,-0.49490925669670105,0.2975316982282345,0.8636372395300536,0.5239739147489622,0.3543501620275624,0.7754450633761328,0.5227881225669906,length_ratio_extreme;low_punc_jaccard;model_discrepancy,length_ratio_extreme;low_punc_jaccard,EN:length_ratio_extreme;EN:low_punc_jaccard;EN:model_discrepancy;SP:length_ratio_extreme;SP:low_punc_jaccard
0:07:51.52,official,われわれは破滅の時まで　手も足も出ない,"we'll be left helpless, awaiting our destruction.",quedaríamos indefensos esperando nuestra destrucción.,0.0,0.0,0.0,0.0,1,1,3.5,2.5,0.7859610319137573,0.7866838574409485,-0.3540337383747101,-0.44058504700660706,0.49047014796951227,0.7960935777671968,0.6127195198885861,0.3823416661340635,0.7796541508576216,0.5412666600234868,length_ratio_extreme;low_punc_jaccard,length_ratio_extreme;low_punc_jaccard,EN:length_ratio_extreme;EN:low_punc_jaccard;SP:length_ratio_extreme;SP:low_punc_jaccard
0:07:55.90,official,まあ　それでは面白くないのでね,And that's no fun.,Y eso no sería divertido.,0.0,0.0,0.0,0.0,1,1,2.0,2.5,0.6982019543647766,0.6975228190422058,-0.12324295938014984,0.05919788032770157,0.6138397300009077,0.7044979572837181,0.6501030209140319,0.6398636060324074,0.683039740213227,0.6571340597047353,length_ratio_extreme;low_punc_jaccard,length_ratio_extreme;low_punc_jaccard,EN:length_ratio_extreme;EN:low_punc_jaccard;SP:length_ratio_extreme;SP:low_punc_jaccard
0:07:58.61,official,私から国に提案したのです,So I made your government an offer:,Por eso le hice una oferta a su gobierno:,0.0,0.0,0.0,0.0,1,1,7.0,9.0,0.6950982809066772,0.7462601065635681,0.23805809020996094,0.33078181743621826,0.8069737870443525,0.7012586012636637,0.764687712732077,0.7798020042935239,0.7358511968185734,0.7622216813035436,length_ratio_extreme;low_punc_jaccard,length_ratio_extreme;low_punc_jaccard,EN:length_ratio_extreme;EN:low_punc_jaccard;SP:length_ratio_extreme;SP:low_punc_jaccard
0:08:01.25,official,殺されるのはごめんですが,No killing me.,"si no atentan contra mi vida,",0.0,0.0,0.0,0.0,1,1,3.0,6.0,0.4554455280303955,0.5575762391090393,-0.7779415249824524,-0.849416196346283,0.26386955897941305,0.4511290054047589,0.3387733375495514,0.17168422885350124,0.5313943961844363,0.31556829578587525,length_ratio_extreme;low_punc_jaccard,length_ratio_extreme;low_punc_jaccard,EN:length_ratio_extreme;EN:low_punc_jaccard;SP:length_ratio_extreme;SP:low_punc_jaccard
0:08:03.54,official,椚ヶ丘中学校　3年E組の担任ならやってもいいと,"Instead, I'll teach Class 3-E at Kunugigaoka Junior High School.",yo seré el profesor de la clase 3-E en la escuela secundaria Kunugigaoka.,0.0,0.0,0.0,0.0,1,1,5.0,6.5,0.5753136277198792,0.5935332775115967,-0.10336245596408844,-0.2801818549633026,0.6244668850705262,0.5762373505911113,0.6051750712787602,0.464992230852629,0.5703572451616408,0.5071382365762337,length_ratio_extreme;low_punc_jaccard,length_ratio_extreme;low_punc_jaccard,EN:length_ratio_extreme;EN:low_punc_jaccard;SP:length_ratio_extreme;SP:low_punc_jaccard
0:08:08.08,official,いや　なんで,What? Why?,¿Por qué?,0.0,0.0,0.0,0.0,1,1,1.0,1.0,0.6620965003967285,0.8226909637451172,-0.03562450781464577,0.4369642734527588,0.6606763141788617,0.6668140896838648,0.663131424380863,0.8345143815297701,0.8186712531375383,0.8281771301728774,low_punc_jaccard,low_punc_jaccard,EN:low_punc_jaccard;SP:low_punc_jaccard
0:08:09.53,official,こいつの狙いは分からん,We don't know what he's after.,No sabemos lo que busca.,0.0,0.0,0.0,0.0,1,1,6.0,5.0,0.7489612698554993,0.7003018856048584,-0.6165706515312195,-0.33968237042427063,0.35013061887292407,0.7574763058208763,0.513068893652105,0.43433354419403003,0.6860511214500791,0.5350205750964496,length_ratio_extreme;low_punc_jaccard,length_ratio_extreme;low_punc_jaccard,EN:length_ratio_extreme;EN:low_punc_jaccard;SP:length_ratio_extreme;SP:low_punc_jaccard
0:08:11.72,official,しかし　われわれ政府は,"But we were forced to agree,","Pero nos vimos obligados a aceptar,",0.0,0.0,0.0,0.0,1,1,3.0,3.0,0.5106675624847412,0.5822978019714355,-0.03532719239592552,0.1644112467765808,0.6608352446140325,0.5087651685399375,0.6000072141843945,0.6940766428315354,0.5581825456839653,0.6397190039725074,length_ratio_extreme;low_punc_jaccard,length_ratio_extreme;low_punc_jaccard,EN:length_ratio_extreme;EN:low_punc_jaccard;SP:length_ratio_extreme;SP:low_punc_jaccard
0:08:13.63,official,君たち生徒に危害を加えないことを条件にやむなく承諾した,on the condition that he doesn't harm any of you students.,"con la condición de que no dañe a ninguno de ustedes, los estudiantes.",0.0,0.0,0.0,0.0,1,1,11.0,13.0,0.7356076240539551,0.8071670532226562,-0.03507791832089424,-0.22196435928344727,0.6609684944716822,0.7435388818293083,0.6939966494147326,0.4949898190124809,0.8018496291080336,0.6177337430507019,length_ratio_extreme;low_punc_jaccard,length_ratio_extreme;low_punc_jaccard,EN:length_ratio_extreme;EN:low_punc_jaccard;SP:length_ratio_extreme;SP:low_punc_jaccard
0:08:18.86,official,理由は二つ,We have two reasons:,"Tenemos dos razones: Primera y más importante,",0.0,0.0,0.0,0.0,1,1,4.0,7.0,0.8900100588798523,0.8913830518722534,0.5949196815490723,0.2575511038303375,0.9977347245409175,0.9046912915517622,0.9605173513452554,0.7420685916527358,0.8931056218878879,0.8024834037467967,length_ratio_extreme;low_punc_jaccard,length_ratio_extreme;low_punc_jaccard,EN:length_ratio_extreme;EN:low_punc_jaccard;SP:length_ratio_extreme;SP:low_punc_jaccard
0:08:24.24,official,何よりも,"and second, it gives some thirty people the opportunity to kill him","Y segunda, eso les da la oportunidad",0.0,0.0,0.0,0.0,1,1,12.0,7.0,0.18314364552497864,0.3921036124229431,-0.5048159956932068,-0.38045158982276917,0.40986924985663004,0.1669229656024106,0.31269073615494225,0.41332648714300013,0.3520891683386089,0.38883155962124366,length_ratio_extreme;low_punc_jaccard,length_ratio_extreme;low_punc_jaccard,EN:length_ratio_extreme;EN:low_punc_jaccard;SP:length_ratio_extreme;SP:low_punc_jaccard
0:08:25.94,official,30人もの人間が　至近距離からこいつを殺すチャンスを得る,from extremely close range.,de tenerlo muy cerca para matarlo.,0.0,0.0,0.0,0.0,0,0,2.0,3.0,0.23435524106025696,0.5224544405937195,-0.14677633345127106,-0.6485298275947571,0.60125992704868,0.22037336640436442,0.4489053027909538,0.27519446209806875,0.4933366085535483,0.36245132068026054,length_ratio_extreme;low_punc_jaccard;digits_mismatch,length_ratio_extreme;low_punc_jaccard;digits_mismatch,EN:length_ratio_extreme;EN:low_punc_jaccard;EN:digits_mismatch;SP:length_ratio_extreme;SP:low_punc_jaccard;SP:digits_mismatch
0:08:33.36,official,中村さん,Nakamura...,"Nakamura,",0.0,0.0,0.0,0.0,1,1,1.0,1.0,0.6106345653533936,0.6192454099655151,-0.16614964604377747,-0.13117027282714844,0.590903891649374,0.6131024053405112,0.5997832971258288,0.5417730682927909,0.5982187704204244,0.5643513491438443,low_punc_jaccard,low_punc_jaccard,EN:low_punc_jaccard;SP:low_punc_jaccard
0:08:35.43,official,暗殺は勉強の妨げにならないときにと言ったはずです,Didn't I tell you not to let assassination interfere with your studies?,dije que el asesinato no debe interferir con los estudios.,0.0,0.0,0.0,0.0,1,1,12.0,10.0,0.774875819683075,0.8818572163581848,-0.04660981521010399,0.05256352946162224,0.6548041004458511,0.7845237559229129,0.7066919626366759,0.6364451401113893,0.8827834789360381,0.7349804756412488,length_ratio_extreme;low_punc_jaccard,length_ratio_extreme;low_punc_jaccard,EN:length_ratio_extreme;EN:low_punc_jaccard;SP:length_ratio_extreme;SP:low_punc_jaccard
0:08:38.97,official,すみません,Sorry...,Perdón.,0.0,0.0,0.0,0.0,1,1,1.0,1.0,0.8576547503471375,0.9900310039520264,0.4835697114467621,0.4601157605648041,0.9382124189679805,0.8709215136124449,0.9112960568257662,0.8464435922861778,1.0,0.9078661553717067,low_punc_jaccard,low_punc_jaccard,EN:low_punc_jaccard;SP:low_punc_jaccard
0:08:40.14,official,罰として後ろで立って受講しなさい,"As punishment, go stand in the back!",Ve atrás y piensa en lo que has hecho.,0.0,0.0,0.0,0.0,1,1,7.0,9.0,0.9027101397514343,0.5807821750640869,-0.14276202023029327,-0.1999872922897339,0.6034057846361134,0.9179465788691757,0.7292221023293384,0.5063138891556597,0.5565402207061492,0.5264044217758554,length_ratio_extreme;low_punc_jaccard,length_ratio_extreme;low_punc_jaccard,EN:length_ratio_extreme;EN:low_punc_jaccard;SP:length_ratio_extreme;SP:low_punc_jaccard
0:08:43.96,official,なんでこんな怪物がうちの担任に,Why did this creature become our teacher?,¿Por qué este ser se convirtió en nuestro profesor?,0.0,0.0,0.0,0.0,1,1,7.0,9.0,0.6171751022338867,0.47160273790359497,-0.17546966671943665,-0.24671930074691772,0.5859218596102727,0.6199288733321497,0.5995246650990236,0.4822344002114729,0.43823398330485397,0.4646342334488253,length_ratio_extreme;low_punc_jaccard,length_ratio_extreme;low_punc_jaccard,EN:length_ratio_extreme;EN:low_punc_jaccard;SP:length_ratio_extreme;SP:low_punc_jaccard
0:08:46.95,official,どうして僕らが暗殺なんか…,Why should we have to assassinate him?,¿Y por qué debemos asesinarlo?,0.0,0.0,0.0,0.0,1,1,7.0,5.0,0.7635868787765503,0.7662740349769592,-0.026117485016584396,-0.015128262341022491,0.6657583085031993,0.7727412990442233,0.7085515047196089,0.6015657543084577,0.757538179530589,0.6639547243973103,length_ratio_extreme;low_punc_jaccard,length_ratio_extreme;low_punc_jaccard,EN:length_ratio_extreme;EN:low_punc_jaccard;SP:length_ratio_extreme;SP:low_punc_jaccard
0:08:49.70,official,そんな声は　この条件でかき消えた,"These cries faded with word of one final condition,",Las quejas cesaron al saber el pago por matarlo.,0.0,0.0,0.0,0.0,1,1,4.5,4.5,0.6135414838790894,0.3514527380466461,0.03253161534667015,-0.1144351065158844,0.6971092794122347,0.6161364049390988,0.6647201296229803,0.5503961569524709,0.30804010452576935,0.4534537359817903,length_ratio_extreme;low_punc_jaccard,length_ratio_extreme;low_punc_jaccard,EN:length_ratio_extreme;EN:low_punc_jaccard;SP:length_ratio_extreme;SP:low_punc_jaccard
0:08:53.80,official,成功報酬は100億円,Success will be rewarded with ten billion yen.,Recibirán diez mil millones de yenes.,0.0,0.0,0.0,0.0,0,0,8.0,6.0,0.43896913528442383,0.43097156286239624,0.43761375546455383,0.2676072120666504,0.913646588798865,0.4339323180756965,0.7217608805095975,0.7472501782160375,0.39420626558314104,0.6060326131628788,length_ratio_extreme;low_punc_jaccard;digits_mismatch,length_ratio_extreme;low_punc_jaccard;digits_mismatch,EN:length_ratio_extreme;EN:low_punc_jaccard;EN:digits_mismatch;SP:length_ratio_extreme;SP:low_punc_jaccard;SP:digits_mismatch
0:08:57.41,official,当然の額だ,It's only right!,Es lo más justo.,0.0,0.0,0.0,0.0,1,1,3.0,4.0,0.5570270419120789,0.6239336729049683,-0.4202573597431183,0.057636331766843796,0.4550702046770704,0.5571513344162603,0.49590265657274635,0.6390589906831349,0.6032989463467695,0.6247549729485887,length_ratio_extreme;low_punc_jaccard,length_ratio_extreme;low_punc_jaccard,EN:length_ratio_extreme;EN:low_punc_jaccard;SP:length_ratio_extreme;SP:low_punc_jaccard
0:08:59.60,official,暗殺の成功は冗談抜きで地球を救うことなのだから,A successful assassination will literally save the Earth.,"Si logran asesinarlo, habrán salvado a la Tierra.",0.0,0.0,0.0,0.0,1,1,8.0,8.0,0.801456093788147,0.7342970967292786,-0.3986401855945587,-0.2713911235332489,0.4666256998793746,0.8122660336139721,0.6048818333732136,0.4695218097701547,0.7228881451826777,0.570868343935164,length_ratio_extreme;low_punc_jaccard,length_ratio_extreme;low_punc_jaccard,EN:length_ratio_extreme;EN:low_punc_jaccard;SP:length_ratio_extreme;SP:low_punc_jaccard
0:09:04.58,official,幸いなことに　こいつは君たちをなめきっている,"Luckily, he doesn't think much of you.","Afortunadamente, él no los cree capaces de conseguirlo.",0.0,0.0,0.0,0.0,1,1,3.5,4.0,0.5073264837265015,0.32434210181236267,-0.6442789435386658,-0.347441166639328,0.33531910682441596,0.5052780286281222,0.4033026755458985,0.4303356880382894,0.2786631682651571,0.3696666801290365,length_ratio_extreme;low_punc_jaccard,length_ratio_extreme;low_punc_jaccard,EN:length_ratio_extreme;EN:low_punc_jaccard;SP:length_ratio_extreme;SP:low_punc_jaccard
0:09:08.28,official,見ろ　緑のしましまになったときは　なめている顔だ,See? Those green stripes mean he's looking down on you!,Vean. Esas rayas verdes significan que los está menospreciando.,0.0,0.0,0.0,0.0,1,1,3.3333333333333335,3.0,0.7492128014564514,0.5784592032432556,-0.4789394438266754,-0.570077121257782,0.42370160226730824,0.7577388335696161,0.5573164947882314,0.31561859830042205,0.5540230612220991,0.4109803834690929,length_ratio_extreme;low_punc_jaccard,length_ratio_extreme;low_punc_jaccard,EN:length_ratio_extreme;EN:low_punc_jaccard;SP:length_ratio_extreme;SP:low_punc_jaccard
0:09:11.96,official,どんな皮膚だよ,What the hell kind of skin is that?!,-Qué piel tan rara. Obviamente.,0.0,0.0,0.0,0.0,1,1,8.0,5.0,0.8660654425621033,0.8663942813873291,0.2994026243686676,0.2243756651878357,0.8397656064231012,0.8796998940790739,0.8557393214854903,0.7249743636410598,0.8660279276787651,0.7813957892561421,length_ratio_extreme;low_punc_jaccard,length_ratio_extreme;low_punc_jaccard,EN:length_ratio_extreme;EN:low_punc_jaccard;SP:length_ratio_extreme;SP:low_punc_jaccard
0:09:13.09,official,当然でしょう,,,0.0,0.0,1.0,1.0,1,1,0.0,0.0,0.632297694683075,0.632297694683075,-0.23217931389808655,-0.23217931389808655,0.555607626519778,0.6357125765955424,0.5876496065500838,0.4897263840600984,0.6123621543266359,0.5387806921667134,length_ratio_extreme,length_ratio_extreme,EN:length_ratio_extreme;SP:length_ratio_extreme
0:09:14.66,official,国がやれない私を　君たちがやれるわけがない,"Obviously! If the government can't kill me, how could you?","Si el gobierno no pudo matarme, ¿cómo podrían hacerlo ustedes?",0.0,0.0,0.0,0.0,1,1,5.0,5.0,0.5783745646476746,0.5854544639587402,-0.2403833270072937,-0.2191733866930008,0.5512221581199039,0.5794321017780267,0.5625061355831531,0.49642791670727093,0.5616030872454385,0.522497984922538,length_ratio_extreme;low_punc_jaccard,length_ratio_extreme;low_punc_jaccard,EN:length_ratio_extreme;EN:low_punc_jaccard;SP:length_ratio_extreme;SP:low_punc_jaccard
0:09:18.45,official,最新鋭の戦闘機に襲われた時も,Even when they sent their cutting-edge fighter jets after me..,"Enviaron sus mejores aviones de combate detrás de mí,",0.0,0.0,0.0,0.0,1,1,10.0,9.0,0.6967441439628601,0.7114064693450928,-0.25079163908958435,-0.07848621904850006,0.5456583781593761,0.7029764161276333,0.608585593346679,0.5689194532306481,0.6980839872935213,0.6205852668557974,length_ratio_extreme;low_punc_jaccard,length_ratio_extreme;low_punc_jaccard,EN:length_ratio_extreme;EN:low_punc_jaccard;SP:length_ratio_extreme;SP:low_punc_jaccard
0:09:29.24,official,逆に空中でワックスをかけてやりましたよ,....I ended up giving them a coat of wax right there in midair!,y terminé dándoles una capa de cera en el aire.,0.0,0.0,0.0,0.0,1,1,13.0,10.0,0.6360152959823608,0.6759780049324036,-0.059422221034765244,-0.2558736801147461,0.6479552083094702,0.6395926993956963,0.6446102047439606,0.477517445300783,0.6596938981835211,0.5503880264538783,length_ratio_extreme;low_punc_jaccard,length_ratio_extreme;low_punc_jaccard,EN:length_ratio_extreme;EN:low_punc_jaccard;SP:length_ratio_extreme;SP:low_punc_jaccard
0:09:32.06,official,だからなぜ手入れする,What's with all the grooming?,Lo obsesiona la limpieza.,0.0,0.0,0.0,0.0,1,1,5.0,4.0,0.3914795517921448,0.2769117057323456,-0.28916433453559875,-0.1957942396402359,0.5251461921040381,0.3843666436410546,0.4688343727188447,0.508474433250581,0.22726785203512898,0.39599180076440016,length_ratio_extreme;low_punc_jaccard,length_ratio_extreme;low_punc_jaccard,EN:length_ratio_extreme;EN:low_punc_jaccard;SP:length_ratio_extreme;SP:low_punc_jaccard
0:09:34.05,official,君たちにはなめているこいつの隙をあわよくば突いてほしい,You must find a chink in his defenses and strike at it.,"Tienen que buscar un punto débil en sus defensas,",0.0,0.0,0.0,0.0,1,1,12.0,9.0,0.5861379504203796,0.3544835150241852,-0.3657534718513489,-0.34818127751350403,0.48420534559382306,0.5875348776590363,0.5255371584199084,0.4299543328986206,0.31132423778328044,0.38250229485248455,length_ratio_extreme;low_punc_jaccard,length_ratio_extreme;low_punc_jaccard,EN:length_ratio_extreme;EN:low_punc_jaccard;SP:length_ratio_extreme;SP:low_punc_jaccard
0:09:38.92,official,人間には無害で　こいつには効く武器と弾を支給する,"You'll have weapons and ammo that won't hurt humans, but will work on him.","Tendrán armas y municionesque no dañan a los humanos, pero a él sí.",0.0,0.0,0.0,0.0,1,1,7.0,6.5,0.7131668329238892,0.7823994755744934,-0.25906500220298767,-0.269180566072464,0.5412358386032416,0.7201170519160287,0.6127883239283565,0.4706608383652177,0.7750116182398215,0.5924011503150592,length_ratio_extreme;low_punc_jaccard,length_ratio_extreme;low_punc_jaccard,EN:length_ratio_extreme;EN:low_punc_jaccard;SP:length_ratio_extreme;SP:low_punc_jaccard
0:09:43.63,official,君たちの家族や友人には絶対秘密だ,You must keep this secret from your family and friends.,Deben guardar el secreto con su familia y amigos.,0.0,0.0,0.0,0.0,1,1,10.0,9.0,0.8546961545944214,0.7897768616676331,0.5048221945762634,0.6169077157974243,0.9495729679996108,0.8678335776256683,0.9168772118500337,0.9272334037495653,0.7830057132199322,0.8695423275377121,length_ratio_extreme;low_punc_jaccard,length_ratio_extreme;low_punc_jaccard,EN:length_ratio_extreme;EN:low_punc_jaccard;SP:length_ratio_extreme;SP:low_punc_jaccard
0:09:47.19,official,とにかく時間がない,There's no time to lose.,No hay tiempo que perder.,0.0,0.0,0.0,0.0,1,1,5.0,5.0,0.7318045496940613,0.7704454064369202,0.19744040071964264,0.47396373748779297,0.7852615358126008,0.7395695493628764,0.7669847412327111,0.8535790058544171,0.7620582546936958,0.8169707053901287,length_ratio_extreme;low_punc_jaccard,length_ratio_extreme;low_punc_jaccard,EN:length_ratio_extreme;EN:low_punc_jaccard;SP:length_ratio_extreme;SP:low_punc_jaccard
0:09:48.99,official,地球が消えれば　逃げる場所など　どこにもない,"If the Earth should disappear, we'll have nowhere left to run.","Si la Tierra desaparece, no tendremos a dónde huir.",0.0,0.0,0.0,0.0,1,1,3.6666666666666665,3.0,0.8496147990226746,0.9072479009628296,0.014190278947353363,0.33110496401786804,0.6873048885464529,0.8625300816285554,0.7573949657792939,0.779968511250898,0.9102966850739564,0.8320997807801214,length_ratio_extreme;low_punc_jaccard,length_ratio_extreme;low_punc_jaccard,EN:length_ratio_extreme;EN:low_punc_jaccard;SP:length_ratio_extreme;SP:low_punc_jaccard
0:09:52.85,official,そういうことです,And that's about it! Now let's make the most of your one remaining year!,"Eso es todo, muchachos.",0.0,0.0,0.0,0.0,1,1,14.0,4.0,0.427312970161438,0.7450497150421143,-0.04848715290427208,0.1825251430273056,0.6538005665626072,0.4217665831259201,0.5609869731879324,0.7034101463317134,0.7345396232255063,0.7158619370892305,length_ratio_extreme;low_punc_jaccard,length_ratio_extreme;low_punc_jaccard,EN:length_ratio_extreme;EN:low_punc_jaccard;SP:length_ratio_extreme;SP:low_punc_jaccard
0:09:54.58,official,さあ　皆さん　残された1年を有意義に過ごしましょう,,Espero que aprovechen al máximo su último año de secundaria.,0.0,0.0,1.0,0.0,0,0,0.0,3.3333333333333335,0.2664185166358948,0.5040136575698853,-0.684658944606781,0.46236899495124817,0.31373391232096437,0.25383834465056554,0.28977568525280484,0.8476046109174817,0.4733542775302027,0.6979044775625701,length_ratio_extreme;digits_mismatch,length_ratio_extreme;low_punc_jaccard;digits_mismatch,EN:length_ratio_extreme;EN:digits_mismatch;SP:length_ratio_extreme;SP:low_punc_jaccard;SP:digits_mismatch
0:10:02.13,official,残された時間は1年,We only have a year.,Solo tendremos un año.,0.0,0.0,0.0,0.0,0,0,5.0,4.0,0.5712820887565613,0.6370773315429688,0.19077050685882568,0.19954784214496613,0.7816961333238726,0.5720295657879686,0.697829506309511,0.7121813913249492,0.6175413425304307,0.6743253718071418,length_ratio_extreme;low_punc_jaccard;digits_mismatch,length_ratio_extreme;low_punc_jaccard;digits_mismatch,EN:length_ratio_extreme;EN:low_punc_jaccard;EN:digits_mismatch;SP:length_ratio_extreme;SP:low_punc_jaccard;SP:digits_mismatch
0:10:04.73,official,僕たちがこいつの暗殺に成功しないと,"If we don't manage to assassinate this guy,","Si no logramos asesinarlo en ese tiempo,",0.0,0.0,0.0,0.0,1,1,8.0,7.0,0.817345380783081,0.8602562546730042,0.007179342210292816,-0.12496089935302734,0.6835571810398193,0.828849948828085,0.7416742881551257,0.5449725571411552,0.8593767957025765,0.6707342525657238,length_ratio_extreme;low_punc_jaccard,length_ratio_extreme;low_punc_jaccard,EN:length_ratio_extreme;EN:low_punc_jaccard;SP:length_ratio_extreme;SP:low_punc_jaccard
0:10:08.30,official,地球が壊される,Earth will be history,destruirá la Tierra.,0.0,0.0,1.0,0.0,1,1,4.0,3.0,0.5536545515060425,0.8402898907661438,-0.5635724067687988,0.07569098472595215,0.37846091583375513,0.5536314096410361,0.4485291133566675,0.6483619680357624,0.8377413536281375,0.7241137222727124,length_ratio_extreme,length_ratio_extreme;low_punc_jaccard,EN:length_ratio_extreme;SP:length_ratio_extreme;SP:low_punc_jaccard
0:10:16.94,official,昼休みですね,"Ah, lunchtime!",Hora del almuerzo.,0.0,0.0,0.0,0.0,1,1,2.0,3.0,0.9124810695648193,0.8937965035438538,-0.18184877932071686,-0.25068771839141846,0.5825118947114164,0.9281446621211107,0.7207650016752941,0.4801896032521421,0.8957208248404107,0.6464020918874496,length_ratio_extreme;low_punc_jaccard,length_ratio_extreme;low_punc_jaccard,EN:length_ratio_extreme;EN:low_punc_jaccard;SP:length_ratio_extreme;SP:low_punc_jaccard
0:10:18.84,official,先生　ちょっと中国に行ってマーボー豆腐を食べてきます,I'll just pop over to China for some mapo tofu.,Creo que hoy iré a China para comer mapo tofu.,0.0,0.0,0.0,0.0,1,1,5.0,5.0,0.6975187063217163,0.7600318789482117,-0.15893885493278503,0.08933062851428986,0.5947584316329658,0.7037848398467976,0.6383689949184985,0.6553900342937072,0.7507742136022121,0.6935437060171092,length_ratio_extreme;low_punc_jaccard,length_ratio_extreme;low_punc_jaccard,EN:length_ratio_extreme;EN:low_punc_jaccard;SP:length_ratio_extreme;SP:low_punc_jaccard
0:10:23.48,official,暗殺希望者がもしいれば　携帯で呼んでください,Any aspiring assassins are welcome to hit me up on my cell.,"Si alguien quiere intentar asesinarme, que me llame a mi celular.",0.0,0.0,0.0,0.0,1,1,6.0,5.5,0.6801857352256775,0.8243831396102905,0.1954168975353241,0.16677463054656982,0.7841798689315577,0.6856941273335789,0.7447855722923662,0.6952944178692263,0.82050488559468,0.7453786049594078,length_ratio_extreme;low_punc_jaccard,length_ratio_extreme;low_punc_jaccard,EN:length_ratio_extreme;EN:low_punc_jaccard;SP:length_ratio_extreme;SP:low_punc_jaccard
0:10:29.87,official,えーと　マッハ20だから,Let's see... if he's traveling at Mach 20...,"A ver, si viaja a Mach 20,",0.0,0.0,0.0,0.0,1,1,4.0,3.5,0.45945316553115845,0.5322669148445129,-0.23468586802482605,-0.4255848526954651,0.5542677439807004,0.45531184385073464,0.5146853839287141,0.3900707799684652,0.5039693516634253,0.4356302086464492,length_ratio_extreme;low_punc_jaccard,length_ratio_extreme;low_punc_jaccard,EN:length_ratio_extreme;EN:low_punc_jaccard;SP:length_ratio_extreme;SP:low_punc_jaccard
0:10:32.98,official,マーボーの本場　四川省まで10分くらい,"...it'll take maybe ten minutes to get to Sichuan, home of mapo tofu.", tardará unos diez minutos,0.0,0.0,0.0,1.0,0,0,6.5,2.0,0.7014856338500977,0.6109188795089722,0.2351866513490677,-0.20659910142421722,0.8054388547838853,0.7079251886121124,0.7664333883151762,0.5029070382581483,0.589196187830327,0.5374226980870198,length_ratio_extreme;low_punc_jaccard;digits_mismatch,length_ratio_extreme;digits_mismatch,EN:length_ratio_extreme;EN:low_punc_jaccard;EN:digits_mismatch;SP:length_ratio_extreme;SP:digits_mismatch
0:10:36.70,official,確かにあんなもん　ミサイルでも落とせんわな,Guess no missile could shoot that down.,Y supongo que ningún misil logró derribarlo.,0.0,0.0,0.0,0.0,1,1,3.5,3.5,0.7493259906768799,0.5961998701095581,-0.390889972448349,-0.5067439675331116,0.4707685887793018,0.757856971056549,0.5856039416902007,0.34825211920528376,0.5732467502291859,0.43824997161484464,length_ratio_extreme;low_punc_jaccard,length_ratio_extreme;low_punc_jaccard,EN:length_ratio_extreme;EN:low_punc_jaccard;SP:length_ratio_extreme;SP:low_punc_jaccard
0:10:40.54,official,しかも　あのタコ　音速飛行中にテストの採点までしてるんだぜ,"Heck, that octopus even grades tests while moving faster than sound!","No puede ser, ese pulpo iba calificando exámenes mientras volaba.",0.0,0.0,0.0,0.0,1,1,3.6666666666666665,3.3333333333333335,0.6741834878921509,0.7499961256980896,-0.04735040292143822,-0.12101292610168457,0.6544082180938658,0.6794294811663169,0.6644167233228463,0.5470068197674824,0.7398995265971448,0.6241639024993473,length_ratio_extreme;low_punc_jaccard,length_ratio_extreme;low_punc_jaccard,EN:length_ratio_extreme;EN:low_punc_jaccard;SP:length_ratio_extreme;SP:low_punc_jaccard
0:10:44.67,official,マジで,Seriously?!,¿En serio? ,0.0,0.0,0.0,0.0,1,1,1.0,2.0,0.5617764592170715,0.7109953165054321,0.38597729802131653,0.286004900932312,0.8860442374393062,0.5621083808795504,0.7564698948154038,0.7567299108503661,0.69763846433863,0.7330933322456716,low_punc_jaccard,length_ratio_extreme;low_punc_jaccard,EN:low_punc_jaccard;SP:length_ratio_extreme;SP:low_punc_jaccard
0:10:45.99,official,俺なんかイラスト付きで返ってきた,"""English Quiz"" ""Perfect answer!! Double octopus!"" Mine came back with a drawing on it.",El mío viene con un dibujo suyo.,0.0,0.0,0.0,0.0,1,1,14.0,7.0,0.46531200408935547,0.5151594281196594,-0.4722950756549835,-0.46229609847068787,0.42725335995786856,0.4614268118749948,0.44092274072471904,0.37115466516929674,0.4854317731738522,0.4168655083711189,length_ratio_extreme;low_punc_jaccard,length_ratio_extreme;low_punc_jaccard,EN:length_ratio_extreme;EN:low_punc_jaccard;SP:length_ratio_extreme;SP:low_punc_jaccard
0:10:48.47,official,てか　あいつ　何げに教えてるの　うまくない,"Don't you think he's pretty good at teaching, though?",¿No les parece que es muy bueno enseñando?,0.0,0.0,0.0,0.0,1,1,2.25,2.0,0.768085777759552,0.6370496153831482,-0.30865001678466797,-0.3740731179714203,0.5147300893241219,0.7774368753350126,0.6198128037284782,0.4166131069031177,0.6175113094521436,0.4969723879227281,length_ratio_extreme;low_punc_jaccard,length_ratio_extreme;low_punc_jaccard,EN:length_ratio_extreme;EN:low_punc_jaccard;SP:length_ratio_extreme;SP:low_punc_jaccard
0:10:51.27,official,わかる,Right? He taught me math after class and I did great on my test!,"Sí, a mí me estuvo enseñando matemáticas después de clases",0.0,0.0,0.0,0.0,1,1,14.0,10.0,0.20714426040649414,0.31733664870262146,-0.23624595999717712,-0.11462968587875366,0.5534337943081963,0.19197280971489533,0.4088494004708759,0.5502958965148894,0.27107209781947983,0.43860637703672556,length_ratio_extreme;low_punc_jaccard,length_ratio_extreme;low_punc_jaccard,EN:length_ratio_extreme;EN:low_punc_jaccard;SP:length_ratio_extreme;SP:low_punc_jaccard
0:10:52.40,official,放課後に数学教わって　次のテストの点　よかったもん,,y me fue muy bien en mi examen.,0.0,0.0,1.0,0.0,1,1,0.0,2.6666666666666665,0.11317851394414902,0.5736169219017029,-0.8481486439704895,-0.45541760325431824,0.2263402306287915,0.09389918483423232,0.1733638123109678,0.37469893075905764,0.5487759918026489,0.44432975517649415,low_qe_mix;length_ratio_extreme,length_ratio_extreme;low_punc_jaccard,EN:low_qe_mix;EN:length_ratio_extreme;SP:length_ratio_extreme;SP:low_punc_jaccard
0:10:56.93,official,まっ　でもさ,"Yeah, but...","Pero, aun así,",0.0,0.0,0.0,0.0,1,1,1.0,1.5,0.832998514175415,0.8736405372619629,0.35741060972213745,-0.2172437161207199,0.8707738682727202,0.8451873865681441,0.8605392755908897,0.4974222133948129,0.8738799306755819,0.6480053003071204,low_punc_jaccard,low_punc_jaccard,EN:low_punc_jaccard;SP:low_punc_jaccard
0:10:59.61,official,しょせん俺ら　E組だしな,...we are the E Class.,todos seguimos siendo la clase E.,0.0,0.0,0.0,0.0,1,1,2.5,3.0,0.41092807054519653,0.2576099634170532,-0.3531956374645233,-0.5839124917984009,0.4909181561587489,0.4046653887102026,0.45641704917933035,0.30848968039232927,0.20635259026056174,0.26763484433962226,length_ratio_extreme;low_punc_jaccard,length_ratio_extreme;low_punc_jaccard,EN:length_ratio_extreme;EN:low_punc_jaccard;SP:length_ratio_extreme;SP:low_punc_jaccard
0:11:02.34,official,頑張っても仕方ねぇけど,Tryin' our best won't do much.,Esforzarnos no nos servirá de mucho.,0.0,0.0,0.0,0.0,1,1,6.0,6.0,0.4892984628677368,0.5577811002731323,-0.4150165319442749,-0.17786654829978943,0.4578716976043813,0.48646188102531707,0.4693077709727556,0.5177119913971047,0.5316163826147003,0.5232737478841429,length_ratio_extreme;low_punc_jaccard,length_ratio_extreme;low_punc_jaccard,EN:length_ratio_extreme;EN:low_punc_jaccard;SP:length_ratio_extreme;SP:low_punc_jaccard
0:11:05.10,official,そう　タコ型の超生物で暗殺のターゲット,"True, he was a super octopoid creature and our assassination target.",Sí. Esa criatura es un pulpo poderoso y nuestro objetivo de asesinato.,0.0,0.0,0.0,0.0,1,1,5.5,6.0,0.6534894108772278,0.8132744431495667,0.18295055627822876,0.023718878626823425,0.7775159661662533,0.6578307260579709,0.7296418701229404,0.6215824266563956,0.8084675632299436,0.6963364812858148,length_ratio_extreme;low_punc_jaccard,length_ratio_extreme;low_punc_jaccard,EN:length_ratio_extreme;EN:low_punc_jaccard;SP:length_ratio_extreme;SP:low_punc_jaccard
0:11:10.13,official,なのに,but...,"Pero,",0.0,0.0,0.0,0.0,1,1,1.0,1.0,0.7345200777053833,0.8442320823669434,-0.005402255803346634,0.03686203807592392,0.6768316675899674,0.7424037914730272,0.7030605171431913,0.628354670629951,0.8420130907568059,0.7138180386806929,low_punc_jaccard,low_punc_jaccard,EN:low_punc_jaccard;SP:low_punc_jaccard
0:11:11.56,official,あの先生はなぜか普通に先生している,"...for whatever reason, he does a perfectly normal job of teaching.","por alguna razón, nos está enseñando como un profesor normal.",0.0,0.0,0.0,0.0,1,1,11.0,10.0,0.7293814420700073,0.9009299278259277,0.17232920229434967,-0.17635148763656616,0.7718383043146525,0.7370405113132275,0.7579191871140825,0.5184926530398262,0.9034505641443297,0.6724758174816275,length_ratio_extreme;low_punc_jaccard,length_ratio_extreme;low_punc_jaccard,EN:length_ratio_extreme;EN:low_punc_jaccard;SP:length_ratio_extreme;SP:low_punc_jaccard
0:11:15.87,official,僕らも同じ　即席の殺し屋であるのを除けば　普通の生徒だ,"And though we're impromptu killers, we're perfectly normal students...","Y aunque somos asesinos improvisados, somos estudiantes normales.",0.0,0.0,0.0,0.0,1,1,3.0,2.6666666666666665,0.8890027403831482,0.9161632657051086,0.13099388778209686,0.3654671013355255,0.7497424454734589,0.903639936349463,0.8113014418238605,0.7976742066180734,0.9199573252563084,0.8465874540733673,length_ratio_extreme;low_punc_jaccard,length_ratio_extreme;low_punc_jaccard,EN:length_ratio_extreme;EN:low_punc_jaccard;SP:length_ratio_extreme;SP:low_punc_jaccard
0:11:21.77,official,けど　僕らE組は　少しだけ普通と違う,but the E Class is a little different from the rest.,Pero la clase E es bastante diferente del resto.,0.0,0.0,0.0,0.0,1,1,3.6666666666666665,3.0,0.5328285694122314,0.6425095796585083,0.2944604158401489,0.5320079922676086,0.8371237409069329,0.5318949829905192,0.7150322377403674,0.8834873285948082,0.6234276967001728,0.779463475836954,length_ratio_extreme;low_punc_jaccard,length_ratio_extreme;low_punc_jaccard,EN:length_ratio_extreme;EN:low_punc_jaccard;SP:length_ratio_extreme;SP:low_punc_jaccard
0:11:29.06,official,おい　渚,"Hey, Nagisa.","Oye, Nagisa.",0.0,0.0,0.0,0.0,1,1,1.0,1.0,0.7722886800765991,0.7269465923309326,0.0062516555190086365,-0.11203514039516449,0.6830612846272399,0.7818235149432801,0.722566176753656,0.5516327816895233,0.7149231790591423,0.6169489406373709,low_punc_jaccard,low_punc_jaccard,EN:low_punc_jaccard;SP:low_punc_jaccard
0:11:31.32,official,ちょっと付き合えよ,Come with us.,Ven con nosotros.,0.0,0.0,0.0,0.0,1,1,3.0,3.0,0.5501481294631958,0.5913771390914917,-0.06330044567584991,0.04812588170170784,0.645882097091254,0.549971698171163,0.6075179375232176,0.6341585640856455,0.5680208654326995,0.6077034846244671,length_ratio_extreme;low_punc_jaccard,length_ratio_extreme;low_punc_jaccard,EN:length_ratio_extreme;EN:low_punc_jaccard;SP:length_ratio_extreme;SP:low_punc_jaccard
0:11:32.93,official,暗殺の計画　進めようぜ,It's time to put our assassination plan into action.,Pondremos en marcha nuestro plan de asesinato.,0.0,0.0,0.0,0.0,1,1,4.5,3.5,0.7945950627326965,0.865733802318573,0.26362529397010803,0.1969386488199234,0.8206407769273202,0.8051050604789747,0.814426490347982,0.7108369585924853,0.8653122361938201,0.7726270696330193,length_ratio_extreme;low_punc_jaccard,length_ratio_extreme;low_punc_jaccard,EN:length_ratio_extreme;EN:low_punc_jaccard;SP:length_ratio_extreme;SP:low_punc_jaccard
0:11:39.87,official,あのタコ　機嫌によって顔の色が変わるだろ,"That octopus's face changes color according to his mood, right?",Su cara cambia de color según su estado de ánimo.,0.0,0.0,0.0,0.0,1,1,5.0,5.0,0.6859196424484253,0.8639363050460815,0.3269352912902832,0.407880038022995,0.854483237799567,0.6916787024286072,0.7893614236511831,0.8195282179001291,0.8633644780391875,0.8370627219557525,length_ratio_extreme;low_punc_jaccard,length_ratio_extreme;low_punc_jaccard,EN:length_ratio_extreme;EN:low_punc_jaccard;SP:length_ratio_extreme;SP:low_punc_jaccard
0:11:43.92,official,観察しとけって言ったやつ　できてるか,Did you do those observations I told you to?,¿Anotaste todo lo que observaste como te dije?,0.0,0.0,0.0,0.0,1,1,4.5,4.0,0.6570580005645752,0.7173643708229065,-0.6086552739143372,-0.5601512789726257,0.35436179670623974,0.6615553229406249,0.4772392071999938,0.3207330630422091,0.7045399365544762,0.4742558124471159,length_ratio_extreme;low_punc_jaccard,length_ratio_extreme;low_punc_jaccard,EN:length_ratio_extreme;EN:low_punc_jaccard;SP:length_ratio_extreme;SP:low_punc_jaccard
0:11:47.21,official,一応,,,0.0,0.0,1.0,1.0,1,1,0.0,0.0,0.8615987300872803,0.8615987300872803,-0.41990232467651367,-0.4199022352695465,0.455259989242833,0.8750379113864646,0.6231711581002857,0.39299884850219446,0.8608314946751796,0.5801319069713885,length_ratio_extreme,length_ratio_extreme,EN:length_ratio_extreme;SP:length_ratio_extreme
0:11:48.84,official,余裕な時は　緑のしましまなのは知ってるよね,More or less. We know it's striped green when he's feeling confident.,Más o menos. Las rayas verdes aparecen cuando se siente confiado.,0.0,0.0,0.0,0.0,1,1,6.0,5.5,0.5619916915893555,0.6061927676200867,-0.9433255791664124,-0.8061232566833496,0.17546324687188422,0.5623330225147872,0.3302111571290454,0.19399167713983093,0.5840749989906221,0.3500250058801474,length_ratio_extreme;low_punc_jaccard,length_ratio_extreme;low_punc_jaccard,EN:length_ratio_extreme;EN:low_punc_jaccard;SP:length_ratio_extreme;SP:low_punc_jaccard
0:11:53.34,official,生徒の解答が間違っていたら暗い紫,"""A: A"" ""K: kiha"" ""B: bara"" When we give a wrong answer, it's dark purple.","Si damos una respuesta incorrecta, él se pone morado.",0.0,0.0,0.0,0.0,1,1,15.0,9.0,0.6927968859672546,0.366074800491333,-0.7387645244598389,-0.2865065038204193,0.28481168760679865,0.6988565967834285,0.4504296512774506,0.4617333443365414,0.32388449094017074,0.4065938029779932,length_ratio_extreme;low_punc_jaccard,length_ratio_extreme;low_punc_jaccard,EN:length_ratio_extreme;EN:low_punc_jaccard;SP:length_ratio_extreme;SP:low_punc_jaccard
0:11:57.06,official,正解だったら明るい朱色,"""A. Akiyama"" ""K: Kiyohara"" ""B: Burkleo"" A right answer makes it go bright scarlet.","Con una respuesta correcta, se pone rojo.",0.0,0.0,0.0,0.0,1,1,14.0,7.0,0.5869956016540527,0.4927082061767578,-0.5996761918067932,-0.5600627660751343,0.3591615794855135,0.5884300226297986,0.4508689567432276,0.32077867086877015,0.46110375260326036,0.3769087035625662,length_ratio_extreme;low_punc_jaccard,length_ratio_extreme;low_punc_jaccard,EN:length_ratio_extreme;EN:low_punc_jaccard;SP:length_ratio_extreme;SP:low_punc_jaccard
0:11:59.97,official,面白いのは昼休みの後で…,But what's really interesting is after lunch..,Lo interesante es que tras el almuerzo...,0.0,0.0,0.0,0.0,1,1,7.0,7.0,0.8989197015762329,0.9182814359664917,0.08516950905323029,-0.2403828501701355,0.725246950136698,0.9139904350005479,0.8007443440822379,0.4854993677711019,0.9222525628973596,0.660200645821605,length_ratio_extreme;low_punc_jaccard,length_ratio_extreme;low_punc_jaccard,EN:length_ratio_extreme;EN:low_punc_jaccard;SP:length_ratio_extreme;SP:low_punc_jaccard
0:12:02.13,official,俺は知らなくていいんだよ,I don't need to know all that.,No necesito saber todo eso.,0.0,0.0,0.0,0.0,1,1,7.0,5.0,0.733627438545227,0.7641995549201965,0.21350020170211792,0.539303719997406,0.7938463282525192,0.7414721290168359,0.7728966485582458,0.8872465805723988,0.7552902843548807,0.8344640620853916,length_ratio_extreme;low_punc_jaccard,length_ratio_extreme;low_punc_jaccard,EN:length_ratio_extreme;EN:low_punc_jaccard;SP:length_ratio_extreme;SP:low_punc_jaccard
0:12:05.05,official,作戦がある,"I have a plan... and when he lets his guard down the most,","Tengo un plan, y en el momento en que baje la guardia,",0.0,0.0,0.0,0.0,1,1,13.0,12.0,0.4562784731388092,0.6967373490333557,-0.39824363589286804,-0.4444841742515564,0.4668376761600795,0.4519983641783997,0.4609019513674076,0.380332572271283,0.6821886092332969,0.5010749870560885,length_ratio_extreme;low_punc_jaccard,length_ratio_extreme;low_punc_jaccard,EN:length_ratio_extreme;EN:low_punc_jaccard;SP:length_ratio_extreme;SP:low_punc_jaccard
0:12:06.79,official,あいつが一番油断してる顔の時に　お前がやりに行け,you are going to carry it out.,tú lo llevarás a cabo.,0.0,0.0,0.0,0.0,1,1,3.5,2.5,0.31084224581718445,0.4818117022514343,-0.9101684093475342,-0.768159806728363,0.19318746531648429,0.30020413554301445,0.23599413340709635,0.2135530121573881,0.4492963609023994,0.30785035165539265,low_qe_mix;length_ratio_extreme;low_punc_jaccard,length_ratio_extreme;low_punc_jaccard,EN:low_qe_mix;EN:length_ratio_extreme;EN:low_punc_jaccard;SP:length_ratio_extreme;SP:low_punc_jaccard
0:12:11.55,official,ぼ…僕が,M-Me? But...,¿Pero por qué yo?,0.0,0.0,0.0,0.0,1,1,2.0,4.0,0.7037534713745117,0.608644962310791,-0.20685933530330658,-0.22458167374134064,0.5691424617930517,0.7102921686557265,0.6256023445381217,0.4936412017235397,0.5867321836654819,0.5308775945003166,length_ratio_extreme;low_punc_jaccard,length_ratio_extreme;low_punc_jaccard,EN:length_ratio_extreme;EN:low_punc_jaccard;SP:length_ratio_extreme;SP:low_punc_jaccard
0:12:13.20,official,でも…,,,0.0,0.0,0.0,0.0,1,1,0.0,0.0,0.6064406037330627,0.6064406037330627,-0.11940672993659973,-0.11940672993659973,0.615890392618752,0.6087250972872936,0.6130242744861687,0.547834440579774,0.5843435528390475,0.5624380854834834,length_ratio_extreme;low_punc_jaccard,length_ratio_extreme;low_punc_jaccard,EN:length_ratio_extreme;EN:low_punc_jaccard;SP:length_ratio_extreme;SP:low_punc_jaccard
0:12:13.83,official,いい子ぶってんじゃねえよ,Don't be such a goody-goody. We're the E Class,"No te hagas el bueno, Nagisa. También eres de la clase E.",0.0,0.0,0.0,0.0,1,1,9.0,12.0,0.49379563331604004,0.6357539892196655,-0.8573954105377197,-0.579344630241394,0.22139735669114616,0.49115565321546334,0.32930067530087304,0.31084335136628916,0.6161073760699355,0.43294896124774773,length_ratio_extreme;low_punc_jaccard,length_ratio_extreme;low_punc_jaccard,EN:length_ratio_extreme;EN:low_punc_jaccard;SP:length_ratio_extreme;SP:low_punc_jaccard
0:12:15.95,official,俺らはE組だ,,,0.0,0.0,1.0,1.0,1,1,0.0,0.0,0.6056385040283203,0.6056385040283203,-0.44898971915245056,-0.44898971915245056,0.439711275752147,0.6078879323785753,0.5069819384027183,0.3780110110499625,0.5834744020121452,0.46019636743483555,length_ratio_extreme,length_ratio_extreme,EN:length_ratio_extreme;SP:length_ratio_extreme
0:12:17.93,official,進学校で有名なこの学校のレベルについていけなかった脱落組,the misfits that can't keep up at this famous prep school,Los inadaptados que no pueden seguir el ritmo de esta prestigiosa escuela.,0.0,0.0,0.0,0.0,1,1,11.0,12.0,0.6731491088867188,0.7134537100791931,-0.5234946608543396,-0.6131793856620789,0.39988453935878276,0.6783498824573997,0.5112706765982296,0.29340939879333056,0.7003023660890636,0.45616658571162383,length_ratio_extreme;low_punc_jaccard,length_ratio_extreme;low_punc_jaccard,EN:length_ratio_extreme;EN:low_punc_jaccard;SP:length_ratio_extreme;SP:low_punc_jaccard
0:12:22.98,official,通称　エンドのE組,They call us... the End Class.,Nos llaman la clase End.,0.0,0.0,0.0,0.0,1,1,3.0,2.5,0.5443214774131775,0.6489272713661194,-0.4571819305419922,-0.5568696856498718,0.43533211598049765,0.5438903237450827,0.4787553990863317,0.32242396169483106,0.630381872124368,0.44560712586664586,length_ratio_extreme;low_punc_jaccard,length_ratio_extreme;low_punc_jaccard,EN:length_ratio_extreme;EN:low_punc_jaccard;SP:length_ratio_extreme;SP:low_punc_jaccard
0:12:27.72,official,毎日山の上の隔離校舎まで通わされて,"""Old Campus"" Every day, they send us to this isolated","A diario nos envían a este campus aislado en esta montaña,",0.0,0.0,0.0,0.0,1,1,10.0,11.0,0.5275564789772034,0.7913389205932617,-0.6272857189178467,-0.2779639661312103,0.34440286237118967,0.5263924138190066,0.4171986829503164,0.46613503706564957,0.7846983516772873,0.5935603629103047,length_ratio_extreme;low_punc_jaccard,length_ratio_extreme;low_punc_jaccard,EN:length_ratio_extreme;EN:low_punc_jaccard;SP:length_ratio_extreme;SP:low_punc_jaccard
0:12:31.31,official,あらゆる面でカスみたいに差別されてる,"mountaintop campus, discriminating against us like we're scum.",y todos nos discriminan como si fuéramos basura.,0.0,0.0,0.0,0.0,1,1,8.0,8.0,0.5855837464332581,0.7649695873260498,-0.31786051392555237,-0.13591821491718292,0.5098066032666523,0.5869564456666708,0.5406665402266597,0.5393266076582267,0.7561246872331411,0.6260458394881925,length_ratio_extreme;low_punc_jaccard,length_ratio_extreme;low_punc_jaccard,EN:length_ratio_extreme;EN:low_punc_jaccard;SP:length_ratio_extreme;SP:low_punc_jaccard
0:12:35.15,official,落ちこぼれの俺らが100億円稼ぐチャンスなんて,When would us losers ever in our lives get another chance,¿Crees que unos perdedores como nosotros,0.0,0.0,1.0,0.0,0,0,11.0,6.0,0.5722619295120239,0.5537378191947937,-0.43224409222602844,-1.0007574558258057,0.44866267755323486,0.5730522420110807,0.4984185033363732,0.09370298420455082,0.5272351054843655,0.26711583271647665,length_ratio_extreme;digits_mismatch,length_ratio_extreme;low_punc_jaccard;digits_mismatch,EN:length_ratio_extreme;EN:digits_mismatch;SP:length_ratio_extreme;SP:low_punc_jaccard;SP:digits_mismatch
0:12:38.71,official,この先　一生回ってこねえぞ,to score alcool ten billion yen?,tendremos muchas oportunidades de conseguir diez mil millones de yenes?,0.0,0.0,0.0,0.0,1,1,3.0,5.0,0.10760442912578583,0.14146237075328827,-1.2715693712234497,-0.9029766321182251,0.0,0.08808141906201852,0.035232567624807413,0.14408627268609306,0.0804956978947466,0.11865004276955449,low_qe_mix;length_ratio_extreme;low_punc_jaccard,low_qe_mix;length_ratio_extreme;low_punc_jaccard,EN:low_qe_mix;EN:length_ratio_extreme;EN:low_punc_jaccard;SP:low_qe_mix;SP:length_ratio_extreme;SP:low_punc_jaccard
0:12:41.90,official,抜け出すんだよ　このクソみてえな状況から,We're gonna make it--make it through this crappy situation...,Pero saldremos de esta mala situación a como dé lugar.,0.0,0.0,0.0,0.0,1,1,4.5,5.0,0.5214294195175171,0.5747417211532593,-0.5004828572273254,-0.6048824191093445,0.41218553599140906,0.5199974991432466,0.45531032125214405,0.29768455667703037,0.5499948180829842,0.3986086612394119,length_ratio_extreme;low_punc_jaccard,length_ratio_extreme;low_punc_jaccard,EN:length_ratio_extreme;EN:low_punc_jaccard;SP:length_ratio_extreme;SP:low_punc_jaccard
0:12:46.41,official,たとえ　どんな手を使ってもな,by any means necessary.,Con esto. Y tú vas a hacerlo.,0.0,0.0,0.0,0.0,1,1,2.0,3.5,0.4654912054538727,0.5066412687301636,0.06973300874233246,-1.0184530019760132,0.7169953440730613,0.4616138473433802,0.6148427453811889,0.0845850429485985,0.47620154252635044,0.2412316427796993,length_ratio_extreme;low_punc_jaccard,low_qe_mix;length_ratio_extreme;low_punc_jaccard,EN:length_ratio_extreme;EN:low_punc_jaccard;SP:low_qe_mix;SP:length_ratio_extreme;SP:low_punc_jaccard
0:12:51.03,official,しくじんなよ　渚君,"Just don't screw up, Nagisa.","No lo arruines, Nagisa.",0.0,0.0,0.0,0.0,1,1,2.5,2.0,0.5682809948921204,0.6136500835418701,-0.4270055592060089,-1.0543971061706543,0.45146294380283536,0.568897273809521,0.4984366758055096,0.06606421133579611,0.5921557054932769,0.2765008089987884,length_ratio_extreme;low_punc_jaccard,length_ratio_extreme;low_punc_jaccard;model_discrepancy,EN:length_ratio_extreme;EN:low_punc_jaccard;SP:length_ratio_extreme;SP:low_punc_jaccard;SP:model_discrepancy
0:12:54.67,official,渚のやつ　E組行きだってよ,I heard that Nagisa is headed for E Class.,Eso es terrible. Pobre.,0.0,0.0,0.0,0.0,1,1,4.5,2.0,0.34662294387817383,0.2838453948497772,-0.241428405046463,-0.7119649648666382,0.550663509973543,0.3375490499582685,0.4654177259674332,0.2425083923775532,0.2347811594135854,0.2394174991919661,length_ratio_extreme;low_punc_jaccard,low_qe_mix;length_ratio_extreme;low_punc_jaccard,EN:length_ratio_extreme;EN:low_punc_jaccard;SP:low_qe_mix;SP:length_ratio_extreme;SP:low_punc_jaccard
0:12:58.88,official,終わったな　あいつ,"Ooh. Well, that's it for him.",,0.0,0.0,0.0,1.0,1,1,3.0,0.0,0.6955193877220154,0.52924644947052,-0.17366674542427063,-0.5911743640899658,0.5868856140877659,0.7016981175065183,0.6328106154552668,0.3047478730244939,0.5006963920027823,0.38312728061580925,length_ratio_extreme;low_punc_jaccard,length_ratio_extreme,EN:length_ratio_extreme;EN:low_punc_jaccard;SP:length_ratio_extreme
0:13:01.22,official,俺　あいつのアドレス消すわ,I'm gonna delete his contact info.,Voy a borrar su información de contacto.,0.0,0.0,0.0,0.0,1,1,3.0,3.5,0.8297299742698669,0.7484050393104553,0.0879390686750412,0.21154284477233887,0.7267274226860884,0.8417759566729678,0.7727468362808401,0.7183620273105807,0.7381754341416696,0.7262873900430162,length_ratio_extreme;low_punc_jaccard,length_ratio_extreme;low_punc_jaccard,EN:length_ratio_extreme;EN:low_punc_jaccard;SP:length_ratio_extreme;SP:low_punc_jaccard
0:13:03.49,official,俺も,"Me, too.",Y yo.,0.0,0.0,0.0,0.0,1,1,2.0,2.0,0.886642575263977,0.8708263039588928,0.5225611925125122,0.055779311805963516,0.9590553778713777,0.9011765924473659,0.9359038637017729,0.6381021285003738,0.870830442952301,0.7311934542811447,length_ratio_extreme;low_punc_jaccard,length_ratio_extreme;low_punc_jaccard,EN:length_ratio_extreme;EN:low_punc_jaccard;SP:length_ratio_extreme;SP:low_punc_jaccard
0:13:04.41,official,同じレベルだと思われたくないし,Can't have people thinking we're on the same level!,No quiero que crean que estamos en el mismo nivel.,0.0,0.0,0.0,0.0,1,1,9.0,10.0,0.7075836062431335,0.858558714389801,0.17804451286792755,0.31114789843559265,0.7748934327721829,0.7142897446287764,0.7506519575148203,0.7696852823482263,0.8575373503915729,0.8048261095655649,length_ratio_extreme;low_punc_jaccard,length_ratio_extreme;low_punc_jaccard,EN:length_ratio_extreme;EN:low_punc_jaccard;SP:length_ratio_extreme;SP:low_punc_jaccard
0:13:15.85,official,ただ今　帰りました,I'm back!,Ya estoy de regreso.,0.0,0.0,0.0,0.0,1,1,1.0,2.0,0.6995733976364136,0.805924654006958,-0.22716714441776276,0.31656965613365173,0.5582868897752334,0.70592935561802,0.6173438761123481,0.7724789383210503,0.8005033721535898,0.7836887118540661,low_punc_jaccard,length_ratio_extreme;low_punc_jaccard,EN:low_punc_jaccard;SP:length_ratio_extreme;SP:low_punc_jaccard
0:13:17.38,official,お…　おかえり　先生,"H-Hello, sir...","Bienvenido, profesor.",0.0,0.0,0.0,0.0,1,1,0.6666666666666666,0.6666666666666666,0.6807346940040588,0.7831947803497314,0.145492821931839,0.28342074155807495,0.7574928740380099,0.6862670848136485,0.7290025583482653,0.7553983773011721,0.7758734061184985,0.7635883888281026,low_punc_jaccard,low_punc_jaccard,EN:low_punc_jaccard;SP:low_punc_jaccard
0:13:20.14,official,どうしたの　そのミサイル,What's with the missile?,¿Por qué trae ese misil?,0.0,0.0,0.0,0.0,1,1,2.0,2.5,0.9524515867233276,0.6271911859512329,0.22496408224105835,-0.14203669130802155,0.7999743640289411,0.9698625609690757,0.867929642804995,0.5361739551300682,0.6068287695608486,0.5644358809023804,length_ratio_extreme;low_punc_jaccard,length_ratio_extreme;low_punc_jaccard,EN:length_ratio_extreme;EN:low_punc_jaccard;SP:length_ratio_extreme;SP:low_punc_jaccard
0:13:22.24,official,お土産です,A souvenir.,Es un recuerdo de las Fuerzas de Autodefensa,0.0,0.0,0.0,1.0,1,1,2.0,8.0,0.8431150913238525,0.3485122323036194,0.06304226070642471,-0.18624959886074066,0.7134187939515039,0.8557462277383118,0.770349767466227,0.5133924772147445,0.304853788681303,0.42997700180136783,length_ratio_extreme;low_punc_jaccard,length_ratio_extreme,EN:length_ratio_extreme;EN:low_punc_jaccard;SP:length_ratio_extreme
0:13:23.44,official,日本海で　自衛隊に待ち伏せされまして,The Self-Defense Force was waiting for me in the Sea of Japan.,en el Mar del Japón.,0.0,0.0,0.0,0.0,1,1,6.0,2.5,0.872776448726654,0.7674562335014343,-0.02094387635588646,-0.6355183720588684,0.6685238693321237,0.8867042837203324,0.7557960350874072,0.28189884331488,0.758819203347248,0.4726669873278272,length_ratio_extreme;low_punc_jaccard,length_ratio_extreme;low_punc_jaccard,EN:length_ratio_extreme;EN:low_punc_jaccard;SP:length_ratio_extreme;SP:low_punc_jaccard
0:13:26.54,official,た…　大変ですね　ターゲットだと,"I-It must be terrible, being a target.",Debe ser terrible ser un objetivo.,0.0,0.0,0.0,0.0,1,1,2.3333333333333335,2.0,0.6738373637199402,0.5629948973655701,-0.3967037796974182,-0.6885152459144592,0.4676608087655012,0.6790682255651481,0.55222377548536,0.2545912723327476,0.537266024457728,0.3676611731827397,length_ratio_extreme;low_punc_jaccard,length_ratio_extreme;low_punc_jaccard,EN:length_ratio_extreme;EN:low_punc_jaccard;SP:length_ratio_extreme;SP:low_punc_jaccard
0:13:29.39,official,いえいえ　皆から狙われるのは力を持つ者の証しですから,Not at all. You know you're powerful when everyone has it in for you.,De ningún modo. Sabes que eres poderoso cuando todo el mundo quiere eliminarte.,0.0,0.0,0.0,0.0,1,1,7.0,6.5,0.6442878246307373,0.6609209179878235,-0.302927702665329,0.007158171385526657,0.517788961538301,0.6482268762316195,0.5699641274156284,0.6130492310996483,0.6433781216145424,0.6251807873056059,length_ratio_extreme;low_punc_jaccard,length_ratio_extreme;low_punc_jaccard,EN:length_ratio_extreme;EN:low_punc_jaccard;SP:length_ratio_extreme;SP:low_punc_jaccard
0:13:34.79,official,さっ　5時間目を始めますよ,Now let's begin fifth period.,"Ven, ya va a comenzar el quinto periodo.",0.0,0.0,0.0,0.0,0,0,2.5,4.0,0.6634616851806641,0.7515023946762085,0.17840929329395294,0.17663228511810303,0.7750884267354948,0.6682389559296317,0.7323486384131496,0.7003737476927737,0.7415317113743349,0.7168369331653982,length_ratio_extreme;low_punc_jaccard;digits_mismatch,length_ratio_extreme;low_punc_jaccard;digits_mismatch,EN:length_ratio_extreme;EN:low_punc_jaccard;EN:digits_mismatch;SP:length_ratio_extreme;SP:low_punc_jaccard;SP:digits_mismatch
0:13:41.90,official,はい,"Yes, sir.",Sí.,0.0,0.0,0.0,0.0,1,1,2.0,1.0,0.8588217496871948,0.9837301969528198,0.3573547899723053,0.5430669784545898,0.8707440297356873,0.8721395303879369,0.8713022299965871,0.8891856656535996,0.9931724802027316,0.9307803914732524,length_ratio_extreme;low_punc_jaccard,low_punc_jaccard,EN:length_ratio_extreme;EN:low_punc_jaccard;SP:low_punc_jaccard
0:13:43.87,official,先生には　分からないよね,He doesn't understand.,Él nunca podría entenderlo.,0.0,0.0,0.0,0.0,1,1,1.5,2.0,0.5709109902381897,0.42742404341697693,-0.1659158170223236,0.22967010736465454,0.5910288853287976,0.5716422440430269,0.5832742288144893,0.7277024180532546,0.3903621930305545,0.5927663280441746,low_punc_jaccard,length_ratio_extreme;low_punc_jaccard,EN:low_punc_jaccard;SP:length_ratio_extreme;SP:low_punc_jaccard
0:13:46.59,official,みんなから　暗殺のターゲットにされるってことは,"If you're everyone's assassination target,","Si todos están intentando asesinarte, eso significa",0.0,0.0,0.0,0.0,1,1,2.5,3.5,0.8563591837882996,0.7907437682151794,-0.4105401933193207,-0.3809206187725067,0.4602645316144637,0.8695693090753339,0.6239864425988118,0.4130848117307384,0.7840534478349287,0.5614722661724145,length_ratio_extreme;low_punc_jaccard,length_ratio_extreme;low_punc_jaccard,EN:length_ratio_extreme;EN:low_punc_jaccard;SP:length_ratio_extreme;SP:low_punc_jaccard
0:13:49.89,official,裏を返せば　みんなに力を認められているってことだ,that means they all acknowledge your power.,que todos reconocen que eres muy poderoso.,0.0,0.0,0.0,0.0,1,1,3.5,3.5,0.7201845049858093,0.6900794506072998,0.17749539017677307,-0.41740068793296814,0.7745998983546174,0.7274415138955019,0.7557365445709712,0.39428781474659813,0.6749741471306134,0.5065623477002043,length_ratio_extreme;low_punc_jaccard,length_ratio_extreme;low_punc_jaccard,EN:length_ratio_extreme;EN:low_punc_jaccard;SP:length_ratio_extreme;SP:low_punc_jaccard
0:13:55.11,official,分からないよね　そんな怪物に,A creature like that wouldn't understand what it's like,Una criatura así,0.0,0.0,0.0,1.0,1,1,4.5,1.5,0.6623784303665161,0.6760227084159851,-0.30484136939048767,-0.6799797415733337,0.5167660079131227,0.6671083447197745,0.5769029426357835,0.2589893410056037,0.6597423386323713,0.4192905400563107,length_ratio_extreme;low_punc_jaccard,,EN:length_ratio_extreme;EN:low_punc_jaccard
0:13:58.31,official,期待も警戒もされなくなった　認識さえされない人間の気持ちなんて…,"being unworthy of anyone's expectations or fear, or even their recognition...","no entendería cómo es que nadie espere nada de ti, y que no reconozcan tu existencia.",0.0,0.0,0.0,0.0,1,1,5.5,8.0,0.6983828544616699,0.6048843860626221,-0.41009169816970825,-0.31947967410087585,0.4605042754178853,0.704686765747563,0.5581772715497564,0.4447433386544512,0.5826572439336755,0.4999089007661409,length_ratio_extreme;low_punc_jaccard,length_ratio_extreme;low_punc_jaccard,EN:length_ratio_extreme;EN:low_punc_jaccard;SP:length_ratio_extreme;SP:low_punc_jaccard
0:14:06.52,official,お前のおかげで　俺の評価まで　落とされたよ,"Thanks to you, my evaluation is in the gutter!","Gracias a ti, mi evaluación resultó ser muy mala.",0.0,0.0,0.0,0.0,1,1,3.0,3.0,0.41790515184402466,0.5028667449951172,-0.5347371697425842,-0.21031734347343445,0.3938748381542139,0.41194748542974885,0.4011038970644279,0.5009911486725773,0.47211148937450276,0.4894392849533475,length_ratio_extreme;low_punc_jaccard,length_ratio_extreme;low_punc_jaccard,EN:length_ratio_extreme;EN:low_punc_jaccard;SP:length_ratio_extreme;SP:low_punc_jaccard
0:14:10.32,official,唯一　よかったのは　もうお前を見ずに済むことだ,The only good thing about it is not having to see you anymore.,Lo único bueno de todo esto es que ya no tendré que volver a verte.,0.0,0.0,0.0,0.0,1,1,4.333333333333333,5.0,0.793623149394989,0.7971605062484741,-0.04470609501004219,-0.09725183248519897,0.6558217371400445,0.8040906582346735,0.7151293055778961,0.55925014099268,0.7910065898628817,0.6519527205407607,length_ratio_extreme;low_punc_jaccard,length_ratio_extreme;low_punc_jaccard,EN:length_ratio_extreme;EN:low_punc_jaccard;SP:length_ratio_extreme;SP:low_punc_jaccard
0:14:19.62,official,殺せるかもしれない,I might just be able to kill him.,Tal vez pueda matarlo.,0.0,0.0,0.0,0.0,1,1,8.0,4.0,0.8254801034927368,0.913500189781189,-0.40048596262931824,-0.09895077347755432,0.4656390367973682,0.8373402952955042,0.6143195401966226,0.5583747317776079,0.9170716308374061,0.7018534914015271,length_ratio_extreme;low_punc_jaccard,length_ratio_extreme;low_punc_jaccard,EN:length_ratio_extreme;EN:low_punc_jaccard;SP:length_ratio_extreme;SP:low_punc_jaccard
0:14:21.63,official,だって　この先生にも僕の姿は　見えてないから,"After all... this teacher can't see me, either.","Después de todo, creo que este profesor tampoco va a ser capaz de verme.",0.0,0.0,0.0,0.0,1,1,2.6666666666666665,4.666666666666667,0.8480948805809021,0.8030047416687012,-0.22829198837280273,-0.3052889108657837,0.5576856026302774,0.8609437172700567,0.6789888484861892,0.4520553788964632,0.797339371209227,0.5901689758215687,length_ratio_extreme;low_punc_jaccard,length_ratio_extreme;low_punc_jaccard,EN:length_ratio_extreme;EN:low_punc_jaccard;SP:length_ratio_extreme;SP:low_punc_jaccard
0:14:36.46,official,はい　それでは　お題に沿って短歌を作ってみましょう,All Along all right then,"Bien, quiero que compongan un poema corto que tenga que ver con nuestro tema.",0.0,0.0,1.0,0.0,1,1,1.6666666666666667,4.666666666666667,0.47791120409965515,0.699750542640686,-0.7540815472602844,0.3797348737716675,0.27662394843849825,0.4745768081462609,0.3558050923216033,0.8050259272048106,0.6854536892475936,0.7571970320219238,,length_ratio_extreme;low_punc_jaccard,SP:length_ratio_extreme;SP:low_punc_jaccard
0:14:48.94,official,はい　書けた人は先生の所へ持ってきなさい,"Indeed! When you're finished, bring them to me.",Sí. Entréguenmelo en cuanto hayan terminado.,0.0,0.0,0.0,0.0,1,1,4.0,3.0,0.522435188293457,0.5302543640136719,-0.0037852339446544647,-0.029023684561252594,0.6776960492247603,0.5210472368760037,0.6150365242852577,0.5944058937166881,0.5017885626561907,0.5573589612924891,length_ratio_extreme;low_punc_jaccard,length_ratio_extreme;low_punc_jaccard,EN:length_ratio_extreme;EN:low_punc_jaccard;SP:length_ratio_extreme;SP:low_punc_jaccard
0:14:52.72,official,チェックするのは　文法の正しさと触手を美しく表現できたか,I'm looking for proper grammar and whether you've conveyed the tentacle's beauty.,Estaré esperando una gramática adecuada y que logren transmitir la belleza de los tentáculos.,0.0,0.0,0.0,0.0,1,1,6.0,7.0,0.6214731335639954,0.6587639451026917,-0.00290009006857872,-0.11698451638221741,0.6781692043070598,0.6244148006861493,0.6566674428586956,0.549082528698149,0.6410408376638893,0.5858658522844451,length_ratio_extreme;low_punc_jaccard,length_ratio_extreme;low_punc_jaccard,EN:length_ratio_extreme;EN:low_punc_jaccard;SP:length_ratio_extreme;SP:low_punc_jaccard
0:14:58.16,official,例文です,An example:,Por ejemplo:,0.0,0.0,0.0,0.0,1,1,2.0,2.0,0.6834293007850647,0.7033607363700867,0.47502401471138,0.48003366589546204,0.933644303036295,0.6890794910849822,0.8358183782557698,0.8567066431807346,0.689365675309468,0.789770256032228,length_ratio_extreme;low_punc_jaccard,length_ratio_extreme;low_punc_jaccard,EN:length_ratio_extreme;EN:low_punc_jaccard;SP:length_ratio_extreme;SP:low_punc_jaccard
0:15:08.22,official,「触手だったのだなぁ」って…,"""It was tentacles""? Really?",¿Y qué tienen de hermosos unos tentáculos?,0.0,0.0,0.0,0.0,1,1,4.0,7.0,0.6097190380096436,0.3074110448360443,-0.39657366275787354,-0.5894393920898438,0.4677303629847675,0.6121468541033919,0.5254969594322173,0.30564184784977216,0.26031676808037935,0.287511815942015,length_ratio_extreme;low_punc_jaccard,length_ratio_extreme;low_punc_jaccard,EN:length_ratio_extreme;EN:low_punc_jaccard;SP:length_ratio_extreme;SP:low_punc_jaccard
0:15:10.51,official,できた者から　今日は　帰ってよし,"Once you're done, you're free to go home!",Cuando terminen pueden irse a casa.,0.0,0.0,0.0,0.0,1,1,2.6666666666666665,2.0,0.6670985221862793,0.7002320289611816,-0.09948098659515381,-0.15110896527767181,0.6265417307632322,0.6720347836825007,0.6447389519309396,0.531499306469269,0.6859754251753425,0.5932897539516984,length_ratio_extreme;low_punc_jaccard,length_ratio_extreme;low_punc_jaccard,EN:length_ratio_extreme;EN:low_punc_jaccard;SP:length_ratio_extreme;SP:low_punc_jaccard
0:15:13.28,official,そんなの思い付かないよ,How are we gonna write about that?,¿Cómo vamos a escribir sobre eso?,0.0,0.0,0.0,0.0,1,1,7.0,6.0,0.41155749559402466,0.3911651372909546,-0.8870937824249268,-0.8145522475242615,0.20552204424279208,0.40532233018572206,0.2854421586199641,0.18964849142055357,0.3510722418490811,0.25421799159196456,length_ratio_extreme;low_punc_jaccard,length_ratio_extreme;low_punc_jaccard,EN:length_ratio_extreme;EN:low_punc_jaccard;SP:length_ratio_extreme;SP:low_punc_jaccard
0:15:15.32,official,ほーら　ほら　ヌルヌル　素晴らしい句が湧いてきませんか,"Now, now--aren't any marvelously slithery phrases coming to mind?","Veamos, ¿no les vienen a la mente ideas maravillosas?",0.0,0.0,0.0,0.0,1,1,2.25,2.25,0.6101271510124207,0.5226007699966431,-0.21760709583759308,-0.2421165108680725,0.5633972291166642,0.6125728084862406,0.5830674608644948,0.48460606861732825,0.4934951702894511,0.4881617092861774,length_ratio_extreme;low_punc_jaccard,length_ratio_extreme;low_punc_jaccard,EN:length_ratio_extreme;EN:low_punc_jaccard;SP:length_ratio_extreme;SP:low_punc_jaccard
0:15:19.31,official,ヌルヌルヌルヌルヌルヌル…,Slither slither slither slither!,"Piensen, piensen, piensen, piensen, piensen, piensen...",0.0,0.0,0.0,0.0,1,1,4.0,6.0,0.566902756690979,0.7424468994140625,-1.1188856363296509,-0.8492181897163391,0.08161733600840411,0.5674587834933812,0.27595391500239497,0.17178625525069702,0.7317192265316541,0.39575944376307987,length_ratio_extreme;low_punc_jaccard,length_ratio_extreme;low_punc_jaccard;model_discrepancy,EN:length_ratio_extreme;EN:low_punc_jaccard;SP:length_ratio_extreme;SP:low_punc_jaccard;SP:model_discrepancy
0:15:21.92,official,ヌルヌル　うるせえよ,Enough with the slithering! Slither slither slither slither!,¡Ya basta!,0.0,0.0,0.0,0.0,1,1,4.0,1.0,0.5621343851089478,0.6561368107795715,-0.5738559365272522,-0.19774633646011353,0.37296383846508907,0.5624819541333851,0.44877108473240745,0.5074685810446932,0.6381940893658626,0.559758784373161,length_ratio_extreme;low_punc_jaccard,low_punc_jaccard,EN:length_ratio_extreme;EN:low_punc_jaccard;SP:low_punc_jaccard
0:15:23.48,official,先生　質問,I have a question!,"Una pregunta, profesor.",0.0,0.0,0.0,0.0,1,1,2.0,1.5,0.3529166877269745,0.7280271053314209,0.27571186423301697,0.4671064019203186,0.8271016724969968,0.34411793592534384,0.6339081778683356,0.8500456431457533,0.7160940170014835,0.7964649926880453,length_ratio_extreme;low_punc_jaccard,low_punc_jaccard,EN:length_ratio_extreme;EN:low_punc_jaccard;SP:low_punc_jaccard
0:15:26.14,official,何ですか　茅野さん,"Ah--yes, Kayano?","Dime, Kayano.",0.0,0.0,0.0,0.0,1,1,1.0,1.0,0.5769150257110596,0.654733419418335,-0.13077972829341888,-0.3158373236656189,0.609810938058925,0.5779087565212989,0.5970500654438746,0.4466201237516931,0.6366733822082931,0.522641427134333,low_punc_jaccard,low_punc_jaccard,EN:low_punc_jaccard;SP:low_punc_jaccard
0:15:28.14,official,いまさらなんだけどさ　先生の名前　何ていうの,"This is a weird question to ask now, but... what's your name?","Tal vez sea raro preguntarlo a estas alturas, pero ¿cómo se llama?",0.0,0.0,0.0,0.0,1,1,4.0,4.0,0.5626751780509949,0.5907461643218994,0.030469242483377457,-0.03624628856778145,0.696006834681792,0.5630463887931757,0.6428226563263455,0.5906843200230859,0.5673371446439957,0.5813454498714499,length_ratio_extreme;low_punc_jaccard,length_ratio_extreme;low_punc_jaccard,EN:length_ratio_extreme;EN:low_punc_jaccard;SP:length_ratio_extreme;SP:low_punc_jaccard
0:15:32.85,official,他の先生と区別するとき不便だよ,How else can we tell what teacher were talking about?,Debemos poder llamarle de alguna manera.,0.0,0.0,0.0,0.0,1,1,10.0,6.0,0.657885730266571,0.18892723321914673,-0.4111582040786743,-0.6259253621101379,0.4599341729692677,0.6624192383071532,0.5409281991044219,0.2868418103438612,0.1319283617108382,0.22487643089065198,length_ratio_extreme;low_punc_jaccard,low_qe_mix;length_ratio_extreme;low_punc_jaccard,EN:length_ratio_extreme;EN:low_punc_jaccard;SP:low_qe_mix;SP:length_ratio_extreme;SP:low_punc_jaccard
0:15:35.85,official,名前…　ですか,My... name?,¿Quieren saber mi nombre?,0.0,0.0,0.0,0.0,1,1,1.0,2.0,0.7729742527008057,0.6811825633049011,0.23473629355430603,0.4182302951812744,0.805198115300504,0.7825390585845136,0.7961344926141078,0.8248613698668507,0.6653335290004531,0.7610502335202916,low_punc_jaccard,length_ratio_extreme;low_punc_jaccard,EN:low_punc_jaccard;SP:length_ratio_extreme;SP:low_punc_jaccard
0:15:38.05,official,そういやぁ…,Now that you mention it...,Tiene razón.,0.0,0.0,0.0,0.0,1,1,5.0,2.0,0.5658854246139526,0.6317962408065796,0.11923231184482574,0.14448192715644836,0.7434552761431545,0.566396976949426,0.6726319564656631,0.6838077105236543,0.6118187816650673,0.6550121389802195,length_ratio_extreme;low_punc_jaccard,length_ratio_extreme;low_punc_jaccard,EN:length_ratio_extreme;EN:low_punc_jaccard;SP:length_ratio_extreme;SP:low_punc_jaccard
0:15:39.21,official,名乗ってないね,...he never did tell us.,Nunca nos lo dijo.,0.0,0.0,0.0,0.0,1,1,5.0,4.0,0.44008997082710266,0.45913001894950867,-0.5276546478271484,-0.31259527802467346,0.39766081163305944,0.43510215292194704,0.41263734814861447,0.44829064476598285,0.42471861367116864,0.43886183232805714,length_ratio_extreme;low_punc_jaccard,length_ratio_extreme;low_punc_jaccard,EN:length_ratio_extreme;EN:low_punc_jaccard;SP:length_ratio_extreme;SP:low_punc_jaccard
0:15:41.90,official,名乗るような名前はありませんねぇ,Hmm... I don't really have the kind of name you tell people.,No tengo algo parecido a un nombre.,0.0,0.0,0.0,0.0,1,1,12.0,7.0,0.7900338768959045,0.8192179203033447,-0.4753250479698181,-0.8174673914909363,0.4256336833846695,0.8003444743546705,0.5755179997726699,0.18814641224112835,0.8149078823727363,0.4388510002937715,length_ratio_extreme;low_punc_jaccard,length_ratio_extreme;low_punc_jaccard;model_discrepancy,EN:length_ratio_extreme;EN:low_punc_jaccard;SP:length_ratio_extreme;SP:low_punc_jaccard;SP:model_discrepancy
0:15:44.42,official,何なら　皆さんで　付けてください,Go ahead and give me one.,¿Por qué no me ponen uno ustedes?,0.0,0.0,0.0,0.0,1,1,2.0,2.3333333333333335,0.6028971076011658,0.4390972852706909,-0.2674385905265808,-0.5680738091468811,0.5367597234998345,0.6050266909691465,0.5640665104875593,0.31665084008541594,0.40301125367700347,0.35119500552205096,length_ratio_extreme;low_punc_jaccard,length_ratio_extreme;low_punc_jaccard,EN:length_ratio_extreme;EN:low_punc_jaccard;SP:length_ratio_extreme;SP:low_punc_jaccard
0:15:46.82,official,付けていいんだ,You sure about that?,¿Está seguro?,0.0,0.0,0.0,0.0,1,1,4.0,2.0,0.43475446105003357,0.458057165145874,-0.4597083628177643,-0.5138524174690247,0.43398160754488996,0.42953339191994644,0.43220232129491254,0.3445893654034875,0.4235560751923972,0.37617604931905135,length_ratio_extreme;low_punc_jaccard,length_ratio_extreme;low_punc_jaccard,EN:length_ratio_extreme;EN:low_punc_jaccard;SP:length_ratio_extreme;SP:low_punc_jaccard
0:15:48.07,official,でも　今は　課題に集中ですよ,"But right now, focus on your schoolwork.","Pero ahora, concéntrense en la tarea que les pedí.",0.0,0.0,0.0,0.0,1,1,2.3333333333333335,3.0,0.6786348819732666,0.7645575404167175,0.5152837634086609,0.45409446954727173,0.9551652164415468,0.6840754757946071,0.8467293201827709,0.8433410162302131,0.7556781954692727,0.8082758879258369,length_ratio_extreme;low_punc_jaccard,length_ratio_extreme;low_punc_jaccard,EN:length_ratio_extreme;EN:low_punc_jaccard;SP:length_ratio_extreme;SP:low_punc_jaccard
0:15:50.90,official,はーい,"Yes, sir",Claro.,0.0,0.0,0.0,0.0,1,1,2.0,1.0,0.6734355092048645,0.805034339427948,0.2468099296092987,0.25631317496299744,0.8116520968685403,0.6786488032708344,0.7584507794294579,0.741430727040045,0.7995386321742899,0.764673889093743,length_ratio_extreme;low_punc_jaccard,low_punc_jaccard,EN:length_ratio_extreme;EN:low_punc_jaccard;SP:low_punc_jaccard
0:15:52.25,official,では　先生は　その間　一休みを,"Meanwhile, I'll just take a little break.","Mientras tanto, yo me tomaré un pequeño descanso.",0.0,0.0,0.0,0.0,1,1,1.75,2.0,0.5945001244544983,0.6433265805244446,0.2049967497587204,0.26295170187950134,0.7893007943423203,0.5962626188869274,0.7120855241601631,0.7448513447444627,0.6243129943433585,0.696636004584021,low_punc_jaccard,length_ratio_extreme;low_punc_jaccard,EN:low_punc_jaccard;SP:length_ratio_extreme;SP:low_punc_jaccard
0:16:03.04,official,おっ　もうできましたか　渚君,"Finished already, Nagisa?","¿Ya terminaste, Nagisa?",0.0,0.0,0.0,0.0,1,1,1.0,1.0,0.6248461008071899,0.7650609612464905,0.08264271914958954,0.38470181822776794,0.7238962505305381,0.6279352231443095,0.6855118395760467,0.8075852326587296,0.7562236995105908,0.7870406193994741,low_punc_jaccard,low_punc_jaccard,EN:low_punc_jaccard;SP:low_punc_jaccard
0:16:12.35,official,昼食の後で　僕らが眠くなるころに,"After lunch, right around the time we get sleepy,","Después del almuerzo le da algo de sueño,",0.0,0.0,0.0,0.0,1,1,4.5,4.0,0.9209188222885132,0.8590131402015686,0.14076635241508484,-0.7028787732124329,0.7549663321574964,0.9369512860943577,0.8277603137322409,0.2471902123700035,0.8580297637009511,0.4915260329023825,length_ratio_extreme;low_punc_jaccard,length_ratio_extreme;low_punc_jaccard;model_discrepancy,EN:length_ratio_extreme;EN:low_punc_jaccard;SP:length_ratio_extreme;SP:low_punc_jaccard;SP:model_discrepancy
0:16:15.22,official,先生の顔が薄いピンクになるときがある,his face sometimes goes light pink.,y su cara se vuelve de color rosa claro.,0.0,0.0,0.0,0.0,1,1,6.0,9.0,0.7024930715560913,0.7506811022758484,0.371722012758255,0.28526926040649414,0.8784240517789265,0.7089766682351455,0.810645098361414,0.7563508591362811,0.7406417634480597,0.7500672208609925,length_ratio_extreme;low_punc_jaccard,length_ratio_extreme;low_punc_jaccard,EN:length_ratio_extreme;EN:low_punc_jaccard;SP:length_ratio_extreme;SP:low_punc_jaccard
0:16:19.51,official,茅野の質問への反応も少し遅れた,"He was a little slow responding to Kayano's question, too.",También tardó en responder a la pregunta de Kayano.,0.0,0.0,0.0,0.0,1,1,10.0,9.0,0.6638157367706299,0.6852169632911682,0.3993246555328369,0.3729471266269684,0.8931790888601191,0.6686084855096114,0.803350847519916,0.8015284211544026,0.669705182628283,0.7487991257439548,length_ratio_extreme;low_punc_jaccard,length_ratio_extreme;low_punc_jaccard,EN:length_ratio_extreme;EN:low_punc_jaccard;SP:length_ratio_extreme;SP:low_punc_jaccard
0:16:22.79,official,たぶん　先生も一番　油断する時間なんだ,That might be when he's at his most vulnerable.,Eso podría ser cuando está en su punto más vulnerable.,0.0,0.0,0.0,0.0,1,1,3.0,3.3333333333333335,0.30455806851387024,0.2831021547317505,-0.09331253170967102,0.015588920563459396,0.6298390882413638,0.29364523433984263,0.4953615466807553,0.6173933228329886,0.23397578851100254,0.4640263091041942,length_ratio_extreme;low_punc_jaccard,length_ratio_extreme;low_punc_jaccard,EN:length_ratio_extreme;EN:low_punc_jaccard;SP:length_ratio_extreme;SP:low_punc_jaccard
0:16:29.41,official,この進学校で　落ちこぼれた僕らは思う,"Us prep-school failures are always thinking,",Todos los fracasados de la escuela siempre pensamos:,0.0,0.0,0.0,0.0,1,1,3.0,4.0,0.574381947517395,0.6045060157775879,-0.4144001007080078,-0.47025665640830994,0.4582012119129714,0.575264940344535,0.5050267032855968,0.3670528477388699,0.5822472439746076,0.45313060623316503,length_ratio_extreme;low_punc_jaccard,length_ratio_extreme;low_punc_jaccard,EN:length_ratio_extreme;EN:low_punc_jaccard;SP:length_ratio_extreme;SP:low_punc_jaccard
0:16:33.38,official,どこかで見返さなきゃ,"""We gotta get back at 'em somehow.""","""Tenemos que salir de aquí"".",0.0,0.0,0.0,0.0,1,1,7.0,5.0,0.6264424324035645,0.5322491526603699,-0.3382708728313446,-0.31039121747016907,0.4988962130929716,0.6296013411933021,0.5511782643331038,0.449426325715864,0.5039501046584154,0.47123583729288454,length_ratio_extreme;low_punc_jaccard,length_ratio_extreme;low_punc_jaccard,EN:length_ratio_extreme;EN:low_punc_jaccard;SP:length_ratio_extreme;SP:low_punc_jaccard
0:16:35.44,official,やればできると　親や　友達や　先生たちを,You can do it if you try. That's what our parents and friends and teachers say.,"""Podemos lograrlo"". Demostrarlo a nuestros padres, amigos y maestros.",0.0,0.0,0.0,0.0,1,1,4.0,2.25,0.8440037369728088,0.8563854694366455,-0.21981847286224365,0.05352947488427162,0.5622151339721637,0.8566737220999141,0.679998569223264,0.6369428604725137,0.8551824341175381,0.7242386899305235,length_ratio_extreme;low_punc_jaccard,length_ratio_extreme;low_punc_jaccard,EN:length_ratio_extreme;EN:low_punc_jaccard;SP:length_ratio_extreme;SP:low_punc_jaccard
0:16:41.16,official,やればできると…,You can do it if you try.,Podemos conseguirlo.,0.0,0.0,0.0,0.0,1,1,7.0,2.0,0.7439140677452087,0.6513422131538391,-0.08296391367912292,0.13954947888851166,0.6353709586505424,0.7522084563640544,0.6821059577359472,0.6812661798371576,0.6329986897585193,0.6619591838057023,length_ratio_extreme;low_punc_jaccard,length_ratio_extreme;low_punc_jaccard,EN:length_ratio_extreme;EN:low_punc_jaccard;SP:length_ratio_extreme;SP:low_punc_jaccard
0:16:46.92,official,言ったでしょう もっと　工夫を…,I told you: be more inventive!,Les dije que fueran más creativos.,0.0,0.0,0.0,0.0,1,1,2.0,2.0,0.7455899715423584,0.6531006693840027,0.10281533002853394,0.19857490062713623,0.7346795521141599,0.753957625252992,0.7423907813696928,0.711680066102786,0.6349041432544895,0.6809696969634674,length_ratio_extreme;low_punc_jaccard,length_ratio_extreme;low_punc_jaccard,EN:length_ratio_extreme;EN:low_punc_jaccard;SP:length_ratio_extreme;SP:low_punc_jaccard
0:16:50.09,official,認めさせなきゃ…,We have to prove ourselves...,Debemos demostrarlo.,0.0,0.0,0.0,0.0,1,1,5.0,2.0,0.5504395961761475,0.5179502964019775,-0.09509213268756866,0.28775474429130554,0.6288877996769664,0.5502759068657928,0.597443042552497,0.7576315484047534,0.48845594268920073,0.6499613061185323,length_ratio_extreme;low_punc_jaccard,length_ratio_extreme;low_punc_jaccard,EN:length_ratio_extreme;EN:low_punc_jaccard;SP:length_ratio_extreme;SP:low_punc_jaccard
0:16:52.92,official,どんな手を使っても…,...by any means necessary.,A como dé lugar.,0.0,0.0,0.0,0.0,1,1,4.0,4.0,0.634199857711792,0.6710166931152344,0.07037883996963501,-1.0625181198120117,0.7173405741941357,0.6376978960376117,0.685483502931526,0.06187971628307823,0.6543178479955992,0.2988549689680866,length_ratio_extreme;low_punc_jaccard,length_ratio_extreme;low_punc_jaccard;model_discrepancy,EN:length_ratio_extreme;EN:low_punc_jaccard;SP:length_ratio_extreme;SP:low_punc_jaccard;SP:model_discrepancy
0:17:02.59,official,しゃーっ,Yesss!,-¡Sí! ¡Lo logramos!,0.0,0.0,0.0,0.0,1,1,1.0,3.0,0.6856186389923096,0.6034636497497559,0.23244380950927734,0.2754707336425781,0.8039726642678373,0.6913645400752574,0.7589294145908053,0.7513019959551233,0.581117741881952,0.6832282943258547,low_punc_jaccard,length_ratio_extreme;low_punc_jaccard,EN:low_punc_jaccard;SP:length_ratio_extreme;SP:low_punc_jaccard
0:17:03.85,official,やったぜー,We did it!,,0.0,0.0,0.0,1.0,1,1,3.0,0.0,0.6274900436401367,0.7831536531448364,0.08466696739196777,-0.5751715302467346,0.7249783156835652,0.6306947506036933,0.6872648896516165,0.312993614505021,0.7758288409055564,0.4981277050652352,length_ratio_extreme;low_punc_jaccard,length_ratio_extreme,EN:length_ratio_extreme;EN:low_punc_jaccard;SP:length_ratio_extreme
0:17:04.91,official,100億円いただき,Ten billion yen! Cha-ching! Nagisa!,,0.0,0.0,0.0,1.0,0,0,5.0,0.0,0.504288911819458,0.3822242319583893,-0.4168660342693329,-0.5522740483283997,0.4568830431624554,0.5021076639050707,0.4749728914595015,0.3247919446197522,0.34138392602361955,0.33142873718129917,length_ratio_extreme;low_punc_jaccard;digits_mismatch,length_ratio_extreme;digits_mismatch,EN:length_ratio_extreme;EN:low_punc_jaccard;EN:digits_mismatch;SP:length_ratio_extreme;SP:digits_mismatch
0:17:04.97,official,渚,,-Nagisa. -¡Por fin!,0.0,0.0,1.0,0.0,1,1,0.0,3.0,0.7426851391792297,0.6307164430618286,0.03414938226342201,-0.43494683504104614,0.6979740593190116,0.7509258030172494,0.7191547567983068,0.38524685397365943,0.6106487187699078,0.47540759989215875,length_ratio_extreme,length_ratio_extreme;low_punc_jaccard,EN:length_ratio_extreme;SP:length_ratio_extreme;SP:low_punc_jaccard
0:17:07.35,official,ざまあみろ,Serves you right!,,0.0,0.0,0.0,1.0,1,1,3.0,0.0,0.6474286913871765,0.755698561668396,-0.9606276154518127,-0.6120219826698303,0.1662144155532283,0.6515050515206818,0.36033066994020974,0.2940057710331702,0.7460786548397373,0.474834924555797,length_ratio_extreme;low_punc_jaccard,length_ratio_extreme,EN:length_ratio_extreme;EN:low_punc_jaccard;SP:length_ratio_extreme
0:17:08.41,official,寺坂　何やったんだ,Terasaka! What have you done?!,-Terasaka. -¿Qué has hecho?,0.0,0.0,0.0,0.0,1,1,2.5,2.0,0.6940606832504272,0.7801244854927063,0.03356799855828285,-0.17749467492103577,0.6976632797245437,0.7001756431949285,0.6986682251126977,0.5179036056933433,0.7725464515042039,0.6197607440176875,length_ratio_extreme;low_punc_jaccard,length_ratio_extreme;low_punc_jaccard,EN:length_ratio_extreme;EN:low_punc_jaccard;SP:length_ratio_extreme;SP:low_punc_jaccard
0:17:10.88,official,こいつも自爆テロは予想してなかったろ,Bet he never expected a suicide bomber!,Nunca esperó a un terrorista suicida.,0.0,0.0,0.0,0.0,1,1,7.0,6.0,0.6941525340080261,0.5323675870895386,-0.18395450711250305,-0.35479792952537537,0.5813862745342313,0.7002715093704754,0.6289403684687289,0.4265449866233934,0.5040784395542358,0.45755836779573034,length_ratio_extreme;low_punc_jaccard,length_ratio_extreme;low_punc_jaccard,EN:length_ratio_extreme;EN:low_punc_jaccard;SP:length_ratio_extreme;SP:low_punc_jaccard
0:17:13.29,official,ちょっと　渚に　何　持たせたのよ,Hey! What'd you give Nagisa?!,"Oye, ¿qué le diste a Nagisa?",0.0,0.0,0.0,0.0,1,1,1.25,1.5,0.5181142687797546,0.6996700167655945,-0.17268389463424683,-0.2287791520357132,0.5874109985580324,0.5165374207410763,0.55906156743125,0.4914783772372904,0.6853664318523982,0.5690335990833335,low_punc_jaccard,low_punc_jaccard,EN:low_punc_jaccard;SP:low_punc_jaccard
0:17:16.81,official,おもちゃの手榴弾だよ,Huh? A toy grenade.,Era una granada de juguete.,0.0,0.0,0.0,0.0,1,1,4.0,5.0,0.9091575741767883,0.7473461627960205,-0.10065579414367676,-0.26191234588623047,0.6259137354990365,0.9246758742675604,0.745418591006446,0.4744059165973822,0.737028041376572,0.5794547665090581,length_ratio_extreme;low_punc_jaccard,length_ratio_extreme;low_punc_jaccard,EN:length_ratio_extreme;EN:low_punc_jaccard;SP:length_ratio_extreme;SP:low_punc_jaccard
0:17:19.19,official,ただし　火薬を使って威力を上げてある,But I beefed it up with gunpowder,Pero se me ocurrió llenarla con pólvora.,0.0,0.0,1.0,0.0,1,1,3.5,3.5,0.6203200817108154,0.6569039821624756,-0.10140717029571533,-0.2721532881259918,0.6255120861687246,0.6232113411365352,0.6245917881558488,0.469129091064272,0.6390253920553967,0.5370876114607218,length_ratio_extreme,length_ratio_extreme;low_punc_jaccard,EN:length_ratio_extreme;SP:length_ratio_extreme;SP:low_punc_jaccard
0:17:22.74,official,300発の対先生弾がすげえ速さで飛び散るようにな,so it'd shoot three hundred anti-Sensei bullets at crazy-high speed!,"Así dispararía 300 balines a gran velocidad para eliminar al profesor.,",0.0,0.11867816581938533,0.0,0.0,0,1,10.0,11.0,0.7389959096908569,0.6978533864021301,-0.2752566635608673,-0.3879319727420807,0.5325805599876147,0.7470752923517875,0.6183784529332838,0.4094720883326242,0.6833979411856577,0.5190424294738376,length_ratio_extreme;low_punc_jaccard;digits_mismatch,length_ratio_extreme;low_punc_jaccard,EN:length_ratio_extreme;EN:low_punc_jaccard;EN:digits_mismatch;SP:length_ratio_extreme;SP:low_punc_jaccard
0:17:27.94,official,人間が死ぬ威力じゃねえよ,They're not strong enough to kill anybody.,Pero eso no mataría a una persona.,0.0,0.0,0.0,0.0,1,1,7.0,7.0,0.4546595513820648,0.6807955503463745,-0.3904215693473816,-0.4520442485809326,0.4710189744101329,0.4503086684003141,0.46273485200620534,0.3764371110608316,0.6649141638879409,0.4918279321916753,length_ratio_extreme;low_punc_jaccard,length_ratio_extreme;low_punc_jaccard,EN:length_ratio_extreme;EN:low_punc_jaccard;SP:length_ratio_extreme;SP:low_punc_jaccard
0:17:30.42,official,俺の100億で　治療費くらい…,My ten billion yen'll cover his medical bi--,Con el dinero cubriré sus gastos mé...,0.0,0.0,0.0,0.0,0,0,4.0,3.5,0.5696202516555786,0.6480357646942139,-0.2407296597957611,-0.33333447575569153,0.551037025370913,0.5702950785456429,0.5587402466408049,0.4376044085231538,0.6294158403997655,0.5143289812737986,length_ratio_extreme;low_punc_jaccard;digits_mismatch,length_ratio_extreme;low_punc_jaccard;digits_mismatch,EN:length_ratio_extreme;EN:low_punc_jaccard;EN:digits_mismatch;SP:length_ratio_extreme;SP:low_punc_jaccard;SP:digits_mismatch
0:17:35.59,official,無傷　やけど一つ負ってねえのか,He's not hurt? Not even a single burn?,¿No está herido? ¿No tiene ni una quemadura?,0.0,0.0,0.0,0.0,1,1,4.0,4.0,0.6282663941383362,0.834500789642334,-0.5261448621749878,-0.23523911833763123,0.3984678699812114,0.6315050406338677,0.49168273824227393,0.4881497660287785,0.8314683155020408,0.6254771858180834,length_ratio_extreme;low_punc_jaccard,length_ratio_extreme;low_punc_jaccard,EN:length_ratio_extreme;EN:low_punc_jaccard;SP:length_ratio_extreme;SP:low_punc_jaccard
0:17:38.56,official,それに　何だ　この膜,And... this membrane...,¿Y qué es esta membrana?,0.0,0.0,0.0,0.0,1,1,1.0,1.6666666666666667,0.8748233318328857,0.9105733036994934,-0.3720201551914215,0.05900266394019127,0.4808554799373356,0.8888406499334777,0.6440495479357924,0.6397630173566803,0.9139000731830228,0.7494178396872173,low_punc_jaccard,low_punc_jaccard,EN:low_punc_jaccard;SP:low_punc_jaccard
0:17:40.89,official,タコの死体に　つながっ…,is attached to that octopus's corpse?, ¿Está unida...?,0.0,0.0,0.0,0.0,1,1,3.0,1.0,0.5925915241241455,0.4124481976032257,-0.3665265738964081,-0.6389085054397583,0.4837920826524608,0.594270580725222,0.5279834818815653,0.28015201748908125,0.3741344489039529,0.31774499005502993,length_ratio_extreme;low_punc_jaccard,low_punc_jaccard,EN:length_ratio_extreme;EN:low_punc_jaccard;SP:low_punc_jaccard
0:17:41.77,official,実は　先生　月に１度ほど　脱皮をします,"As it happens, I shed my skin once a month.",Deben saber que mudo de piel una vez al mes.,0.0,0.0,0.0,0.0,0,0,2.5,2.5,0.5751280784606934,0.6268069744110107,0.1875215470790863,0.016684923321008682,0.7799593966491689,0.5760436897186404,0.6983931138769575,0.6179580575224336,0.6064124400497978,0.6133398105333793,length_ratio_extreme;low_punc_jaccard;digits_mismatch,length_ratio_extreme;low_punc_jaccard;digits_mismatch,EN:length_ratio_extreme;EN:low_punc_jaccard;EN:digits_mismatch;SP:length_ratio_extreme;SP:low_punc_jaccard;SP:digits_mismatch
0:17:45.94,official,脱いだ皮を渚君にかぶせて守りました,I protected Nagisa there by covering him with my old skin.,Protegi a Nagisa cubriendolo con mi piel vieja.,0.0,0.0,0.0,0.0,1,1,11.0,8.0,0.6190289855003357,0.6286814212799072,-0.3423592150211334,-0.36496439576148987,0.4967107832012191,0.6218638023769493,0.5467719908715112,0.4213065361605108,0.6084435803637178,0.4961613538417936,length_ratio_extreme;low_punc_jaccard,length_ratio_extreme;low_punc_jaccard,EN:length_ratio_extreme;EN:low_punc_jaccard;SP:length_ratio_extreme;SP:low_punc_jaccard
0:17:51.51,official,月1で使える　先生の奥の手です,It's my once-monthly ace in the hole.,Es un as bajo la manga que solo puedo usar una vez al mes.,0.0,0.0,0.0,0.0,0,0,3.5,7.0,0.37470653653144836,0.4943367838859558,-0.6792821288108826,-0.42179134488105774,0.31660809785077465,0.36686036642061687,0.3367090052787115,0.3920254515627837,0.46286847044850454,0.42036265911707205,length_ratio_extreme;low_punc_jaccard;digits_mismatch,length_ratio_extreme;low_punc_jaccard;digits_mismatch,EN:length_ratio_extreme;EN:low_punc_jaccard;EN:digits_mismatch;SP:length_ratio_extreme;SP:low_punc_jaccard;SP:digits_mismatch
0:17:58.21,official,寺坂　吉田　村松,"Terasaka, Yoshida, Muramatsu.","Terasaka, Yoshida, Muramatsu.",0.0,0.0,0.0,0.0,1,1,1.0,1.0,0.7486397624015808,0.7486397624015808,-0.29794082045555115,-0.29794082045555115,0.5204547074426232,0.7571407431012785,0.6151291217060854,0.4558416116657265,0.7384297787917655,0.5688768785161421,low_punc_jaccard,low_punc_jaccard,EN:low_punc_jaccard;SP:low_punc_jaccard
0:18:03.80,official,先生の顔は　顔色を見るまでもなく…,You don't have to look at the color of his face to know.,No hacía falta mirar el color de su cara para saber cómo estaba.,0.0,0.0,0.0,0.0,1,1,6.5,6.5,0.36132320761680603,0.470685750246048,0.008033327758312225,0.2675732672214508,0.6840136803877525,0.3528919616662829,0.5515649928991646,0.7472326875377704,0.43724034052440675,0.6232357487324249,length_ratio_extreme;low_punc_jaccard,length_ratio_extreme;low_punc_jaccard,EN:length_ratio_extreme;EN:low_punc_jaccard;SP:length_ratio_extreme;SP:low_punc_jaccard
0:18:12.76,official,真っ黒,Pitch black! He is furious!,Estaba negro. Furioso.,0.0,0.0,0.0,0.0,1,1,5.0,3.0,0.5534839630126953,0.862942099571228,-0.6256944537162781,-0.07134883105754852,0.34525347574349974,0.5534533635706822,0.42853343087437273,0.5725971178740573,0.8622871624567597,0.6884731357071383,length_ratio_extreme;low_punc_jaccard,length_ratio_extreme;low_punc_jaccard,EN:length_ratio_extreme;EN:low_punc_jaccard;SP:length_ratio_extreme;SP:low_punc_jaccard
0:18:14.56,official,ど怒りだ,,,0.0,0.0,1.0,1.0,1,1,0.0,0.0,0.6733911037445068,0.6733911037445068,-0.4653211534023285,-0.4653211534023285,0.43098128131234253,0.6786024565474195,0.5300297514063733,0.36959595243284893,0.6568907462894596,0.48451386997549317,length_ratio_extreme,length_ratio_extreme,EN:length_ratio_extreme;SP:length_ratio_extreme
0:18:15.66,official,首謀者は　君ら３人だろ,"You three...you're behind this, yes?",¿Ustedes tres...son los responsables de esto?,0.0,0.0,0.0,0.0,0,0,2.5,3.0,0.7616758346557617,0.7783890962600708,-0.3822634518146515,0.10197484493255615,0.4753799092557995,0.7707467102574708,0.5935266296564681,0.6619051890988019,0.7706659932798404,0.7054095107712173,length_ratio_extreme;low_punc_jaccard;digits_mismatch,length_ratio_extreme;low_punc_jaccard;digits_mismatch,EN:length_ratio_extreme;EN:low_punc_jaccard;EN:digits_mismatch;SP:length_ratio_extreme;SP:low_punc_jaccard;SP:digits_mismatch
0:18:19.59,official,いっ　いや…,N-No!,No.,0.0,0.0,0.0,0.0,1,1,0.5,0.5,0.8044813871383667,0.8661677837371826,0.4771154224872589,-0.17339807748794556,0.9347622684259498,0.8154235830014216,0.8870267942561385,0.5200144495422494,0.8657824960712576,0.6583216681538526,low_punc_jaccard,low_punc_jaccard,EN:low_punc_jaccard;SP:low_punc_jaccard
0:18:20.82,official,渚が勝手に…,It was all Nagisa's idea!,Fue idea de Nagisa.,0.0,0.0,0.0,0.0,1,1,5.0,4.0,0.4131154716014862,0.3663826584815979,-0.031371887773275375,0.06083357706665993,0.6629495590603419,0.4069484158635503,0.5605491017816253,0.6407064275340315,0.3242180841645856,0.5141110901862531,length_ratio_extreme;low_punc_jaccard,length_ratio_extreme;low_punc_jaccard,EN:length_ratio_extreme;EN:low_punc_jaccard;SP:length_ratio_extreme;SP:low_punc_jaccard
0:18:29.08,official,いなく…,He's gone!,¿Qué?,0.0,0.0,0.0,0.0,1,1,2.0,1.0,0.37926697731018066,0.6366738677024841,-0.4119979739189148,-0.3000822067260742,0.45948527265078715,0.3716201749153336,0.42433923355660574,0.45473822474253156,0.6171041513327417,0.5196845953786156,length_ratio_extreme;low_punc_jaccard,low_punc_jaccard,EN:length_ratio_extreme;EN:low_punc_jaccard;SP:low_punc_jaccard
0:18:34.05,official,俺らんちの表札,The nameplates off our houses?!,¿Las placas de nuestras casas?,0.0,0.0,0.0,0.0,1,1,5.0,5.0,0.5220257043838501,0.5011187791824341,-0.3804914653301239,-0.6290268898010254,0.47632712748052153,0.5206198516547141,0.4940442171501986,0.28524369367375835,0.4702174032371961,0.3592331774991334,length_ratio_extreme;low_punc_jaccard,length_ratio_extreme;low_punc_jaccard,EN:length_ratio_extreme;EN:low_punc_jaccard;SP:length_ratio_extreme;SP:low_punc_jaccard
0:18:36.21,official,政府との契約ですから　先生は　決して君たちに危害は加えない,My agreement with your government says I won't harm you.,"Mi acuerdo con su gobierno me prohíbe hacerles daño a los estudiantes.""",0.0,0.0,0.0,0.0,1,1,3.3333333333333335,4.0,0.5992938280105591,0.6085543036460876,0.10140928626060486,0.4313744008541107,0.7339279491570446,0.6012658876528985,0.6808631245553861,0.8316341013988212,0.5866339464352137,0.7336340394133782,length_ratio_extreme;low_punc_jaccard,length_ratio_extreme;low_punc_jaccard,EN:length_ratio_extreme;EN:low_punc_jaccard;SP:length_ratio_extreme;SP:low_punc_jaccard
0:18:41.67,official,が　しかし…,But ,"Pero, cuidado,",0.0,0.0,0.0,0.0,1,1,0.5,1.0,0.8325592279434204,0.7902248501777649,-0.18161806464195251,0.19358450174331665,0.5826352236139474,0.8447288961633544,0.6874726926337102,0.7091086753426369,0.7834911511046759,0.7388616656474525,low_punc_jaccard,low_punc_jaccard,EN:low_punc_jaccard;SP:low_punc_jaccard
0:18:44.55,official,次　また　今のような方法で暗殺に来たら,if you try another assassination like that one…,si intentan otro asesinato como este,0.0,0.0,0.0,1.0,1,1,2.6666666666666665,2.0,0.7870688438415527,0.8749657869338989,0.037547580897808075,-0.3051029145717621,0.6997905718634481,0.7972498196482579,0.738774270977372,0.4521512167569236,0.8753159639285614,0.6214171156255788,length_ratio_extreme;low_punc_jaccard,length_ratio_extreme,EN:length_ratio_extreme;EN:low_punc_jaccard;SP:length_ratio_extreme
0:18:49.23,official,君たち以外には何をするか分かりませんよ,...I might just harm someone else.,podria dañar a alguna otra persona.,0.0,0.0,0.0,0.0,1,1,6.0,6.0,0.3562135398387909,0.2893972396850586,-0.36642900109291077,-0.558257520198822,0.4838442403514709,0.3475589157448451,0.4293301105088206,0.3217088555442271,0.24079710793081802,0.28934415649886347,length_ratio_extreme;low_punc_jaccard,length_ratio_extreme;low_punc_jaccard,EN:length_ratio_extreme;EN:low_punc_jaccard;SP:length_ratio_extreme;SP:low_punc_jaccard
0:18:53.19,official,家族や友人…　いいや,"Your family, your friends...","Familia, amigos.",0.0,0.0,0.0,0.0,1,1,2.0,1.0,0.8742405772209167,0.8552142381668091,-0.19333696365356445,0.024940334260463715,0.5763708673028801,0.8882324191753191,0.7011154880518558,0.6222118031458098,0.8539132943576638,0.7148923996305514,length_ratio_extreme;low_punc_jaccard,low_punc_jaccard,EN:length_ratio_extreme;EN:low_punc_jaccard;SP:low_punc_jaccard
0:18:56.33,official,君たち以外を地球ごと消しますかね,Or I could wipe out the whole planet apart from you.,"O podria eliminar todo el planeta, excepto a ustedes.",0.0,0.0,0.0,0.0,1,1,11.0,9.0,0.7939428091049194,0.888260543346405,-0.1446746438741684,-0.08592960238456726,0.6023833885917125,0.8044242924328943,0.6831997501281852,0.5650841191060215,0.8897220888293362,0.6949393069953473,length_ratio_extreme;low_punc_jaccard,length_ratio_extreme;low_punc_jaccard,EN:length_ratio_extreme;EN:low_punc_jaccard;SP:length_ratio_extreme;SP:low_punc_jaccard
0:19:01.61,official,5秒間で　皆　悟った,"Five seconds, and we all knew:",En cinco segundos entendimos todo.,0.0,0.0,0.0,0.0,0,0,2.0,1.6666666666666667,0.9016320109367371,0.8997421264648438,-0.14780496060848236,0.5147974491119385,0.6007100727477234,0.9168213177508806,0.7271545707489863,0.8746192936585373,0.9021634691247482,0.8856369638450217,length_ratio_extreme;low_punc_jaccard;digits_mismatch,low_punc_jaccard;digits_mismatch,EN:length_ratio_extreme;EN:low_punc_jaccard;EN:digits_mismatch;SP:low_punc_jaccard;SP:digits_mismatch
0:19:04.61,official,地球の裏でも　逃げられないと,There was no running to the ends of the Earth for us.,No teníamos manera de escapar.,0.0,0.0,0.0,0.0,1,1,6.0,2.5,0.5965138673782349,0.5404625535011292,-0.5598897337913513,0.05175293609499931,0.38042949459572,0.5983643961360208,0.4676034552118403,0.6360274676283478,0.5128501006192894,0.5867565208247245,length_ratio_extreme;low_punc_jaccard,length_ratio_extreme;low_punc_jaccard,EN:length_ratio_extreme;EN:low_punc_jaccard;SP:length_ratio_extreme;SP:low_punc_jaccard
0:19:07.99,official,どうしても逃げたければ,If we really wanted to run..,"Si queríamos salir de esto,",0.0,0.0,0.0,0.0,1,1,6.0,5.0,0.5221555829048157,0.7424869537353516,-0.45986446738243103,-0.25528332591056824,0.4338981615988256,0.520755408044407,0.4686410601770582,0.47782163568339153,0.7317626291738238,0.5793980330795645,length_ratio_extreme;low_punc_jaccard,length_ratio_extreme;low_punc_jaccard,EN:length_ratio_extreme;EN:low_punc_jaccard;SP:length_ratio_extreme;SP:low_punc_jaccard
0:19:12.34,official,この先生を殺すしか…,...all we could do... was kill him!,debiamos matar al profesor.,0.0,0.0,0.0,0.0,1,1,7.0,4.0,0.6077700257301331,0.827669620513916,0.1329130083322525,0.04313760623335838,0.7507683144495593,0.6101126373128605,0.6945060435948798,0.6315882674526487,0.8240660982196141,0.7085793997594348,length_ratio_extreme;low_punc_jaccard,length_ratio_extreme;low_punc_jaccard,EN:length_ratio_extreme;EN:low_punc_jaccard;SP:length_ratio_extreme;SP:low_punc_jaccard
0:19:16.68,official,何なんだよ　てめえ　迷惑なんだよ,"What the hell's your deal, anyway? You're just a giant pain!",¿Cuál es su problema? No es más que un fastidio.,0.0,0.0,0.0,0.0,1,1,3.6666666666666665,3.3333333333333335,0.6503415107727051,0.7393538951873779,-0.6155083775520325,-0.5571655035018921,0.35069845913667314,0.6545452099456025,0.4722371594602449,0.32227153634585975,0.7283676641693435,0.4847099874752533,length_ratio_extreme;low_punc_jaccard,length_ratio_extreme;low_punc_jaccard,EN:length_ratio_extreme;EN:low_punc_jaccard;SP:length_ratio_extreme;SP:low_punc_jaccard
0:19:20.09,official,いきなり来て　地球　爆破とか　暗殺しろとか,"Showing up all ""I'm gonna blow up Earth"" and ""Assassinate me""!",Dijo que iba a destruir la Tierra y que lo asesináramos.,0.0,0.0,0.0,0.0,1,1,2.75,2.75,0.6382161378860474,0.629254162311554,-0.5602357387542725,-0.6596797108650208,0.3802445370864021,0.6418897549868025,0.4849026242465622,0.2694492887190715,0.6090641993943862,0.40529525298919733,length_ratio_extreme;low_punc_jaccard,length_ratio_extreme;low_punc_jaccard,EN:length_ratio_extreme;EN:low_punc_jaccard;SP:length_ratio_extreme;SP:low_punc_jaccard
0:19:23.49,official,迷惑なやつに　迷惑な殺し方して　何が悪いんだよ,What's so wrong with using an annoying method to kill an annoying guy?!,¿Es malo usar medidas desesperadas en una situación desesperada?,0.0,0.0,0.0,0.0,1,1,4.333333333333333,3.0,0.6246618032455444,0.38632500171661377,0.0018377415835857391,-0.147859126329422,0.6807018198353276,0.6277428686895457,0.6595182393770149,0.5331738431221601,0.3458274975711757,0.45823530490176634,length_ratio_extreme;low_punc_jaccard,length_ratio_extreme;low_punc_jaccard,EN:length_ratio_extreme;EN:low_punc_jaccard;SP:length_ratio_extreme;SP:low_punc_jaccard
0:19:27.95,official,迷惑　とんでもない,Annoying? Hardly.,¿Qué hay de malo? Absolutamente nada.,0.0,0.0,0.0,0.0,1,1,1.0,3.0,0.6610748171806335,0.7121296525001526,0.1149117648601532,-0.08934175968170166,0.7411457208049033,0.6657477417831187,0.7109865291961894,0.5633259450701794,0.6988676245813867,0.6175426168746623,low_punc_jaccard,length_ratio_extreme;low_punc_jaccard,EN:low_punc_jaccard;SP:length_ratio_extreme;SP:low_punc_jaccard
0:19:30.18,official,君たちのアイデア自体は　すごくよかった,Your idea itself was a very good one.,"De hecho, tu idea fue realmente muy buena.",0.0,0.0,0.0,0.0,1,1,4.0,4.0,0.9422861933708191,0.9554860591888428,0.4484104514122009,0.5946780443191528,0.9194179799791541,0.9592527695083352,0.9353518957908266,0.9157791747047261,0.9625672879210746,0.9344944199912655,length_ratio_extreme;low_punc_jaccard,length_ratio_extreme;low_punc_jaccard,EN:length_ratio_extreme;EN:low_punc_jaccard;SP:length_ratio_extreme;SP:low_punc_jaccard
0:19:33.15,official,特に　渚君,"Especially you, Nagisa.",Te felicito.,0.0,0.0,0.0,0.0,1,1,1.5,1.0,0.7576610445976257,0.5352168679237366,0.11717964708805084,-0.14341391623020172,0.7423580208966619,0.7665564065674552,0.7520373751649791,0.5354643157761834,0.5071659045894152,0.5241449513014762,low_punc_jaccard,low_punc_jaccard,EN:low_punc_jaccard;SP:low_punc_jaccard
0:19:34.92,official,君の肉薄までの自然な体運びは100点です,The way you carried yourself so naturally on your approach gets full marks.,Fue excelente la forma tan natural en que te acercaste a mí.,0.0,0.0,0.0,0.0,0,0,13.0,12.0,0.5166165828704834,0.33919548988342285,-0.3212936520576477,-0.2379016876220703,0.5079714137575314,0.5149742608494685,0.5107725525943063,0.48677783039484307,0.2947582178555418,0.40996998537912255,length_ratio_extreme;low_punc_jaccard;digits_mismatch,length_ratio_extreme;low_punc_jaccard;digits_mismatch,EN:length_ratio_extreme;EN:low_punc_jaccard;EN:digits_mismatch;SP:length_ratio_extreme;SP:low_punc_jaccard;SP:digits_mismatch
0:19:38.86,official,先生は　見事に　隙を突かれました,You made it right through the chink in my defenses.,Gran trabajo al tomarme desprevenido.,0.0,0.0,0.0,0.0,1,1,3.3333333333333335,1.6666666666666667,0.21748746931552887,0.40801310539245605,-0.5682787299156189,-0.8557623624801636,0.375945143227686,0.20276819025298856,0.306674362037807,0.1684142551822699,0.3693286073862626,0.24877999606386697,length_ratio_extreme;low_punc_jaccard,low_qe_mix;low_punc_jaccard,EN:length_ratio_extreme;EN:low_punc_jaccard;SP:low_qe_mix;SP:low_punc_jaccard
0:19:41.87,official,ただし,However!,"Sin embargo,",0.0,0.0,0.0,0.0,1,1,1.0,2.0,0.7478716373443604,0.8222899436950684,0.08042699098587036,0.03075942024588585,0.7227118294776517,0.7563390381017502,0.7361627129272911,0.6252101895040513,0.8182367100177198,0.7024207977095187,low_punc_jaccard,length_ratio_extreme;low_punc_jaccard,EN:low_punc_jaccard;SP:length_ratio_extreme;SP:low_punc_jaccard
0:19:43.46,official,寺坂君たちは　渚君を,"None of you looked out for Nagisa,",a ninguno le preocupó Nagisa.,0.0,0.0,0.0,0.0,1,1,3.5,2.5,0.20265571773052216,0.06717655807733536,-0.6643637418746948,-0.7945091724395752,0.32458274557681527,0.18728804247537229,0.26966486433623804,0.19997603823145932,0.0,0.11998562293887559,length_ratio_extreme;low_punc_jaccard,low_qe_mix;length_ratio_extreme;low_punc_jaccard,EN:length_ratio_extreme;EN:low_punc_jaccard;SP:low_qe_mix;SP:length_ratio_extreme;SP:low_punc_jaccard
0:19:45.87,official,渚君は　自分を大切にしなかった,not even Nagisa himself.,Ni siquiera él se preocupó por sí mismo.,0.0,0.0,0.0,0.0,1,1,2.0,4.0,0.44953447580337524,0.5081248879432678,-0.5417863726615906,-0.11118000745773315,0.39010667539848787,0.44495954109900676,0.4120478216786954,0.5520734039694657,0.4778091841427898,0.5223677160387954,length_ratio_extreme;low_punc_jaccard,length_ratio_extreme;low_punc_jaccard,EN:length_ratio_extreme;EN:low_punc_jaccard;SP:length_ratio_extreme;SP:low_punc_jaccard
0:19:49.36,official,そんな生徒に暗殺する資格はありません,Students like that aren't fit to assassinate anyone.,Estudiantes así no son aptos para asesinar a nadie.,0.0,0.0,0.0,0.0,1,1,8.0,9.0,0.8834555745124817,0.9210009574890137,0.06170620024204254,0.07967787981033325,0.7127046006818353,0.8978502663342456,0.7867628669427994,0.65041628582084,0.9251994214563432,0.7603295400750413,length_ratio_extreme;low_punc_jaccard,length_ratio_extreme;low_punc_jaccard,EN:length_ratio_extreme;EN:low_punc_jaccard;SP:length_ratio_extreme;SP:low_punc_jaccard
0:19:53.11,official,人に笑顔で胸を張れる暗殺をしましょう,We need an assassination worth smiling about--one to be proud of!,Necesitamos un asesinato del que estén orgullosos.,0.0,0.0,0.0,0.0,1,1,11.0,7.0,0.7893524169921875,0.7554142475128174,-0.15108071267604828,-0.2940128743648529,0.5989590142124791,0.7996332232287601,0.6792286978189914,0.45786555494543785,0.7457705735850503,0.5730275624012828,length_ratio_extreme;low_punc_jaccard,length_ratio_extreme;low_punc_jaccard,EN:length_ratio_extreme;EN:low_punc_jaccard;SP:length_ratio_extreme;SP:low_punc_jaccard
0:19:56.33,official,君たち　全員　それができる力を秘めた有能なアサシンだ,You're all capable assassins who have that power within you.,Sé que son asesinos capaces con gran poder en su interior.,0.0,0.0,0.0,0.0,1,1,3.3333333333333335,3.6666666666666665,0.7369751930236816,0.399752140045166,0.30105188488960266,-0.07217791676521301,0.840647221286637,0.7449662364897551,0.8023748273678843,0.5721699168871839,0.3603770707878121,0.4874527784474352,length_ratio_extreme;low_punc_jaccard,length_ratio_extreme;low_punc_jaccard,EN:length_ratio_extreme;EN:low_punc_jaccard;SP:length_ratio_extreme;SP:low_punc_jaccard
0:20:01.70,official,ターゲットである先生からのアドバイスです,Some advice from your teacher and your target.,Es un consejo de su profesor-objetivo.,0.0,0.0,0.0,0.0,1,1,8.0,6.0,0.8776554465293884,0.8381050229072571,0.14724701642990112,-0.4948470890522003,0.7584305815277567,0.8917965755214804,0.8117769791252462,0.35438219499934903,0.8353738428374019,0.5467788541345702,length_ratio_extreme;low_punc_jaccard,length_ratio_extreme;low_punc_jaccard,EN:length_ratio_extreme;EN:low_punc_jaccard;SP:length_ratio_extreme;SP:low_punc_jaccard
0:20:06.30,official,マッハ20で怒られてうねる触手で褒められた,"Chewed out at Mach 20, then praised with waving tentacles...","Primero nos regaña a Mach 20, y luego nos elogia complacido.",0.0,0.0,0.0,0.0,1,1,10.0,11.0,0.5860568881034851,0.4894545376300812,-0.5950625538825989,-0.6962503790855408,0.36162780705678693,0.5874502715599164,0.4519567928580387,0.2506056089764311,0.4575780952677823,0.33339460349297156,length_ratio_extreme;low_punc_jaccard,length_ratio_extreme;low_punc_jaccard,EN:length_ratio_extreme;EN:low_punc_jaccard;SP:length_ratio_extreme;SP:low_punc_jaccard
0:20:11.48,official,この異常な教育が　僕は　普通に　うれしかった,This unusual education made me pretty happy.,Esta educación inusual me ha hecho sentir muy feliz.,0.0,0.0,0.0,0.0,1,1,1.75,2.25,0.9258780479431152,0.9205571413040161,0.2329665571451187,0.3266248404979706,0.8042520998571733,0.9421273130494876,0.8594021851340989,0.7776600488430646,0.9247185046801587,0.8364834311779022,low_punc_jaccard,length_ratio_extreme;low_punc_jaccard,EN:low_punc_jaccard;SP:length_ratio_extreme;SP:low_punc_jaccard
0:20:16.28,official,この異常な先生は僕らのことを　正面から見てくれたから,All because this unusual teacher was actually looking at us head-on.,"Porque este profesor, aunque peculiar, siempre nos mira de frente.",0.0,0.0,0.0,0.0,1,1,5.5,5.0,0.8769635558128357,0.7926022410392761,0.07282914221286774,-0.03719252347946167,0.7186503871984297,0.891074437581345,0.7876200073515958,0.5901967558492652,0.786067278761793,0.6685449650142763,length_ratio_extreme;low_punc_jaccard,length_ratio_extreme;low_punc_jaccard,EN:length_ratio_extreme;EN:low_punc_jaccard;SP:length_ratio_extreme;SP:low_punc_jaccard
0:20:30.79,official,あなたの…,If you...,Si pudieras...,0.0,0.0,0.0,0.0,1,1,2.0,2.0,0.7072442770004272,0.6184201836585999,-0.7575674057006836,-0.11202195286750793,0.2747605772037974,0.7139355810094457,0.4504305787260567,0.5516395767949959,0.5973245597346504,0.5699135699708576,length_ratio_extreme;low_punc_jaccard,length_ratio_extreme;low_punc_jaccard,EN:length_ratio_extreme;EN:low_punc_jaccard;SP:length_ratio_extreme;SP:low_punc_jaccard
0:20:33.32,official,あなたの時間をくれるなら,"If you would give your time,","Si pudieras regalarles tu tiempo,",0.0,0.0,0.0,0.0,1,1,6.0,5.0,0.8524467945098877,0.8274571895599365,-0.25961488485336304,0.42423680424690247,0.5409418979482525,0.8654858827958241,0.6707594918872811,0.827956329262218,0.823835909206678,0.8263081612400021,length_ratio_extreme;low_punc_jaccard,length_ratio_extreme;low_punc_jaccard,EN:length_ratio_extreme;EN:low_punc_jaccard;SP:length_ratio_extreme;SP:low_punc_jaccard
0:20:36.30,official,あの子たちを教えてあげて,go teach those children.,enséñales a esos niños.,0.0,0.0,0.0,0.0,1,1,4.0,4.0,0.7814931273460388,0.8550156354904175,-0.07653951644897461,0.06104491278529167,0.6388051305205794,0.7914303508672476,0.6998552186592467,0.6408153219785099,0.8536980895902387,0.7259684290232014,length_ratio_extreme;low_punc_jaccard,length_ratio_extreme;low_punc_jaccard,EN:length_ratio_extreme;EN:low_punc_jaccard;SP:length_ratio_extreme;SP:low_punc_jaccard
0:20:40.79,official,なんて　すてきな触手…,What splendid tentacles...,Qué espléndidos tentáculos.,0.0,0.0,0.0,0.0,1,1,1.5,1.5,0.638861894607544,0.7850382328033447,0.1657700389623642,0.23777173459529877,0.7683320930081696,0.6425637421028799,0.7180247526460537,0.7318769239170237,0.7778709610545492,0.750274538772034,low_punc_jaccard,low_punc_jaccard,EN:low_punc_jaccard;SP:low_punc_jaccard
0:20:43.69,official,この手なら　きっと　あなたはすてきな教師に…,With hands like these... I'm sure you'll be a splendid teacher.,"Con estas manos, estoy segura de que serías un gran profesor.",0.0,0.0,0.0,0.0,1,1,3.6666666666666665,3.6666666666666665,0.8788729310035706,0.8709582090377808,0.10739955306053162,-0.221164733171463,0.7371300559075094,0.8930672844778214,0.7995049473356342,0.4954018404247566,0.8709733745700415,0.6456304540828706,length_ratio_extreme;low_punc_jaccard,length_ratio_extreme;low_punc_jaccard,EN:length_ratio_extreme;EN:low_punc_jaccard;SP:length_ratio_extreme;SP:low_punc_jaccard
0:20:50.99,official,さて　問題です　渚君,"Here's a question for you, Nagisa:","Hay algo que quiero preguntarte, Nagisa.",0.0,0.0,0.0,0.0,1,1,2.0,2.0,0.5868678092956543,0.5318217873573303,0.14424701035022736,0.2779320478439331,0.7568269234537497,0.5882966436029508,0.6894148115134301,0.7525702313692719,0.5034870139674078,0.6529369444085262,length_ratio_extreme;low_punc_jaccard,length_ratio_extreme;low_punc_jaccard,EN:length_ratio_extreme;EN:low_punc_jaccard;SP:length_ratio_extreme;SP:low_punc_jaccard
0:20:53.80,official,先生は　殺される気などみじんもない,I have not the slightest intention of being killed.,No tengo la menor intención de ser asesinado.,0.0,0.0,0.0,0.0,1,1,4.5,4.0,0.5324152708053589,0.6003651022911072,-0.2406843900680542,-0.23767045140266418,0.5510612243766542,0.5314636163057416,0.5432221811482891,0.48689697892221245,0.577760172903984,0.5232422565149211,length_ratio_extreme;low_punc_jaccard,length_ratio_extreme;low_punc_jaccard,EN:length_ratio_extreme;EN:low_punc_jaccard;SP:length_ratio_extreme;SP:low_punc_jaccard
0:20:57.00,official,皆さんと　来年　3月までエンジョイしてから,"I will enjoy my time with you all until next March,","Estaré con ustedes hasta marzo,",0.0,0.0,0.0,0.0,0,0,3.6666666666666665,1.6666666666666667,0.7095363140106201,0.809320330619812,-0.0858306884765625,-0.26880350708961487,0.6338385195726943,0.7163278184620617,0.6668342391284413,0.47085512463513357,0.8041829086482485,0.6041862382403795,length_ratio_extreme;low_punc_jaccard;digits_mismatch,low_punc_jaccard;digits_mismatch,EN:length_ratio_extreme;EN:low_punc_jaccard;EN:digits_mismatch;SP:low_punc_jaccard;SP:digits_mismatch
0:20:59.52,official,地球を爆破です,and then blow Earth up.,pero después destruiré la Tierra.,0.0,0.0,0.0,0.0,1,1,5.0,5.0,0.7932722568511963,0.7255299687385559,-0.3219712972640991,-0.1538834571838379,0.507609177422745,0.8037244258041448,0.6260552767753049,0.5300697007367983,0.713388133528713,0.6033970738535641,length_ratio_extreme;low_punc_jaccard,length_ratio_extreme;low_punc_jaccard,EN:length_ratio_extreme;EN:low_punc_jaccard;SP:length_ratio_extreme;SP:low_punc_jaccard
0:21:02.11,official,それが嫌なら君たちは　どうしますか,"If you don't like it, what are you going to do about it?",¿Qué harás si quieres evitar que eso ocurra?,0.0,0.0,0.0,0.0,1,1,6.5,4.0,0.7564961314201355,0.7133863568305969,0.23110553622245789,0.5819161534309387,0.8032572881303766,0.7653405671548081,0.7880905997401492,0.9092033860601781,0.7002293824794626,0.8256137846278919,length_ratio_extreme;low_punc_jaccard,length_ratio_extreme;low_punc_jaccard,EN:length_ratio_extreme;EN:low_punc_jaccard;SP:length_ratio_extreme;SP:low_punc_jaccard
0:21:06.62,official,暗殺なんて　したことないし,"We've never assassinated anyone before,",Nunca hemos asesinado a nadie.,0.0,0.0,0.0,0.0,1,1,2.5,2.5,0.7785993814468384,0.7102096080780029,0.03267485275864601,0.18248501420021057,0.6971858472011373,0.788410099759767,0.7336755482245891,0.7033894692480553,0.6967870750096394,0.700748511552689,length_ratio_extreme;low_punc_jaccard,length_ratio_extreme;low_punc_jaccard,EN:length_ratio_extreme;EN:low_punc_jaccard;SP:length_ratio_extreme;SP:low_punc_jaccard
0:21:09.27,official,僕らには　他に　すべきことがたくさんある,and there's plenty of other stuff we should be doing.,Y todavía nos quedan muchas otras cosas por hacer.,0.0,0.0,0.0,0.0,1,1,3.3333333333333335,3.0,0.9232350587844849,0.8674762845039368,0.5022690892219543,0.7581287026405334,0.9482082014269798,0.9393687809559759,0.9446724332385782,1.0,0.8672003803027346,0.9468801521210939,length_ratio_extreme;low_punc_jaccard,length_ratio_extreme;low_punc_jaccard,EN:length_ratio_extreme;EN:low_punc_jaccard;SP:length_ratio_extreme;SP:low_punc_jaccard
0:21:14.16,official,けど　思った,But you know...,"Pero creo que,",0.0,0.0,0.0,0.0,1,1,1.5,1.5,0.5630546808242798,0.7690845727920532,-0.24505922198295593,-0.3116241693496704,0.5487226509416567,0.5634424821998644,0.5546105834449397,0.4487910255836566,0.7605836628434316,0.5735080804875665,low_punc_jaccard,low_punc_jaccard,EN:low_punc_jaccard;SP:low_punc_jaccard
0:21:16.69,official,この先生なら　殺意さえも受け止めてくれるって,I think this teacher might even accept my bloodlust.,este profesor incluso podría aceptar mi sed de sangre.,0.0,0.0,0.0,0.0,1,1,4.5,4.5,0.6287049651145935,0.6097038388252258,-0.2916093170642853,-0.27387890219688416,0.523839222761709,0.6319627845142533,0.5670886474627267,0.46823993807654934,0.5878795764305794,0.5160957934181614,length_ratio_extreme;low_punc_jaccard,length_ratio_extreme;low_punc_jaccard,EN:length_ratio_extreme;EN:low_punc_jaccard;SP:length_ratio_extreme;SP:low_punc_jaccard
0:21:21.23,official,地球を爆破されるその前に　先生を殺します,Before you destroy Earth... I'll kill you.,"Antes de que destruya la Tierra, yo lo mataré.",0.0,0.0,0.0,0.0,1,1,3.5,4.5,0.6996856927871704,0.7294196486473083,-0.26112130284309387,-0.26027530431747437,0.5401366397894677,0.7060465599494479,0.6065006078534598,0.4752494310462027,0.7176029692767987,0.5721908463384411,length_ratio_extreme;low_punc_jaccard,length_ratio_extreme;low_punc_jaccard,EN:length_ratio_extreme;EN:low_punc_jaccard;SP:length_ratio_extreme;SP:low_punc_jaccard
0:21:27.44,official,ならば　今　やってみなさい,Then do it now!,¿Y qué estás esperando?,0.0,0.0,0.0,0.0,1,1,1.3333333333333333,1.3333333333333333,0.7597380876541138,0.4510622024536133,0.33388790488243103,-0.19276337325572968,0.8581997685753018,0.7687242512263024,0.8224095616357021,0.5100361404402878,0.41597637210538346,0.4724122331063261,low_punc_jaccard,low_punc_jaccard,EN:low_punc_jaccard;SP:low_punc_jaccard
0:21:29.37,official,殺せた者から　今日は帰ってよし,"Once you've killed me, you're free to go home!",Podrán irse si me matan.,0.0,0.0,0.0,0.0,1,1,4.5,2.5,0.7414085865020752,0.5617267489433289,-0.34187087416648865,-1.080896258354187,0.49697182659033906,0.7495934435872115,0.598020473389088,0.05241005729663647,0.5358918658047463,0.24580278069988043,length_ratio_extreme;low_punc_jaccard,low_qe_mix;length_ratio_extreme;low_punc_jaccard,EN:length_ratio_extreme;EN:low_punc_jaccard;SP:low_qe_mix;SP:length_ratio_extreme;SP:low_punc_jaccard
0:21:32.65,official,んな簡単に…,"Just like that, huh?",Como si fuera fácil. ,0.0,0.0,0.0,0.0,1,1,4.0,4.0,0.5292844176292419,0.8363672494888306,0.15566667914390564,0.3254367411136627,0.7629313257706475,0.5281958923583351,0.6690371524057225,0.7770478597475489,0.833490801122433,0.7996250362975026,length_ratio_extreme;low_punc_jaccard,length_ratio_extreme;low_punc_jaccard,EN:length_ratio_extreme;EN:low_punc_jaccard;SP:length_ratio_extreme;SP:low_punc_jaccard
0:21:33.82,official,殺せるわけねえだろ,You know we can't kill you!,Sabe que no podemos.,0.0,0.0,0.0,0.0,1,1,6.0,4.0,0.7669219374656677,0.3824649453163147,-0.8798330426216125,-0.8425344824790955,0.2094032843801838,0.7762221557089715,0.4361308329116989,0.17523015290968258,0.34164476169386143,0.24179599642335411,length_ratio_extreme;low_punc_jaccard;model_discrepancy,low_qe_mix;length_ratio_extreme;low_punc_jaccard,EN:length_ratio_extreme;EN:low_punc_jaccard;EN:model_discrepancy;SP:low_qe_mix;SP:length_ratio_extreme;SP:low_punc_jaccard
0:21:35.93,official,僕らは　殺し屋,We are killers. And our target,Somos asesinos y nuestro objetivo:,0.0,0.0,0.0,0.0,1,1,3.0,2.5,0.8848656415939331,0.8345885276794434,-0.16650086641311646,0.0664893388748169,0.5907161462361689,0.8993219769863634,0.7141584785362467,0.6436206582385655,0.8315633879563175,0.7187977501256664,length_ratio_extreme;low_punc_jaccard,length_ratio_extreme;low_punc_jaccard,EN:length_ratio_extreme;EN:low_punc_jaccard;SP:length_ratio_extreme;SP:low_punc_jaccard
0:21:37.89,official,ターゲットは　先生,is our teacher.,el profesor.,0.0,0.0,0.0,0.0,1,1,1.5,1.0,0.7154549360275269,0.8111760020256042,-0.4951711595058441,-0.485006183385849,0.41502491254982743,0.7225051834844228,0.5380170209236657,0.3594528946550422,0.8061937039736515,0.538149218382486,low_punc_jaccard,low_punc_jaccard,EN:low_punc_jaccard;SP:low_punc_jaccard
0:21:40.87,official,ふきふき　ふきふき,"Wipe, wipe, wipe it clean! Even if we shot him now...","-Limpiar, limpiar, limpiar. -Si le disparamos ahora,",0.0,0.0,0.0,0.0,1,1,5.5,3.5,0.3243415355682373,0.7160919308662415,-0.8943149447441101,-1.1826105117797852,0.2016619603131845,0.3142935705663468,0.24671460441444942,0.0,0.7031611276184051,0.28126445104736203,low_qe_mix;length_ratio_extreme;low_punc_jaccard,length_ratio_extreme;low_punc_jaccard;model_discrepancy,EN:low_qe_mix;EN:length_ratio_extreme;EN:low_punc_jaccard;SP:length_ratio_extreme;SP:low_punc_jaccard;SP:model_discrepancy
0:21:42.55,official,今　撃っても…,we'd just be polished up like those nameplates.,acabaríamos pulidos como esas placas.,0.0,0.0,0.0,0.0,1,1,4.0,2.5,0.30872923135757446,0.3891770541667938,-1.1113361120224,-0.9933769106864929,0.08565294636675108,0.2979987469276827,0.17059126659112372,0.09750593984355317,0.34891796591418384,0.19807075027180543,low_qe_mix;length_ratio_extreme;low_punc_jaccard,low_qe_mix;length_ratio_extreme;low_punc_jaccard,EN:low_qe_mix;EN:length_ratio_extreme;EN:low_punc_jaccard;SP:low_qe_mix;SP:length_ratio_extreme;SP:low_punc_jaccard
0:21:43.66,official,表札と一緒に手入れされる…,,,0.0,0.0,0.0,0.0,1,1,0.0,0.0,0.5747498869895935,0.5747498869895935,-0.35900238156318665,-0.35900238156318665,0.4878141517633556,0.5756489649400257,0.5229480770340236,0.4243785687932332,0.5500036665383076,0.474628607891263,length_ratio_extreme;low_punc_jaccard,length_ratio_extreme;low_punc_jaccard,EN:length_ratio_extreme;EN:low_punc_jaccard;SP:length_ratio_extreme;SP:low_punc_jaccard
0:21:46.04,official,帰れねえ…,We're never going home!,No saldremos nunca.,0.0,0.0,0.0,0.0,1,1,4.0,3.0,0.3471509516239166,0.2878834009170532,-0.303987979888916,-0.912559449672699,0.5172221886434687,0.33810014049433756,0.4455733693838162,0.13914855746744315,0.23915672057095594,0.17915182270884827,length_ratio_extreme;low_punc_jaccard,low_qe_mix;length_ratio_extreme;low_punc_jaccard,EN:length_ratio_extreme;EN:low_punc_jaccard;SP:low_qe_mix;SP:length_ratio_extreme;SP:low_punc_jaccard
0:21:48.14,official,殺せない先生か…,An unkillable teacher...,"Invencible en japonés es ""koro"".",0.0,0.0,0.0,0.0,1,1,3.0,5.0,0.6378493309020996,0.19261977076530457,-0.40106603503227234,-0.7310853600502014,0.4653289581615918,0.6415069123882847,0.5358001398522689,0.23265627260716235,0.1359295750794946,0.19396559359609525,length_ratio_extreme;low_punc_jaccard,low_qe_mix;length_ratio_extreme;low_punc_jaccard,EN:length_ratio_extreme;EN:low_punc_jaccard;SP:low_qe_mix;SP:length_ratio_extreme;SP:low_punc_jaccard
0:21:50.84,official,殺せない…　ころ…,"""Korosenai""... ""koro""","Y profesor, ""sensei"".",0.0,0.0,0.0,0.0,1,1,1.0,1.5,0.504402756690979,0.2532353699207306,-0.8493074774742126,-0.840766966342926,0.22572077431593043,0.5022264857060407,0.33632305887197456,0.17614089667321156,0.201612304816982,0.18632945993071975,low_punc_jaccard,low_qe_mix;low_punc_jaccard,EN:low_punc_jaccard;SP:low_qe_mix;SP:low_punc_jaccard
0:21:54.23,official,殺せんせーは,"Oh! How about ""Koro Sensei""?",Koro-sensei. Si.,0.0,0.0,0.0,0.0,1,1,5.0,2.0,0.4349212646484375,0.3365441560745239,-0.545160174369812,-0.7308217883110046,0.3883032042701639,0.42970748763199584,0.4048649176148967,0.2327920825795885,0.29188524712787095,0.25642934839890147,length_ratio_extreme;low_punc_jaccard,length_ratio_extreme;low_punc_jaccard,EN:length_ratio_extreme;EN:low_punc_jaccard;SP:length_ratio_extreme;SP:low_punc_jaccard
0:21:56.35,official,殺せんせー,Koro Sensei?,¿Koro-sensei?,0.0,0.0,0.0,0.0,1,1,2.0,1.0,0.19083407521247864,0.303973525762558,-0.5641175508499146,-0.6387225985527039,0.3781695081885835,0.17494959599421225,0.296881543310835,0.28024780928102994,0.25659189132559684,0.2707854420988567,length_ratio_extreme;low_punc_jaccard,low_punc_jaccard,EN:length_ratio_extreme;EN:low_punc_jaccard;SP:low_punc_jaccard
0:21:59.85,official,殺せんせーと　僕らの暗殺教室,"It's us and Koro Sensei, in our assassination classroom.","Koro-sensei y nosotros, en nuestra clase de asesinato.",0.0,0.0,0.0,0.0,1,1,4.5,4.0,0.7486835718154907,0.7062708735466003,-0.5234441757202148,-0.6518409848213196,0.39991152626841103,0.7571864677210235,0.5428215028494561,0.273488330124252,0.6925190839423488,0.4411006316514907,length_ratio_extreme;low_punc_jaccard,length_ratio_extreme;low_punc_jaccard,EN:length_ratio_extreme;EN:low_punc_jaccard;SP:length_ratio_extreme;SP:low_punc_jaccard
0:22:04.97,official,始業のベルは　明日も鳴る,"Another day, another class bell rings.",Suena la campana y empieza la clase.,0.0,0.0,0.0,0.0,1,1,3.0,3.5,0.6257825493812561,0.6113480925559998,-0.45663776993751526,0.06369341909885406,0.4356229979066506,0.6289126102202457,0.5129388428320887,0.6421800114194627,0.5896612807265538,0.6211725191422991,length_ratio_extreme;low_punc_jaccard,length_ratio_extreme;low_punc_jaccard,EN:length_ratio_extreme;EN:low_punc_jaccard;SP:length_ratio_extreme;SP:low_punc_jaccard
