time_stamp,time_stamp.1,sbert_jap_en__ai,sbert_jap_en__fansub,sbert_jap_en__official,sbert_jap_sp__ai,sbert_jap_sp__fansub,sbert_jap_sp__official,comet_jap_en__ai,comet_jap_en__fansub,comet_jap_en__official,comet_jap_sp__ai,comet_jap_sp__fansub,comet_jap_sp__official,comet_jap_en_norm__ai,comet_jap_en_norm__fansub,comet_jap_en_norm__official,sbert_jap_en_norm__ai,sbert_jap_en_norm__fansub,sbert_jap_en_norm__official,qe_mix_en__ai,qe_mix_en__fansub,qe_mix_en__official,comet_jap_sp_norm__ai,comet_jap_sp_norm__fansub,comet_jap_sp_norm__official,sbert_jap_sp_norm__ai,sbert_jap_sp_norm__fansub,sbert_jap_sp_norm__official,qe_mix_sp__ai,qe_mix_sp__fansub,qe_mix_sp__official
0,0:00:48.77,0.891360342502594,0.7738968133926392,0.7421566247940063,0.9077980518341064,0.8782625198364258,0.7755375504493713,0.066439040005207,-0.0788399875164032,-0.0696613192558288,-0.1396825611591339,0.1886913478374481,-0.0319296717643737,0.6638893866309064,0.6039828185638375,0.6424818818905633,0.8812356010800004,0.7621139285630061,0.7503741836930609,0.7508278724105439,0.667235262563505,0.6856388026115623,0.537797344654601,0.773894985191847,0.5929085327206671,0.8872609013260537,0.8755913609820519,0.7675760739285858,0.6775827673231821,0.814573535507929,0.6627755492038345
1,0:00:50.51,0.9257076382637024,0.9257076382637024,0.5539675951004028,0.5300703048706055,0.5917077660560608,0.4866989254951477,0.0626330450177192,0.0626330450177192,-0.0233064256608486,-0.0862684845924377,0.0994733124971389,0.0686575323343277,0.6618614152092521,0.686140040653488,0.6672609648020921,0.9265773941986862,0.9362145919255628,0.5539581384885198,0.7677478068050259,0.786169861162318,0.6219398342766632,0.5635985206480638,0.7336003164607394,0.6447378580371785,0.3264353686056482,0.5475097756822581,0.4545921291197602,0.4687332598310976,0.6591641001493469,0.5686795664702112
2,0:00:52.75,0.2238071262836456,0.2207968831062317,0.499401718378067,0.6099978685379028,0.6189687848091125,0.5307581424713135,-0.5759018063545227,-0.7441354393959045,-0.7604426741600037,-0.2583679258823395,-0.8497679233551025,-0.8647322058677673,0.3216270127546489,0.2176277287193106,0.273223597825333,0.0,0.1278043208625456,0.4970068181784602,0.1929762076527893,0.1816983655766046,0.3627368859665839,0.4804674762022642,0.3048825017422623,0.163792385679683,0.4451066042591083,0.5787213962587704,0.5023344542210995,0.4663231274250019,0.4144180595488655,0.2992092130962496
3,0:00:54.90,0.5819593667984009,0.7081558704376221,0.8060204982757568,0.8845288753509521,0.5741326808929443,0.7792813181877136,-0.9239699244499208,-0.5448401570320129,-0.2533109486103058,0.1433040350675583,-1.093388915061951,-0.9665901064872742,0.1361637636944206,0.3333638975233591,0.5443116772039344,0.4727960217701225,0.6867204789307453,0.8170299790980943,0.2708166669247014,0.4747065300863136,0.6533989979615984,0.6744914043921852,0.1948528746682379,0.1113083116409508,0.8527123451184762,0.5273877510917548,0.7716328000516246,0.7457797806827016,0.3278668252376447,0.3754381070052204
4,0:01:00.08,0.7549595832824707,0.6835132837295532,0.6835132837295532,0.8109492063522339,0.8109492063522339,0.9015069007873536,0.1404776871204376,0.0601983666419982,0.0601984784007072,0.2020467072725296,0.202046126127243,0.2087952345609665,0.70333984858402,0.6847261569722802,0.7118986455470787,0.701173244823313,0.6584597096707933,0.6891671454920851,0.7024732070797373,0.6742195780516854,0.7028060455250813,0.7028665092579268,0.7799265724725136,0.7169462728439545,0.7434660496177523,0.7985231626418403,0.9040757688708224,0.719106325401857,0.7873652085402443,0.7917980712547017
5,0:01:04.97,0.5262379050254822,0.5555451512336731,0.5555451512336731,0.877743124961853,0.8780125379562378,0.7690892219543457,-0.3859201371669769,-0.4966438114643097,-0.4966438114643097,-0.3938426077365875,-0.3832587301731109,-0.2855707705020904,0.422856099239814,0.3613528208947464,0.4142377040773524,0.3992382369141973,0.5117024756216225,0.5556046602719075,0.4134089543095673,0.4214926827854969,0.4707844865551744,0.4150276832889628,0.5155779438418672,0.4622154973797612,0.8426373053379277,0.8753051523239637,0.760588700650112,0.5860715321085488,0.6594688272347058,0.5815647786879016
6,0:01:09.72,0.981326699256897,0.981326699256897,0.981326699256897,0.4819415807723999,0.4819415807723999,0.9058948755264282,0.2976534068584442,0.2976536452770233,0.2976534068584442,0.2692902684211731,0.2692902088165283,0.3769938349723816,0.7870887418049759,0.8226228692553947,0.8388305593902067,1.0,1.0,1.0,0.8722532450829855,0.8935737215532369,0.903298335634124,0.7353478899564575,0.8102968672874203,0.8036135587737926,0.2549769768181428,0.421836536606362,0.9088305541554248,0.5431995247011316,0.654912735014997,0.8457003569264454
7,0:01:11.61,0.5265846252441406,0.4731929302215576,0.4946235418319702,0.6507265567779541,0.5178148746490479,0.7143882513046265,-0.5488446950912476,-0.5376902222633362,-0.5574002265930176,-0.5302965044975281,-0.6675212979316711,-0.7608789801597595,0.3360440176573954,0.3375160583146746,0.3817602646718062,0.3996959415478843,0.4172587736012531,0.4920197552130926,0.361504787213591,0.369413144429306,0.4258640608883207,0.349114889665606,0.3871928481961877,0.2173045860496991,0.5055779052499705,0.4629085026781477,0.7013150298190926,0.4117000958993518,0.4174791099889717,0.4109087635574565
8,0:01:15.23,0.7433658838272095,0.3851848542690277,0.4886087775230407,0.5099204182624817,0.6566787362098694,0.4114025831222534,-0.4496603012084961,-0.4739017784595489,-0.5482217073440552,-0.1792441606521606,-0.3863078951835632,-0.3613275587558746,0.3888930405619374,0.3745597354768003,0.3866666568957273,0.6858684264807899,0.3163287877612359,0.4857420448687606,0.5076831949294784,0.3512673563905746,0.4262968120849406,0.5186874796768192,0.5142008109165118,0.4231804803661992,0.2965181306423256,0.6218961838828527,0.3730014268053475,0.4298197400630217,0.5572789601030482,0.4031088589418585
9,0:01:16.68,0.9201773405075072,0.5556485652923584,0.6556112170219421,0.9837301969528198,0.7900916337966919,0.6868909597396851,0.517665684223175,-0.3070429861545563,-0.4169121980667114,0.5430669784545898,-0.3760992288589477,-0.2599502801895141,0.9043192196105287,0.47145915589253,0.4568583662303337,0.9192768597260406,0.5118210735953403,0.6600452907024351,0.9103022756567336,0.4876039229736542,0.5381331360191743,0.8675931992929045,0.5188114798935605,0.475416905442322,1.0,0.7746429604143366,0.6715191159695589,0.9205559195757428,0.621144072101871,0.5538577896532169
10,0:01:18.03,0.828147828578949,0.7630771994590759,0.7740845084190369,0.8503116965293884,0.8326613306999207,0.7177878022193909,0.4312813580036163,0.0644751638174057,-0.0951994955539703,-0.2311501950025558,0.1938366889953613,0.0504451170563697,0.8582905344892819,0.6872098089381599,0.628830408684088,0.7977888939862985,0.749705709552537,0.7836978510906216,0.8340898782880886,0.7122081691839107,0.6907773856467014,0.4936147495375081,0.7762188406396364,0.6353535908761743,0.8019089087941461,0.823381756269204,0.7049987644859851,0.6169324132401633,0.7950840068914635,0.6632116603200986
11,0:01:21.41,0.9201773405075072,0.4531035423278808,0.6556112170219421,0.9837301969528198,0.7900916337966919,0.6868909597396851,0.517665684223175,-0.4882238805294037,-0.4169121980667114,0.5430669784545898,-0.3760992288589477,-0.2599502801895141,0.9043192196105287,0.3662425028603305,0.4568583662303337,0.9192768597260406,0.3942197329939221,0.6600452907024351,0.9103022756567336,0.3774333949137671,0.5381331360191743,0.8675931992929045,0.5188114798935605,0.475416905442322,1.0,0.7746429604143366,0.6715191159695589,0.9205559195757428,0.621144072101871,0.5538577896532169
12,0:01:22.34,0.7239060401916504,0.6251729726791382,0.6202290058135986,0.7222786545753479,0.5866426229476929,0.6365818381309509,-0.1334733963012695,-0.3386055529117584,-0.3544651567935943,0.020987756550312,-0.385967344045639,-0.2854928076267242,0.5573688291956997,0.4531299184375724,0.4902395325599613,0.6601795276987037,0.5915535001611497,0.6231162836957592,0.5984931085969013,0.5084993511270034,0.5433902330142805,0.615407656591206,0.5143546183304087,0.4622556691219443,0.6118137952185287,0.5417106041143791,0.6170044285953754,0.613970112042135,0.5252970126439969,0.5241551729113167
13,0:01:23.61,0.9201773405075072,0.4531035423278808,0.6556112170219421,0.9837301969528198,0.7900916337966919,0.6868909597396851,0.517665684223175,-0.4882238805294037,-0.4169121980667114,0.5430669784545898,-0.3760992288589477,-0.2599502801895141,0.9043192196105287,0.3662425028603305,0.4568583662303337,0.9192768597260406,0.3942197329939221,0.6600452907024351,0.9103022756567336,0.3774333949137671,0.5381331360191743,0.8675931992929045,0.5188114798935605,0.475416905442322,1.0,0.7746429604143366,0.6715191159695589,0.9205559195757428,0.621144072101871,0.5538577896532169
14,0:01:24.27,0.546360969543457,0.4629350900650024,0.5393139123916626,0.5688773393630981,0.6745046377182007,0.5952267646789551,-0.1733646392822265,-0.5404406189918518,-0.2604904770851135,0.0976330190896987,-0.1932276934385299,-0.3950052559375763,0.5361133359526455,0.3359188284340978,0.5404738487127866,0.4258026521925936,0.4054948115949855,0.5386638441823158,0.4919890624486248,0.3637492216984529,0.5397498469005982,0.6524304422491138,0.6014040623462868,0.4058274548120879,0.384053523394405,0.6423053725251529,0.5721922985386154,0.5450796747072304,0.6177645864178333,0.4723733923026989
15,0:01:25.51,0.9201773405075072,0.4531035423278808,0.6556112170219421,0.9837301969528198,0.7900916337966919,0.6868909597396851,0.517665684223175,-0.4882238805294037,-0.4169121980667114,0.5430669784545898,-0.3760992288589477,-0.2599502801895141,0.9043192196105287,0.3662425028603305,0.4568583662303337,0.9192768597260406,0.3942197329939221,0.6600452907024351,0.9103022756567336,0.3774333949137671,0.5381331360191743,0.8675931992929045,0.5188114798935605,0.475416905442322,1.0,0.7746429604143366,0.6715191159695589,0.9205559195757428,0.621144072101871,0.5538577896532169
16,0:01:26.32,0.7144825458526611,0.5574040412902832,0.6136754751205444,0.6406022310256958,0.6223973035812378,0.6618627905845642,-0.3116439282894134,-0.4470633268356323,-0.5127753615379333,0.0637153983116149,-0.4550291895866394,-0.4854004681110382,0.4624331426693807,0.390145551311183,0.4056145580453856,0.6477395925799289,0.5138342998327666,0.6162762538441147,0.5365557226336,0.4396210507198164,0.4898792363648772,0.6360468490237935,0.4831633443080785,0.3592497325185431,0.4905459664287172,0.5826467677947494,0.6443987295781829,0.577846495985763,0.5229567137027469,0.473309331342399
17,0:01:27.36,0.9201773405075072,0.4531035423278808,0.6556112170219421,0.9837301969528198,0.7900916337966919,0.7537773251533508,0.517665684223175,-0.4882238805294037,-0.4169121980667114,0.5430669784545898,-0.3760998845100403,0.0850057303905487,0.9043192196105287,0.3662425028603305,0.4568583662303337,0.9192768597260406,0.3942197329939221,0.6600452907024351,0.9103022756567336,0.3774333949137671,0.5381331360191743,0.8675931992929045,0.5188111837735723,0.6531615545002317,1.0,0.7746429604143366,0.7439968135226873,0.9205559195757428,0.6211438944298779,0.689495658109214
18,0:01:27.95,0.6263061165809631,0.3703028857707977,0.4788898229598999,0.4530165195465088,0.6716352105140686,0.4852475523948669,-0.642427921295166,-0.5141817927360535,-0.4913346469402313,-0.0292276255786418,-0.5777100920677185,-0.38950315117836,0.2861794989410904,0.351168040116832,0.4170757265110256,0.531338073176797,0.2992617532471749,0.4755982090568496,0.3842429286353731,0.3304055253689692,0.4404847195293552,0.5911515803812141,0.427755418026665,0.4086625110207397,0.2120309316801132,0.6390201147738347,0.4530194292137581,0.4395033209007737,0.5122612967255329,0.426405278297947
19,0:01:28.89,0.9201773405075072,0.4531035423278808,0.6556112170219421,0.9837301969528198,0.7900916337966919,0.6868909597396851,0.517665684223175,-0.4882238805294037,-0.4169121980667114,0.5430669784545898,-0.3760998845100403,-0.2599499523639679,0.9043192196105287,0.3662425028603305,0.4568583662303337,0.9192768597260406,0.3942197329939221,0.6600452907024351,0.9103022756567336,0.3774333949137671,0.5381331360191743,0.8675931992929045,0.5188111837735723,0.4754170743601982,1.0,0.7746429604143366,0.6715191159695589,0.9205559195757428,0.6211438944298779,0.5538578910039424
20,0:01:29.51,0.7208825349807739,0.6534176468849182,0.7223232984542847,0.697314441204071,0.7648825645446777,0.6962364912033081,-0.1147215068340301,-0.210926666855812,0.0409284122288227,0.2498559355735778,-0.0342040248215198,-0.0059126876294612,0.567360512334169,0.5272765060236376,0.70159780068794,0.656188204809172,0.6239452384964238,0.7296738084945612,0.6028915893241702,0.565943999012752,0.7128282038105884,0.7259603151007877,0.6732259313538951,0.6063142411958697,0.574748558747444,0.745780652966901,0.6816458824443796,0.6654756125594503,0.7022478199990975,0.6364468976952737
21,0:01:30.45,0.9201773405075072,0.4531035423278808,0.6556112170219421,0.9837301969528198,0.7900916337966919,0.6868909597396851,0.517665684223175,-0.4882238805294037,-0.4169121980667114,0.5430669784545898,-0.3760998845100403,-0.2599499523639679,0.9043192196105287,0.3662425028603305,0.4568583662303337,0.9192768597260406,0.3942197329939221,0.6600452907024351,0.9103022756567336,0.3774333949137671,0.5381331360191743,0.8675931992929045,0.5188111837735723,0.4754170743601982,1.0,0.7746429604143366,0.6715191159695589,0.9205559195757428,0.6211438944298779,0.5538578910039424
22,0:01:33.27,0.4969078302383423,0.5753031969070435,0.5753031969070435,0.8499559164047241,0.682713508605957,0.6845827102661133,-0.0982299745082855,-0.2240706384181976,-0.2240706384181976,0.1394965201616287,-0.406526654958725,-0.5679623484611511,0.5761477956505803,0.5196434457050183,0.5599421320365937,0.3605196666837017,0.5343615242197911,0.5762264637768862,0.4898965440638289,0.5255306771109274,0.5664558647327107,0.6726522195087219,0.5050691569388559,0.3167082721633076,0.8013806696601398,0.6517038534047989,0.6690179095399968,0.7241435995692891,0.5637230355252332,0.4576321271139832
23,0:01:36.03,0.9278618693351746,0.5194498896598816,0.5378115773200989,0.8909522294998169,0.6081029176712036,0.4695040285587311,0.456074059009552,0.1673369407653808,0.3241647779941559,0.6104047894477844,0.29775270819664,0.2221202999353408,0.8715009799236418,0.7469444290412003,0.8530022554620375,0.9294211901193868,0.4703074763547426,0.5370958318820821,0.8946690640019398,0.6362896479666172,0.7266396860300552,0.9001201065077193,0.8231517455573387,0.723812247043561,0.8622493225879576,0.5662808735690142,0.4359598334058688,0.8849717929398146,0.7204033967620089,0.6086712815884842
24,0:01:39.40,0.9793047904968262,0.7664476037025452,0.8070347309112549,0.9787968993186952,0.7455983757972717,0.7455983757972717,0.3800308108329773,-0.1745353490114212,-0.3598150312900543,0.3663655519485473,0.0540843643248081,0.0540842227637767,0.830982394213774,0.5484099300318885,0.4873797485450885,0.9973308824851418,0.7535709781530229,0.8180885507029655,0.8975217895223211,0.6304743492803423,0.6196632694082393,0.7822392084233715,0.7131007322266629,0.6372287040703465,0.9926753612993284,0.7237018455766782,0.7351341490010607,0.8664136695737543,0.717341177566669,0.6763908820426321
25,0:01:40.86,0.5706267952919006,0.5760270357131958,0.6564722061157227,0.7234900593757629,0.7390530705451965,0.6610457897186279,-0.356510728597641,-0.6059494018554688,-0.5082936882972717,-0.4820627570152282,-0.6238664388656616,-1.1023179292678833,0.4385264930008244,0.2978761037808976,0.4080102436828726,0.4578359178852551,0.5351916416796344,0.6609439194537494,0.4462502629545967,0.3928023189403923,0.5091837139912234,0.3724137555752527,0.4069092438538412,0.0413721647480001,0.6136124100886152,0.7162080102972334,0.6435134319349972,0.4688932173805977,0.5306287504311981,0.2822286716227989
26,0:01:43.50,0.9350437521934508,0.901497483253479,0.8928344249725342,0.9264596700668336,0.9181817770004272,0.9389658570289612,-0.7610642313957214,-0.3942141830921173,-0.008773922920227,-0.4073084592819214,-0.0210547409951686,-0.3165107667446136,0.2229657933935593,0.4208364806141692,0.6750293375108772,0.938901978622432,0.9084497467574392,0.9076391297920549,0.5093402674851083,0.6158817870714772,0.7680732544233484,0.4085231281612677,0.6791647085732444,0.4462731203655653,0.9149684554332856,0.9212956216916612,0.9446660877548624,0.6111012590700748,0.7760170738206111,0.6456303073212841
27,0:01:45.02,0.8486101627349854,0.8248211145401001,0.8248211145401001,0.9608265161514282,0.7281240820884705,0.9608265161514282,-0.3661285936832428,-0.4864344298839569,-0.4864342510700226,-0.4512545764446258,-0.123530089855194,-0.4512546956539154,0.4334017475413458,0.3672816853212068,0.419695241003458,0.8248011784025573,0.8205152620553815,0.8366524974779529,0.5899615198858305,0.5485751160148767,0.586478143593256,0.3872953624480767,0.6328824718072236,0.3768439420874582,0.9659941079522024,0.703695218897674,0.968354177702511,0.6187748606497271,0.6612075706434037,0.6134480363334793
28,0:01:46.54,0.949143886566162,0.9134404063224792,0.9256031513214112,0.9035634994506836,0.5792778730392456,0.771085798740387,-0.0723214447498321,0.2201452553272247,0.1011130213737487,-0.0510131306946277,-0.0048367716372013,-0.1461193263530731,0.5899527948951805,0.7776116477324452,0.7337695802853711,0.9575155364442692,0.922146206351588,0.941840398836884,0.736977891514816,0.8354254711801024,0.8169979077059762,0.5806282934925571,0.6864894350175992,0.5340703056470689,0.8809737140189082,0.5332785722132373,0.7627521802702908,0.7007664617030975,0.6252050898958544,0.6255430554963577
29,0:01:49.07,0.4106073975563049,0.4576825499534607,0.4576825499534607,0.5982637405395508,0.5073880553245544,0.614422082901001,-0.4877898395061493,-0.5345637202262878,-0.5345637202262878,-0.3680941164493561,-0.2965960502624511,-0.2808133959770202,0.3685762471235019,0.3393317027355261,0.3939675558720631,0.246594646445202,0.399471059872837,0.453463822688634,0.319783606852182,0.3633874455904505,0.4177660625986915,0.4274652540188145,0.5547185051087697,0.4646668182423075,0.4276845360139574,0.4509706535638514,0.5929922397512867,0.4275529668168717,0.5132193644908024,0.5159969868458991
30,0:01:50.07,0.7093304991722107,0.7737926244735718,0.7737926244735718,0.8609867095947266,0.8849707841873169,0.7345952391624451,0.2417674362659454,0.1570832580327987,0.1570832580327987,0.3876418769359588,0.2641984522342682,0.1037430316209793,0.7573106807182997,0.7409898377356497,0.763688560293615,0.6409383865592992,0.7619944419589377,0.7833932069234228,0.7107617630546994,0.7493916794249649,0.7715704189455381,0.7925165405571368,0.8079972129186705,0.6628162783761685,0.8177584722357857,0.8832717710042752,0.7232112106828757,0.8026133132285964,0.8381070361529124,0.6869742512988514
31,0:01:51.60,0.7162578701972961,0.5954908728599548,0.618073582649231,0.5884974002838135,0.690524160861969,0.5711763501167297,-0.1921366900205612,-0.197511076927185,-0.3104442656040191,-0.3977603018283844,-0.3418673872947693,-0.2845042049884796,0.5261109101616663,0.5350673024848929,0.5137709707325213,0.6500831945249808,0.5575132841692896,0.6208666324043071,0.5756998239069921,0.5440456951586515,0.5566092354012356,0.4131352773681231,0.5342720390800855,0.4627650640117363,0.4131841107190641,0.6606464067582913,0.5461314016444903,0.4131548107084994,0.5848217861513678,0.4961115990648378
32,0:01:53.98,0.8545708656311035,0.7798707485198975,0.0232123583555221,0.7164433002471924,0.5353091955184937,0.5059879422187805,0.3505114912986755,0.4254085123538971,-0.8889937400817871,-0.006545141339302,0.0371401980519294,-0.1577522754669189,0.8152534359258501,0.8968135810784196,0.2045064188221173,0.8326698897979903,0.7689649951415845,0.0,0.8222200174747062,0.8456741467036855,0.1227038512932703,0.6021081447448681,0.7054480242928224,0.5280762240994765,0.6031498415481716,0.4829380588061547,0.4754936015132215,0.6025248234661895,0.6164440380981553,0.5070431750649745
33,0:01:57.64,0.7618880271911621,0.7455331087112427,0.7833612561225891,0.8219773769378662,0.7949157357215881,0.8004979491233826,-0.0742097645998001,0.0400369688868522,0.2265589982271194,0.3035362362861633,0.2187220305204391,-0.0612347088754177,0.5889466299624186,0.6730178871816556,0.8008269289339721,0.7103194691003932,0.7295856829346402,0.79338014818976,0.6374957656176085,0.6956450054828494,0.7978482166362872,0.7518900882072834,0.7874581219036617,0.5778085971428739,0.7598399583214102,0.7801661596852892,0.7946230245995051,0.7550700362529341,0.7845413370163128,0.6645343681255264
34,0:02:01.38,0.8413947820663452,0.4754267632961273,0.793382465839386,0.9382146000862122,0.907553493976593,0.1331313699483871,0.0500071756541729,-0.5914985537528992,0.236711174249649,0.2262693047523498,0.2148803323507309,-0.0140175037086009,0.6551338965638026,0.3062681027059242,0.8062537909518787,0.8152761695102856,0.4198205923678273,0.8038394527727277,0.7191908057423958,0.3516890985706855,0.8052880556802182,0.7145670110875386,0.7857230472125095,0.6021380922218509,0.9324214091630684,0.9091271132391824,0.0714682712597642,0.8017087703177506,0.8350846736231787,0.3898701638370161
35,0:02:04.01,0.6785619258880615,0.584689736366272,0.6199492812156677,0.8150234222412109,0.4453392624855041,0.7701066732406616,0.1396342813968658,0.4258663058280945,0.3030487596988678,0.31304731965065,0.3720811307430267,0.4627708494663238,0.7028904515906224,0.897079434149193,0.8417146539269761,0.6003208574789838,0.5451262555748738,0.6228243304434284,0.6618626139459669,0.7562981627194654,0.7541585245335569,0.7564843291180889,0.8567216303052857,0.8478116735213029,0.7495151797510868,0.3799298976454305,0.7616912052659418,0.7536966693712881,0.6660049372413436,0.8133634862191585
36,0:02:05.91,0.6137434244155884,0.6701467633247375,0.6819798946380615,0.7215356826782227,0.6375507116317749,0.2923549711704254,-0.7010090947151184,-0.6682878136634827,-0.6727373600006104,-0.763977587223053,-0.6659416556358337,-0.7329545617103577,0.2549653365648417,0.2616744994759089,0.3201066145425287,0.5147540895893283,0.6431306310540079,0.6875667215906445,0.3588808377746364,0.4142569521071485,0.467090657361775,0.2362374025070347,0.3879062820078787,0.2316931335896851,0.6107106789837508,0.5999961716009254,0.2440020894949079,0.3860267130977212,0.4727422378450974,0.2366167159517742
37,0:02:07.43,0.7871811985969543,0.5665512084960938,0.5734232664108276,0.8060582876205444,0.526486873626709,0.503657341003418,-0.3853631913661957,-0.3108456432819366,-0.2498743832111358,-0.5265263915061951,-0.1868398487567901,-0.4487935602664947,0.4231528600529806,0.4692508498956283,0.5461486987641812,0.7437089316412976,0.5243245127656877,0.5742643488017078,0.5513752886883074,0.491280315043652,0.5573949587791919,0.3509360078999194,0.6042890853618091,0.3781120853645835,0.736204332348523,0.472837227065983,0.4729681748592342,0.5050433376793608,0.5517083420434787,0.4160545211624438
38,0:02:12.21,0.542327344417572,0.5832896828651428,0.5832896828651428,0.7166159749031067,0.6439345479011536,0.6238654255867004,0.1022807359695434,-0.0526764579117298,-0.0526766516268253,0.0087425597012043,-0.0704873502254486,-0.1943666785955429,0.6829871351456175,0.6191766888999516,0.6515610632836021,0.4204778721211651,0.5435206372436601,0.5845620930615767,0.5779834299358365,0.588914268237435,0.624761475194792,0.6094927274323367,0.6568388345966351,0.5092100091765404,0.6034062176197442,0.6073051381977852,0.6032249939281916,0.6070581235072997,0.6370253560370951,0.5468160030772009
39,0:02:14.37,0.541303277015686,0.4487977921962738,0.4537052810192108,0.7221280932426453,0.4869695901870727,0.314379870891571,-0.2084139734506607,-0.5068040490150452,-0.5641919374465942,-0.1899118274450302,-0.2364808917045593,-0.3947480022907257,0.51743778638538,0.3554524957374551,0.3781297447137121,0.419126002891085,0.3892817850259634,0.4493126804246448,0.4781130729876619,0.3689842114528584,0.4066029189980852,0.5135345618309257,0.5818690738314352,0.4059600092763555,0.6115902515675822,0.4275931931542151,0.267868149651632,0.5527568377255883,0.5201587215605472,0.3507232654264661
40,0:02:16.60,0.5878686904907227,0.6412029266357422,0.6185067892074585,0.6198577880859375,0.5473598837852478,0.1580190062522888,-0.2358331084251403,-0.166741132736206,-0.4394928216934204,-0.528820812702179,-0.733674943447113,-1.0801762342453003,0.5028278821901494,0.5529362425457818,0.4447878575602234,0.48059690758635,0.6099370747177488,0.6213187773516626,0.4939354923486296,0.5757365754145686,0.5154002254767991,0.3498277089479233,0.3573150413017391,0.0527810623773483,0.4597459699863002,0.4967351040770931,0.0984363770267715,0.393795013363274,0.4130830664118807,0.0710431882371176
41,0:02:19.79,0.5752067565917969,0.4061237573623657,0.4993333518505096,0.7318788170814514,0.6032870411872864,0.40048548579216,-0.4423539936542511,-0.744327962398529,-0.4623952507972717,-0.6716617345809937,-0.1367455571889877,-0.7195054888725281,0.392786104784706,0.2175159253967927,0.4325453272548319,0.4638819151944995,0.3403420748356632,0.4969354628875113,0.4212244289486234,0.2666463851723409,0.4583013815079036,0.2808297218749491,0.6269138032940603,0.2386230048149887,0.6260674906247289,0.5607670917503306,0.3611717202043829,0.418924829374861,0.6004551186765684,0.2876424909707463
42,0:02:22.58,0.8128564357757568,0.779350221157074,0.7793502807617188,0.855499267578125,0.8316813707351685,0.4672960937023163,0.2283847630023956,0.4528090953826904,0.4528088867664337,0.1909385919570922,0.5454996824264526,-0.4353729784488678,0.750179909655007,0.9127258418461353,0.9217691706706012,0.7776027584080801,0.7683680406145084,0.7891938259632323,0.7611490491562363,0.8549827213534844,0.8687390327876536,0.6975008368241554,0.9350448422574208,0.3850272760908325,0.8096110760834709,0.8222597828434458,0.4335673273435265,0.7423449325278817,0.8899308184918308,0.4044432965919101
43,0:02:26.18,0.4992350339889526,0.5015981197357178,0.4294124841690063,0.8663304448127747,0.6161385774612427,0.8763473629951477,-0.193369835615158,-0.2438337206840515,-0.4343938827514648,-0.5016738176345825,-0.920765221118927,-0.7821165919303894,0.5254538457060371,0.5081664885082453,0.4475135035709225,0.3635918034754629,0.4498345951314677,0.4239578810931264,0.4607090288138075,0.4848337311575343,0.4380912545798041,0.3629408140028825,0.2728170949746176,0.2063615332104368,0.8256925019025768,0.5754810420117493,0.8768130321470922,0.5480414891627602,0.3938826737894703,0.474542132785099
44,0:02:29.43,0.6926054358482361,0.473041296005249,0.473041296005249,0.5611605048179626,0.5107728838920593,0.5319461226463318,-0.3466258347034454,-0.4576137661933899,-0.4576137661933899,-0.585900604724884,-0.2799866497516632,-0.2641487419605255,0.4437935210419582,0.3840186253951105,0.4351012775386358,0.6188596655325553,0.4170848754772543,0.4694940034260804,0.5138199788381971,0.397245125427968,0.4488583678936136,0.3222558429846668,0.5622200185511097,0.4732535742024443,0.3725960705610313,0.4548460034149524,0.5036217430024764,0.3423919340152126,0.5192704124966467,0.4854008417224571
45,0:02:30.96,0.6800769567489624,0.2800827026367187,0.2800827026367187,0.887315034866333,0.2800827026367187,0.2800827026367187,-0.2426036894321441,-0.5748586654663086,-0.5748586654663086,0.4500153958797455,-0.5748586654663086,-0.5748586654663086,0.4992202723968266,0.3159313365606072,0.3724278280982924,0.6023208465419124,0.1957948644684914,0.2680998846542033,0.540460502054861,0.2678767477237608,0.3306966507206568,0.8226454923811141,0.4290432438555641,0.3131548235835522,0.8568490531231663,0.1907247512602624,0.2307039268338667,0.836326916677935,0.3337158468174434,0.280174464883678
46,0:02:36.57,0.3326563835144043,0.5704805850982666,0.4512243270874023,0.8267580270767212,0.4287838935852051,0.3695502877235412,-0.2235606163740158,-0.4590185582637787,-0.5837482810020447,-0.2470059692859649,-0.6795660853385925,-0.4534545242786407,0.5093671086562849,0.3832028245880636,0.3676758698188439,0.1436916762474231,0.5288308256298766,0.4467232672138224,0.3630969356927401,0.4414540250047888,0.3992948287768353,0.485955764320605,0.3817529086520446,0.3757104417137965,0.7669379559729629,0.3609753641666521,0.3276505097828433,0.5983486409815482,0.3734418908578876,0.3564864689414152
47,0:02:40.37,0.5692522525787354,0.5051100254058838,0.5421149730682373,0.8521953821182251,0.522590696811676,0.573082447052002,-0.4547884166240692,-0.2527965307235718,-0.348234087228775,-0.6162437796592712,-0.3654992282390594,-0.205034852027893,0.3861605956838134,0.5029615419415799,0.4935703608156189,0.4560213869315924,0.4538621413052134,0.5415873581691115,0.414104912182925,0.4833217816870333,0.512777159757016,0.3075988527864934,0.523598892123596,0.5037130452603779,0.8047056823495163,0.4683764255988258,0.5481968377961963,0.5064415846117026,0.5015099055136879,0.5215065622747053
48,0:02:45.04,0.6388729810714722,0.710536777973175,0.6787326335906982,0.8024834990501404,0.7528972625732422,0.703187108039856,0.1911668926477432,0.1862432062625885,0.3288417160511017,0.2524946928024292,0.3240578770637512,0.0842936486005783,0.7303488857828799,0.7579238095317213,0.855502320221062,0.5479275646419276,0.6894509665734858,0.6841775007964871,0.657380357326499,0.7305346723484272,0.786972392451232,0.7272349423908543,0.8350322813859191,0.652794641838974,0.7308967193376276,0.7320584696172603,0.689177532606134,0.7286996531695635,0.7938427566784556,0.667347798145838
49,0:02:48.49,0.7281825542449951,0.5754544734954834,0.6942996382713318,0.808256208896637,0.7949079275131226,0.6735067367553711,-0.4931611120700836,-0.539149820804596,-0.6184576153755188,-0.5149917602539062,-0.5775020718574524,-0.8313938975334167,0.3657142393454086,0.3366684299054435,0.3491219393156483,0.6658249449340096,0.534535012206705,0.7004250445562313,0.485758521580849,0.415815062825948,0.4896431814118815,0.3565077049148138,0.427849368822937,0.1809705351634653,0.7394676625657263,0.7801572199298744,0.6570160455838187,0.5096916879751788,0.5687725092657121,0.3713887393316066
50,0:02:52.18,0.5557793378829956,0.790863037109375,0.790863037109375,0.9056845903396606,0.6637623906135559,0.7895166873931885,0.2948396503925323,-0.0525061897933483,-0.0525061897933483,-0.026923481374979,0.0832430720329284,0.1022814810276031,0.7855894708602891,0.6192755682083687,0.651652183930796,0.4382358204902412,0.7815712420078808,0.8012098827700068,0.64664801071227,0.6841938377281735,0.7114752634664804,0.5922645759422024,0.7262700478616045,0.6620631887376862,0.8841229714862816,0.6300063845890628,0.7827237898076241,0.7090079341598341,0.6877645825525879,0.7103274291656614
51,0:02:57.51,0.8059476613998413,0.8396729230880737,0.7972345352172852,0.7502337098121643,0.816411018371582,0.4680786728858948,-0.3941195011138916,-0.4400538504123688,-0.5798888206481934,-0.5204907059669495,-0.134369283914566,-0.098566934466362,0.4184871823561214,0.3942161441367049,0.3697389505571458,0.7684824998399765,0.837547708341949,0.8078599221608336,0.5584853093496635,0.5715487698188026,0.544987339198621,0.3538514900134185,0.6279870296214747,0.5585725115763259,0.6533196387035477,0.8047764874332715,0.4344153258410975,0.4736387494894701,0.6987028127461934,0.5089096372822346
52,0:03:02.02,0.7704888582229614,0.6872903108596802,0.8209124803543091,0.8140115737915039,0.7754852771759033,0.6542532444000244,0.267855703830719,0.1648963391780853,0.2896426916122436,-0.2717380225658417,-0.3379922807216644,-0.0324357189238071,0.771211450749726,0.7455271055905884,0.8345484186738327,0.7216734081122147,0.6627913041368135,0.8325729904515641,0.7513962336947215,0.7124327850090785,0.8337582473849252,0.4740091745755402,0.536022202430639,0.5926477830250495,0.7480128531404497,0.7579198854264568,0.6361530672003771,0.583610646001504,0.6247812756289661,0.6100498966951806
53,0:03:04.83,0.8594251871109009,0.4495857059955597,0.4495857059955597,0.9300573468208312,0.4495857059955597,0.4495857059955597,0.4135240912437439,-0.2704256474971771,-0.2704256474971771,0.1504725515842437,-0.2704256474971771,-0.2704257667064667,0.8488288222079735,0.4927238363091362,0.5351629873929075,0.8390780694054746,0.3901853853801851,0.4450130109094432,0.8449285210869739,0.4517084559375557,0.4991029967995218,0.6779540900388817,0.5665381748197652,0.4700192268469104,0.9203100513269852,0.3847917256217092,0.4143764486671275,0.7748964745541231,0.4938395951405428,0.4477621155749973
54,0:03:08.08,0.8035157322883606,0.8085193037986755,0.7895274758338928,0.7645571827888489,0.7485880851745605,0.7679963111877441,-0.0455788038671016,0.0034987889230251,0.2254774421453476,0.022630900144577,-0.52858966588974,-0.1410113871097564,0.6042022386353931,0.6517991763625761,0.80024878139128,0.7652721153189067,0.8018199149580755,0.7998159350766388,0.6686301893087986,0.7118074718007759,0.8000756428654234,0.6162013619172771,0.449940296826369,0.5367022611439038,0.6745861975601086,0.7271248165068285,0.759404428556623,0.6395552961744098,0.5608141046985529,0.6257831281089916
55,0:03:13.64,0.8447549343109131,0.714470386505127,0.6885576248168945,0.877007246017456,0.7418535351753235,0.6704112887382507,0.23882956802845,0.4126597344875335,-0.4537307322025299,-0.1528485715389251,0.1182840317487716,0.1374055445194244,0.7557452785446728,0.8894100204437394,0.437176959602508,0.8197118994431496,0.6939621327265127,0.694432008851291,0.7813319269040635,0.8112308653568487,0.5400789793020212,0.5314376250305693,0.7420960393036291,0.6801614799613799,0.8415447202569354,0.719414311582789,0.6536618351436376,0.6554804631211157,0.733023348215293,0.669561622034283
56,0:04:56.48,0.5939089059829712,0.748860239982605,0.748860239982605,0.659010112285614,0.7808957099914551,0.7036062479019165,0.0194322653114795,0.4380284547805786,0.4380284249782562,0.1929935365915298,0.3308675587177276,-0.0170434527099132,0.6388424814152112,0.9041423234834952,0.913868251054218,0.4885705833932217,0.7334013249478528,0.7573708592488114,0.5787337222064154,0.8358459240692382,0.8512692943320553,0.6984934588365147,0.8381078239638815,0.6005789188002862,0.5178767884211115,0.7641143852624106,0.6896317102545532,0.6262467906703534,0.8085104484832932,0.636200035381993
57,0:04:58.90,0.7433658838272095,0.5565941333770752,0.6909232139587402,0.5099204182624817,0.7935484647750854,0.7433658838272095,-0.4496600329875946,-0.4246357679367065,-0.3615708351135254,-0.1792448610067367,-0.2780405580997467,-0.4496603012084961,0.3888931834797092,0.4031698422617805,0.4864411807878565,0.6858684264807899,0.5129054760478233,0.696901013896785,0.5076832806801415,0.4470640957761976,0.5706251140314279,0.5186871413770143,0.5630989565162334,0.3776654818562084,0.2965181306423256,0.7786007470939952,0.7327150329854832,0.4298195370831388,0.6492996727473381,0.5196853023079184
58,0:05:00.27,0.9201773405075072,0.7029933929443359,0.7029933929443359,0.9837301969528198,0.7848858833312988,0.9837301969528198,0.517665684223175,-0.2762898206710815,-0.2762898206710815,0.5430669784545898,-0.1534432917833328,0.5430669784545898,0.9043192196105287,0.4893183521034843,0.532028284192996,0.9192768597260406,0.6808000133978115,0.7094988620557431,0.9103022756567336,0.5659110166212151,0.6030165153380949,0.8675931992929045,0.6193723944133034,0.8891856656535996,1.0,0.7686828050065838,0.9931724802027316,0.9205559195757428,0.6790965586506156,0.9307803914732524
59,0:05:01.23,0.6724263429641724,0.6766168475151062,0.6766168475151062,0.7064743638038635,0.7829599976539612,0.4256777763366699,-0.3746291100978851,-0.2859030663967132,-0.2859030663967132,-0.6027578115463257,-0.304737240076065,-1.0768550634384155,0.4288723657594807,0.4837356799154642,0.5268895082319155,0.5922212873255591,0.6505506944817081,0.6819692193990898,0.4942119343859121,0.5504616857419617,0.5889213926987853,0.3141131250362413,0.5510415966746695,0.054492354024473,0.5883486146422064,0.7664778245698907,0.3884699476303041,0.4238073208786274,0.637216087832758,0.1880833914668054
60,0:05:04.39,0.749168872833252,0.8048127293586731,0.8048127293586731,0.9114866256713868,0.906715989112854,0.8749306201934814,-0.2526432871818542,-0.3098294734954834,-0.3098292648792267,-0.4358770847320556,-0.4231843054294586,-0.6421878337860107,0.4938708125608969,0.4698409672157352,0.5140997203589023,0.6935289401006108,0.797569117497781,0.8157694104315744,0.5737340635767825,0.6009322273285536,0.6347675963879711,0.3947233176897745,0.4975458517573806,0.2784622859054217,0.8927374552829732,0.908168239167938,0.8752778574421326,0.593928972727054,0.6617948067216035,0.5171885145201062
61,0:05:06.71,0.9013216495513916,0.3642032146453857,0.8956664204597473,0.9343599081039428,0.385647177696228,0.6298674941062927,-0.2389479577541351,-0.2515789866447449,-0.2476745545864105,-0.089590698480606,-0.4079854190349579,-0.086197942495346,0.5011681781067949,0.5036686027679179,0.5473246206929314,0.8943855016293679,0.2922664893051628,0.9105949309593236,0.6584551075158241,0.4191077573828158,0.6926327447994882,0.561993755935722,0.5044103168849986,0.5649458521463059,0.9266982138145464,0.3115873782868934,0.6097288023526105,0.7078755390872518,0.4272811414457565,0.5828590322288277
62,0:05:11.39,0.7229135036468506,0.4093068838119507,0.6491162776947021,0.746938943862915,0.2963097989559173,0.3431687355041504,-0.7431218028068542,-0.8626598715782166,-0.8045042157173157,-0.6723534464836121,-1.1069144010543823,-0.791593611240387,0.2325261665766337,0.1487973804654604,0.2496704299333321,0.6588692822869526,0.3439925683160215,0.6532664136415515,0.4030634128607613,0.2268754556056849,0.4111088234166199,0.280495596833698,0.1887441885106306,0.2014783323972723,0.6484277850244604,0.2093034396783776,0.2990636049493447,0.427668472110003,0.1969678889777294,0.2405124414181013
63,0:05:12.18,0.6970676183700562,0.6970676183700562,0.6970676183700562,0.7044911980628967,0.7044911980628967,0.7044911980628967,0.2150312960147857,0.2150313854217529,0.2150312960147857,0.2198478281497955,0.2198478281497955,0.2198475450277328,0.7430647007490828,0.7746418849583271,0.7946647771794104,0.6247501833238067,0.6740041786133334,0.703314031789342,0.6957388937789724,0.7343868024203296,0.758124479023383,0.7114651761666723,0.7879665801134861,0.7226411701205407,0.5854041394425648,0.6766375136806835,0.6905906373799912,0.6610407614770293,0.743434953540365,0.7098209570243209
64,0:05:14.40,0.966200828552246,0.4572762846946716,0.8760749101638794,0.9558549523353576,0.553657591342926,0.4160031974315643,-0.0786018669605255,-0.8930262923240662,-0.3773457109928131,-0.1656004935503006,-0.760816216468811,-0.5730323195457458,0.586606359389858,0.1311627773994464,0.4780086955200169,0.9800323697970178,0.3990051441443873,0.8901469432197426,0.7439767635527219,0.2382997240974227,0.6428639945999073,0.5252779269655924,0.3450568851881428,0.3140958804277651,0.9586126541193428,0.5039454603947595,0.3779866271583136,0.6986118178270926,0.4086123152707895,0.3396521791199846
65,0:05:16.12,0.4386722147464752,0.3187713325023651,0.4113348424434662,0.5637305974960327,0.3131735026836395,0.3210179507732391,-0.5342488884925842,-0.5819007754325867,-0.5319045782089233,-0.7873503565788269,-0.7405838966369629,-0.5783478617668152,0.3438211899225694,0.311841792552708,0.3953890045134411,0.2836429527747881,0.2401640069846345,0.4050899433597937,0.3197498950634568,0.2831706783254786,0.3992693800519822,0.2249474022980086,0.3541946634655558,0.3113569538468144,0.3764119766121658,0.228610991132428,0.2750611364886586,0.2855332320236715,0.3039611945323046,0.2968386269035521
66,0:05:17.55,0.927152931690216,0.6983131170272827,0.3371456265449524,0.8863731622695923,0.7568469047546387,0.3371456265449524,-0.2654197514057159,-0.3562050461769104,-0.293339729309082,-0.4302815496921539,-0.3934092819690704,-0.293339729309082,0.4870630515415158,0.4429094159789031,0.5229142281136879,0.928485323020698,0.6754325493676883,0.3276574149741753,0.6636319601331887,0.5359186693344171,0.4448115028578828,0.3974261891727593,0.510993521863777,0.4582124047698599,0.8554506220969359,0.7365804845241659,0.2925369972203336,0.58063596234243,0.6012283069279325,0.3919422417500494
67,0:05:21.41,0.870261013507843,0.7517030239105225,0.870261013507843,0.8818729519844055,0.6778548955917358,0.8466033935546875,0.2994517385959625,0.3246533274650574,0.2994519472122192,0.1900621056556701,0.1472564786672592,0.1812324076890945,0.7880469578253149,0.8383023160456321,0.8397919720284346,0.8533824211127337,0.7366615046357453,0.8840788818122004,0.8141811431402823,0.7976459914816774,0.8575067359419408,0.6970774582173829,0.7551812316244088,0.7027440417213641,0.8487690032568257,0.646141141779761,0.8445826305128793,0.75775407623316,0.7115651956865496,0.7594794772379702
68,0:05:25.49,0.6815230846405029,0.535896360874176,0.5456645488739014,0.7430006265640259,0.6253225803375244,0.72674161195755,-0.3289839625358581,0.0724814981222152,-0.1059256345033645,-0.3973588943481445,0.1622473448514938,-0.1139998435974121,0.4531937469219085,0.6918593041375052,0.6230967338606731,0.6042298769394565,0.4891687239028918,0.5452921099446927,0.5136081989289277,0.6107830720436598,0.5919748842942809,0.4133291735413505,0.7619517459557548,0.550620433823489,0.642580428257776,0.585995968682126,0.714701063454348,0.5050296754279208,0.6915694350463033,0.6162526856758326
69,0:05:27.39,0.8926443457603455,0.2197536826133728,0.1697655618190765,0.9278132915496826,0.1927611380815506,0.6314377188682556,0.5538780689239502,-0.4911495745182037,0.0113636814057827,0.5649949908256531,-0.2669198513031006,0.052445612847805,0.9236144844557392,0.3645434731124086,0.685793926285336,0.8829306110884042,0.1266079509858841,0.1529600353603726,0.9073409351088052,0.2693692642617988,0.4726603699153506,0.87818532299397,0.5681215418569372,0.6363843815030503,0.9169782243616296,0.0907487538211269,0.611430289265289,0.8937024835410339,0.3771724266426131,0.6264027446079458
70,0:05:45.82,0.7891330718994141,0.7528995871543884,0.4782373905181885,0.9000241756439209,0.1134988814592361,0.8198701739311218,0.3279711902141571,0.2779905796051025,-0.6671406626701355,0.2601159214973449,-0.6834852695465088,-0.1032924205064773,0.8032431504196527,0.8112039944038802,0.3230983381002241,0.7462855954954059,0.7380337549656493,0.4749172543796681,0.7804601284499539,0.7819358986285878,0.3838259046120017,0.7309163064709469,0.379982837962281,0.5561376218162781,0.8757187567769412,0.0,0.8156146608150927,0.7888372865933446,0.2279897027773685,0.6599284374158039
71,0:05:55.23,0.527818500995636,0.5305342674255371,0.5305342674255371,0.5335748791694641,0.579522967338562,0.5615932941436768,0.31341552734375,0.3151035010814667,0.315103679895401,0.3553344905376434,0.422002375125885,0.4644359350204468,0.7954873681809842,0.8327564731873826,0.8481586309027771,0.4013247783403812,0.4830193335204014,0.5295003815439571,0.6378223322447429,0.69286161732059,0.720695331159249,0.7769107561659963,0.8792681927506382,0.8486696381266197,0.3316387320437743,0.5335591849938903,0.5357472549181124,0.5988019465171075,0.740984589647939,0.7235006848432167
72,0:05:58.27,0.8795222640037537,0.7408742904663086,0.7597556114196777,0.9319473505020142,0.7638647556304932,0.7703021168708801,0.4038616716861725,-0.5764226913452148,-0.6100234389305115,0.0925815850496292,-0.6831391453742981,-0.6378390789031982,0.8436803365186317,0.3150230643677688,0.3536304418967853,0.8656081784744352,0.7242428271296112,0.7687425410742004,0.852451473300953,0.4787109694725058,0.5196752815677513,0.6499903937251174,0.380139162396078,0.2807030583134299,0.9231162055739628,0.7446153456122239,0.7619029869083147,0.7592407184646555,0.5259296356825364,0.4731830297513839
73,0:06:04.49,0.8491525053977966,0.375929057598114,0.375929057598114,0.8213953971862793,0.7836708426475525,0.6024419665336609,0.2804265916347503,-0.2415148317813873,-0.2415148317813873,0.2034969925880432,-0.1939136981964111,-0.6322326064109802,0.7779096732369354,0.5095131301060456,0.5506173104234119,0.8255171238146113,0.3057139956887756,0.3681363321529693,0.7969526534680058,0.4279934763391376,0.4776249191152348,0.7035670561749849,0.6010942333485808,0.2835918918313803,0.7589758727284401,0.7672916835246739,0.5800106515702976,0.7257305827963669,0.6675732134190181,0.4021593957269472
74,0:06:05.70,0.4663402438163757,0.4865568578243255,0.4865568876266479,0.6046478748321533,0.4983260929584503,0.4896396398544311,0.0958537012338638,0.0642409771680831,0.0642411261796951,0.3338839113712311,0.032564889639616,-0.2114787846803665,0.6795625791982802,0.6870738104074563,0.7140596494180593,0.3201674599387469,0.4325848787241729,0.4836004529847873,0.5358045314944668,0.585278237734143,0.6218759708447505,0.7665492521616494,0.7033816199373173,0.5003926956716268,0.4371632823978003,0.4405954532233354,0.4577786710196546,0.6347948642561098,0.5982671532517245,0.4833470858108379
75,0:06:10.74,0.895478367805481,0.59901362657547,0.875206708908081,0.8984250426292419,0.9128521680831908,0.7603549957275391,0.6215759515762329,-0.3401302397251129,0.2183417826890945,0.6441653370857239,0.3118781745433807,-0.3970718681812286,0.9596863583748242,0.452244491505682,0.7964344031545435,0.8866717976481284,0.561553271167944,0.8892407870140213,0.930480534084146,0.4959680033705868,0.8335569566983346,0.916427827004478,0.8295314084241937,0.4047625965208261,0.8733444683322674,0.9151936585606116,0.7511243411665011,0.8991944835355938,0.8637963084787609,0.5433072943790961
76,0:06:13.88,0.7827945947647095,0.7370662689208984,0.8187301158905029,0.8212042450904846,0.8244001865386963,0.7638078927993774,-0.54655522108078,-0.6679733991622925,-0.707630455493927,-0.6479412913322449,-0.793234646320343,-0.6320875883102417,0.3372639319975645,0.2618570884933335,0.3014544542372268,0.7379181851196895,0.719875687449566,0.8302952200742278,0.4975256332464146,0.4450645280758265,0.5129907605720272,0.2922876627445195,0.3304153400491193,0.2836666149573216,0.7586920625587704,0.8139234267979644,0.754865881435688,0.4788494226702199,0.5238185747486573,0.4721463215486682
77,0:06:20.93,0.888008177280426,0.884827196598053,0.884827196598053,0.917449951171875,0.9126461744308472,0.7080147862434387,-0.175023928284645,0.0970170348882675,0.0970170348882675,0.2785861194133758,0.2294826209545135,-0.1502127349376678,0.5352292069172074,0.7061077549345937,0.7315800641230639,0.8768104147986602,0.8893318217503215,0.8992818512996484,0.6718616900697885,0.7793973816608848,0.7986607789936977,0.7398381648591668,0.7923180633408192,0.5319611049084125,0.9015914122069258,0.9149578127994402,0.6944087781456265,0.8045394637982703,0.8413739631242676,0.596940174203298
78,0:06:23.54,0.6508841514587402,0.6999317407608032,0.6962512135505676,0.6295359134674072,0.7368550300598145,0.7222315073013306,-0.1507778614759445,0.0154566578567028,-0.1310535967350006,-0.0631513744592666,-0.1999709010124206,0.0318596214056015,0.5481483859327371,0.6587434347566,0.6096645412430871,0.5637834854864866,0.6772888298139584,0.7024619363925437,0.5544024257542368,0.6661615927795435,0.6467834993028697,0.5747650270326017,0.598358542297133,0.6257770874940237,0.4741154195870522,0.7136914350267703,0.7098139388634871,0.534505184054382,0.644491699388988,0.6593918280418091
79,0:06:28.13,0.6373332142829895,0.4470846056938171,0.4470846056938171,0.5662121772766113,0.5348581075668335,0.2762840390205383,-0.7286919951438904,-0.3559621274471283,-0.3559621274471283,-0.2378272712230682,-0.4177844822406769,-0.6695061326026917,0.2402148886208457,0.4430504854652565,0.4894393244899322,0.5458949217328617,0.3873170574988268,0.4424025705945748,0.3624869018656521,0.4207571142786847,0.4706246229317893,0.4903894495836263,0.4999846421406094,0.2643860521622701,0.380096464483706,0.4824216002643301,0.22658771583964,0.4462722555436582,0.4929594253900977,0.2492667176332181
80,0:06:30.43,0.9410481452941896,0.5160229802131653,0.5160229802131653,0.885289192199707,0.3985203802585602,0.3985203802585602,0.4390479922294616,0.0375354252755641,0.0375354252755641,0.583829939365387,0.060749065130949,0.0607481189072132,0.8624288773678815,0.6715651730469673,0.6997840740560308,0.9468283653653794,0.4663774060948421,0.5143547078045161,0.8961886725668807,0.5894900662661172,0.625612327555425,0.8872833707996768,0.7161107952722237,0.6406623937149528,0.8538412140066293,0.326326134663528,0.3590423426601946,0.8739065080824577,0.5601969310287453,0.5280143732930495
81,0:06:34.04,0.7206767201423645,0.698127269744873,0.693936824798584,0.7001738548278809,0.6867724657058716,0.7094535827636719,-0.0305623039603233,-0.0767016261816024,-0.0577220059931278,-0.015676062554121,0.0368837565183639,0.2754407227039337,0.6122035714706527,0.6052246229130075,0.6488640609939843,0.6559165090725171,0.6752194147959004,0.7000463700523026,0.6296887465113985,0.6332225396661647,0.6693369846173116,0.5976975376467221,0.7053322043624182,0.7512865322913701,0.5789940296765259,0.6563510248875114,0.6959678501386855,0.5902161344586436,0.6857397325724555,0.7291590594302962
82,0:06:36.53,0.7865423560142517,0.6112605929374695,0.7888574004173279,0.722437858581543,0.5956660509109497,0.8136005401611328,0.5284185409545898,0.5591773986816406,0.5991573929786682,0.6093553900718689,0.5710685849189758,-0.0048906654119491,0.9100487295610517,0.9744967967828888,1.0,0.7428655968873252,0.575598415640441,0.7991165661308255,0.8431754764915611,0.8149374443259096,0.9196466264523302,0.8996132038385022,0.9465928487991958,0.6068408561114227,0.6120501709476176,0.552041685738287,0.8088209201574893,0.7845879906821484,0.7887723835748323,0.6876328817298494
83,0:06:43.72,0.5277498960494995,0.5466828346252441,0.5618809461593628,0.5969406962394714,0.5969406962394714,0.725797712802887,-0.8328180313110352,-0.2373346984386444,-0.4289006888866424,-0.805858314037323,-0.8058605194091797,0.2679443061351776,0.1847327804490521,0.5119406467659522,0.4504498991846162,0.4012342130948296,0.5015389368768266,0.5622174356529013,0.2713333535073631,0.5077799628103019,0.4951569137719303,0.2160073045118022,0.3247129574353898,0.7474238718612333,0.4257201660931096,0.5535010496279432,0.713678259523693,0.2998924491443252,0.4162281943124112,0.7339256269262171
84,0:06:45.84,0.7779526114463806,0.7779526114463806,0.7779526114463806,0.8019508123397827,0.753796398639679,0.7203699946403503,0.0837195813655853,0.0837199985980987,0.0837199985980987,0.2277428358793258,-0.2063817083835601,-0.0219301767647266,0.6730970824226163,0.6983858057824679,0.7244721119920428,0.7315262930932905,0.7667652248867082,0.7877350550674505,0.696468766690886,0.725737573424164,0.7497772892222059,0.7152787866789687,0.5954631483520223,0.5980609483184701,0.7301058208386135,0.7330879063381143,0.707796813986101,0.7212096003428266,0.6505130515464591,0.6419552945855225
85,0:06:50.86,0.7746409177780151,0.7004411220550537,0.7004411220550537,0.8510973453521729,0.6211338639259338,0.7310265302658081,0.3635735213756561,0.0401404798030853,0.0401403084397316,0.2861877381801605,-0.305626779794693,-0.2385540008544922,0.8222133567328895,0.6730779987745248,0.7011765185401821,0.7271545332252688,0.6778730017352217,0.7068350141408052,0.7841898273298412,0.6749959999588035,0.7034399167804313,0.743510056544725,0.550639842610611,0.4864417145336419,0.8030753889458195,0.5812002334777496,0.7193441773575343,0.7673361895051629,0.5628639989574664,0.5796026996631989
86,0:06:53.87,0.7644760012626648,0.6667881608009338,0.750336766242981,0.7710842490196228,0.7836403846740723,0.7990542650222778,-0.4873076379299164,-0.1027165800333023,-0.1608581393957138,0.0609278343617916,0.0662754774093627,-0.0105915963649749,0.3688331815176069,0.5901170345411346,0.593732475037029,0.7137358482460104,0.6392788969773239,0.7589119344601342,0.5067942482089683,0.6097817795156103,0.659804258806271,0.6347003420225422,0.7186067586856838,0.6039033512108847,0.6842771599672968,0.7672568116543156,0.7930586564507052,0.654531069200444,0.7380667798731365,0.6795654733068128
87,0:06:56.38,0.7510659098625183,0.7125157117843628,0.4922678172588348,0.6744805574417114,0.7922166585922241,0.4167880713939667,0.1505984961986541,0.2148381471633911,-0.7279065251350403,0.332672119140625,-0.1603873819112777,-0.6574475169181824,0.7087325807452857,0.7745296662674285,0.2906158486059222,0.6960332147054511,0.6917204601327955,0.4895610459833371,0.7036528343293518,0.7414059838135754,0.3701939275568882,0.7659639071249279,0.6162361472377497,0.2705994658939605,0.5408462967927814,0.7770759387353102,0.3788371122655923,0.6759168629920693,0.6805720638367739,0.3138945244426132
88,0:06:57.30,0.877179741859436,0.8087303638458252,0.2147280424833297,0.836966872215271,0.816392183303833,0.2147280424833297,-0.5456206202507019,-0.5203871130943298,-0.5486049056053162,-0.417759895324707,-0.0012024417519569,-0.5486049056053162,0.3377619210333577,0.3475644425005204,0.3864618176489737,0.8625158199032589,0.8020619641943489,0.1998881302075423,0.5476634805813182,0.5293634511780518,0.3118323426724012,0.4034746585806391,0.6881308533499677,0.3266825349143268,0.7820953836687381,0.8047549228324237,0.1598859766733242,0.5549229486158788,0.7347804811429501,0.2599639116179258
89,0:07:00.21,0.947971761226654,0.1863896995782852,0.1863896995782852,0.9077820777893066,0.3939668536186218,0.8065184354782104,-0.0255363695323467,-0.88922119140625,-0.88922119140625,-0.7573081254959106,-0.289546251296997,-0.8624227046966553,0.6148815706326465,0.1333725025716494,0.2043848343508757,0.9559682162411656,0.088345254081633,0.1703109266366361,0.7513162288760541,0.1153616031756429,0.1907552712651799,0.2394590243502729,0.557902494902429,0.1649823967610028,0.8872371841057632,0.3211127218025399,0.8011467904888503,0.4985702882524691,0.4631865856624734,0.4194481542521417
90,0:07:01.58,0.5809546113014221,0.5685531497001648,0.5685531497001648,0.8694387674331665,0.5601249933242798,0.7786511778831482,0.457137793302536,0.0244955420494079,0.0244955122470855,0.6177743077278137,0.4221605658531189,0.3212319016456604,0.8720677759266574,0.6639925596446495,0.6928135675780096,0.4714696461452193,0.5266203918107928,0.5691813263452428,0.7118285240140823,0.6090436925111069,0.6433606710849029,0.9036798841983932,0.8793396384278032,0.7748812422871714,0.8303075366821547,0.5113501028472797,0.7709499834846326,0.8743309451918979,0.7321438241955938,0.7733087387661559
91,0:07:04.35,0.9396400451660156,0.2394110709428787,0.2394110709428787,0.9508091807365416,0.2394110709428787,0.9708774089813232,0.3909598886966705,-0.6077060103416443,-0.6077060103416443,0.5317935347557068,-0.6077060103416443,0.4986824095249176,0.8368058011403378,0.2968559936515096,0.3548692270754726,0.9449695353385236,0.1491515630836977,0.2256502208118095,0.880071294819612,0.2377742214243849,0.3031816245700073,0.8621476665115958,0.4142079824042272,0.8663157361958546,0.951121021408641,0.1441590836982724,0.9792452698729224,0.8977370084704138,0.3061884229218453,0.9114875496666816
92,0:07:06.81,0.8724106550216675,0.415725827217102,0.8206040859222412,0.9523850679397584,0.580392599105835,0.838073194026947,-0.1420930624008178,-0.5352651476860046,-0.5839959979057312,-0.0192839726805686,-0.4212737083435058,-0.6152687668800354,0.5527759601636719,0.3389243648100185,0.3675434523496406,0.8562201583680064,0.3513539821405806,0.8322511140127064,0.6741536394454057,0.3438962117422433,0.553426517014867,0.5959547700070936,0.4984087588631404,0.2923328083877615,0.9534607959879668,0.5345548417229099,0.8353393532378206,0.7389571803994428,0.5128671920070482,0.5095354263277851
93,0:07:09.00,0.9271376729011536,0.7072705626487732,0.7771227359771729,0.949126124382019,0.7293193340301514,0.799285888671875,-0.1532491445541381,-0.4236231744289398,-0.303725928068161,0.2580819129943847,-0.2396161258220672,-0.1600557118654251,0.5468315971629488,0.4037578827399831,0.5173622688656421,0.9284651799252496,0.6857051845770683,0.7868689001277102,0.6994850302678691,0.5165368034748171,0.6251649213704693,0.7299337974633906,0.5804530684276222,0.5268893379988655,0.9486221290603516,0.7050636839002119,0.7933096425630142,0.8174091301021751,0.6302973146166582,0.6334574598245251
94,0:07:14.33,0.8547368049621582,0.842383861541748,0.842383861541748,0.8481229543685913,0.8574092388153076,0.8466408252716064,0.5314330458641052,0.4867931008338928,0.4867931008338928,0.5451337099075317,0.4780014455318451,0.6285932660102844,0.9116549665180184,0.9324612743405006,0.939935486948197,0.8328889459609926,0.8406566841578741,0.8549830309559564,0.8801485582952082,0.8957394382674501,0.9059545045513008,0.8685915148189998,0.9045597605670688,0.9332545889381948,0.7986592071289008,0.8517160722079058,0.8446231913153832,0.8406185917429602,0.8834222852234035,0.8978020298890701
95,0:07:18.07,0.7528505325317383,0.8672863841056824,0.8671377897262573,0.8231800198554993,0.8615823984146118,0.8216052055358887,0.370009034872055,0.1397290080785751,0.1273566335439682,0.438731849193573,0.0349909402430057,0.3681330978870392,0.8256424304697895,0.7309117547105717,0.7477981453716319,0.698389091349292,0.8692155547223697,0.88081912079177,0.7747410948215905,0.7862332747152909,0.8010065355396871,0.8171950794451746,0.7044773278288397,0.7990479082116232,0.7616255641191731,0.8564939961438603,0.8174947315158655,0.794967273314774,0.765283995154848,0.8064266375333201
96,0:07:23.21,0.8534941673278809,0.9038216471672058,0.897563636302948,0.9358052611351012,0.929528832435608,0.6591494083404541,0.0186261385679245,-0.051349963992834,-0.1422019451856613,0.0289566256105899,0.0064737349748611,0.0608965158462524,0.6384129480071181,0.6199470198495549,0.6037051736518422,0.8312485426254063,0.9111151593160416,0.912575086940932,0.7155471858544333,0.7364142756361496,0.7272531389674781,0.6192569451366394,0.6915977420474015,0.6407388578467313,0.9288441797653793,0.934287065339154,0.641458523507508,0.7430918389881354,0.7886734713641025,0.641026724111042
97,0:07:27.69,0.8881055116653442,0.8969104886054993,0.9013240337371826,0.9411185383796692,0.9453285932540894,0.852348804473877,0.3538838922977447,0.4149265885353088,0.2782828509807586,0.3019308149814605,0.3847533762454986,-0.2070131450891494,0.8170503728295911,0.8907264439918313,0.828475997597241,0.8769389057161109,0.9031892601502948,0.916499876784592,0.8410057859841991,0.8957115704552168,0.8636855492721813,0.7511146042845281,0.8624449566781841,0.5026936949805685,0.9367329874188554,0.9523764898149316,0.8508083261736331,0.825361957538259,0.8984175699328831,0.6419395474577944
98,0:07:30.42,0.6670615077018738,0.51365727186203,0.744817316532135,0.7359649538993835,0.8697888851165771,0.2587764859199524,0.1089772582054138,0.1564257144927978,0.3417383134365082,-0.4269075989723205,0.231215700507164,0.1130547076463699,0.6865552837541844,0.74060798439101,0.8623962170916224,0.585139179544183,0.46366434927821,0.7531511922655717,0.6459888420701838,0.62983053034589,0.8186982071612021,0.3990559448834472,0.7931007959597605,0.6676142831550702,0.6321343201761906,0.8658897473271965,0.2076166276264905,0.4922872950005446,0.8222163765067348,0.4836152209436383
99,0:07:31.92,0.6896465420722961,0.5080053806304932,0.7673872113227844,0.7923793196678162,0.8728924989700317,0.2862429618835449,-0.0648866891860961,-0.026723101735115,-0.0587074942886829,0.3871679604053497,0.1925556361675262,-0.9199472665786744,0.5939143008508657,0.634248505833399,0.6483372666408947,0.6149536360628133,0.4571826111445866,0.7767077698337731,0.6023300349356447,0.563422147957874,0.6996854679180462,0.7922876195573104,0.7756402625625943,0.1353418549228243,0.7158946925330093,0.8694431294985502,0.2373791498599501,0.76173044874759,0.8131614093369767,0.1761567728976746
100,0:07:33.43,0.7258996963500977,0.5901792645454407,0.5799723863601685,0.8016973733901978,0.6382961273193359,0.4234592616558075,-0.6631353497505188,-0.8384096622467041,-0.6783334612846375,-1.1445772647857666,-0.2972148954868316,-0.8902470469474792,0.2751458340882832,0.162880133892613,0.3171152096024203,0.6628113490133956,0.5514217914719513,0.5810997750861944,0.4302120400583282,0.3182967969243483,0.4227090357959299,0.0523922460417915,0.5544390082198601,0.1506454152417548,0.7297295312092291,0.6008496111522016,0.3860659773284006,0.3233271601087665,0.5730032493927968,0.2448136400764131
101,0:07:35.43,0.7919433116912842,0.7058548331260681,0.6277996897697449,0.4610472917556762,0.5819017887115479,0.6649669408798218,-0.5037181377410889,-0.4017214477062225,-0.4352228343486786,-0.3635457158088684,-0.6250731348991394,-0.5946177840232849,0.3600890752480171,0.4164768087025768,0.447070386161648,0.7499953871524583,0.6840815885702998,0.631017933460258,0.5160516000097936,0.523518720649666,0.520649405081092,0.4296623169085467,0.4063642484754666,0.3029735903657351,0.2239544986898669,0.5362827394870481,0.6477623697590734,0.3473791896210748,0.4583316448800992,0.4408891021230704
102,0:07:37.98,0.5851901769638062,0.7502651214599609,0.7502651214599609,0.7275131940841675,0.7502651214599609,0.7502651214599609,-0.2842343747615814,-0.2357376217842102,-0.2357376217842102,-0.3136294782161712,-0.2357376217842102,-0.2357376217842102,0.4770379415242091,0.51286811243939,0.5537055273173639,0.477061007495474,0.7350124801297127,0.7588371575990002,0.477047167912715,0.601725859515519,0.6357581794300184,0.453773894115213,0.5822047662181149,0.4878929033638337,0.6195856982152748,0.7290448848911804,0.7401910089246925,0.5200986157552376,0.6409408136873411,0.5888121455881772
103,0:07:41.79,0.780608594417572,0.6141611933708191,0.6635783910751343,0.795422375202179,0.714897632598877,0.7658736109733582,0.1251901090145111,-0.6598833799362183,-0.3608695566654205,-0.2391556203365326,-0.2483103573322296,-0.3117307126522064,0.6951940755057455,0.2665551817932408,0.4868160503099719,0.7350324506447935,0.5789249008237262,0.6683607638282176,0.7111294255613647,0.391503069405435,0.5594339357172702,0.4897478028219443,0.5765263827834332,0.4487361272739071,0.7204128229983408,0.6885520238915305,0.7571042822834217,0.5820138108925028,0.6213366392266721,0.572083389277713
104,0:07:45.91,0.6079598069190979,0.6903485655784607,0.6903485655784607,0.650582492351532,0.8275643587112427,0.6099046468734741,0.4647713601589203,0.3986141979694366,0.3986148536205292,0.6090599894523621,0.3218392133712768,0.4041503965854645,0.8761352157107156,0.8812533969345399,0.892799663106508,0.507119148258651,0.66629859141836,0.6963012437485385,0.7285287887298897,0.7952714747280679,0.8142002953633203,0.8994705132995586,0.8340302382656801,0.8176064545793191,0.5053640077819032,0.8175461432555884,0.5880971709268145,0.7418279110924965,0.8274366002616433,0.7258027411183172
105,0:07:48.38,0.5794129371643066,0.7861563563346863,0.8506755828857422,0.8641112446784973,0.8883504867553711,0.782799482345581,-0.6734549403190613,-0.5028964281082153,-0.7149688601493835,-0.3237617015838623,-0.4057179987430572,-0.494909256696701,0.2696471839783969,0.3577217570442497,0.2975316982282345,0.4694344853492224,0.7761734961896556,0.8636372395300536,0.3495621045267271,0.5251024527024121,0.5239739147489622,0.4488796172668911,0.5054343805643637,0.3543501620275624,0.8223975782240165,0.8871412520083101,0.7754450633761328,0.5982868016497414,0.6581171291419423,0.5227881225669906
106,0:07:51.52,0.7090396881103516,0.4688380062580108,0.7859610319137573,0.5948007106781006,0.8029324412345886,0.7866838574409485,-0.3627954125404358,-0.4719381928443908,-0.3540337383747101,-0.7966951131820679,-0.5590185523033142,-0.440585047006607,0.4351777866909063,0.3757000428314028,0.4904701479695122,0.640554487486279,0.4122644317841202,0.7960935777671968,0.5173284670090554,0.3903257984124898,0.6127195198885861,0.2204335039919089,0.4361973143316905,0.3823416661340635,0.4225428550480046,0.7893446270423609,0.7796541508576216,0.3012772444143472,0.5774562394159587,0.5412666600234868
107,0:07:55.90,0.80817711353302,0.4435004591941833,0.6982019543647766,0.6788167953491211,0.8213269114494324,0.6975228190422058,-0.0846372544765472,-0.2158311456441879,-0.1232429593801498,0.1102828085422515,0.0518362633883953,0.0591978803277015,0.5833904872089071,0.5244283423430196,0.6138397300009077,0.7714255949265207,0.3832066636339308,0.7044979572837181,0.6586045302959526,0.4679396708593841,0.6501030209140319,0.6585408061255356,0.7120853939919516,0.6398636060324074,0.5472844601365519,0.8104047800121537,0.683039740213227,0.6140382677299421,0.7514131484000324,0.6571340597047353
108,0:07:58.61,0.7742993235588074,0.7055712342262268,0.6950982809066772,0.6531285047531128,0.7530901432037354,0.7462601065635681,0.3895442187786102,0.1972081661224365,0.2380580902099609,0.3036629259586334,0.3235175907611847,0.3307818174362182,0.8360514811410313,0.7642914587315245,0.8069737870443525,0.726703595412709,0.6837563498619718,0.7012586012636637,0.7923123268497024,0.7320774151837034,0.764687712732077,0.7519512844826112,0.8347882650556017,0.7798020042935239,0.5091441610084209,0.7322793020487275,0.7358511968185734,0.654828435092935,0.793784679852852,0.7622216813035436
109,0:08:01.25,0.5739359855651855,0.1215873062610626,0.4554455280303955,0.5883619785308838,0.5939785838127136,0.5575762391090393,-0.5814275145530701,-0.4829643666744232,-0.7779415249824524,-0.1325089782476425,-0.6315957307815552,-0.849416196346283,0.3186827160995313,0.3692968450210034,0.263869558979413,0.4622043730266799,0.014028157961564,0.4511290054047589,0.3760913788703908,0.2271893701972276,0.3387733375495514,0.5412624775764813,0.4034183660723592,0.1716842288535012,0.412983045329139,0.5501096749325795,0.5313943961844363,0.4899507046775444,0.4620948896164473,0.3155682957858752
110,0:08:03.54,0.6044826507568359,0.5817306637763977,0.5753136277198792,0.5199139714241028,0.6155674457550049,0.5935332775115967,-0.2676436305046081,-0.1090103536844253,-0.1033624559640884,-0.5305952429771423,-0.6277435421943665,-0.2801818549633026,0.4858780885364162,0.5864620697017219,0.6244668850705262,0.5025289616993597,0.541732712978207,0.5762373505911113,0.4925384378015936,0.5685703270123159,0.6051750712787602,0.3489705868041886,0.4051581786833235,0.464992230852629,0.3113559068467234,0.5748271432607236,0.5703572451616408,0.3339247148212025,0.4730257645142835,0.5071382365762337
111,0:08:08.08,0.6838083267211914,0.6620965003967285,0.6620965003967285,0.8226909637451172,0.7794877290725708,0.8226909637451172,0.4583910405635834,-0.0356249287724494,-0.0356245078146457,0.4369642734527588,0.0497039891779422,0.4369642734527588,0.8727355512752918,0.6290789737479568,0.6606763141788617,0.6072466202187343,0.6338983769166646,0.6668140896838648,0.7665399788526688,0.63100673501544,0.663131424380863,0.8163412683208059,0.7111223680451645,0.8345143815297701,0.7608994454905046,0.7625023631066258,0.8186712531375383,0.7941645391886853,0.731674366069749,0.8281771301728774
112,0:08:09.53,0.5433870553970337,0.7489612698554993,0.7489612698554993,0.6528656482696533,0.6528656482696533,0.7003018856048584,-0.002271756529808,-0.6165706515312195,-0.6165706515312195,0.3066325485706329,0.3066323697566986,-0.3396823704242706,0.6272777956566146,0.2917080563951189,0.350130618872924,0.4218767943632694,0.7335171886743378,0.7574763058208763,0.5451173951392765,0.4684317093068064,0.513068893652105,0.7533857332379069,0.8271621793182047,0.43433354419403,0.508753888838716,0.617530512332094,0.6860511214500791,0.6555329954782305,0.7433095125237603,0.5350205750964496
113,0:08:11.72,0.9030381441116332,0.4965762495994568,0.5106675624847412,0.9276646971702576,0.5706362724304199,0.5822978019714355,0.3111270368099212,0.0786536633968353,-0.0353271923959255,0.0209487192332744,0.1549496799707412,0.1644112467765808,0.7942679778726448,0.6954436476986618,0.6608352446140325,0.8966514424993899,0.4440753818290815,0.5087651685399375,0.8352213637233428,0.5948963413508297,0.6000072141843945,0.6153887999760225,0.7586558093465375,0.6940766428315354,0.916757601114674,0.5233846514533526,0.5581825456839653,0.735936320431483,0.6645473461892635,0.6397190039725074
114,0:08:13.63,0.8344670534133911,0.7356076240539551,0.7356076240539551,0.8706436157226562,0.7139502763748169,0.8071670532226562,-0.0628161132335662,-0.0350782312452793,-0.0350779183208942,0.0532853566110134,-0.0375458411872386,-0.2219643592834472,0.595017578409533,0.6293964558104463,0.6609684944716822,0.8061308894408045,0.718202874992609,0.7435388818293083,0.6794629028220416,0.6649190234833114,0.6939966494147326,0.6310087137824146,0.6717166245987843,0.4949898190124809,0.8320964168722712,0.6874673790628096,0.8018496291080336,0.7114437950183572,0.6780169263843945,0.6177337430507019
115,0:08:18.86,0.9489532709121704,0.8916146755218506,0.8900100588798523,0.9678956270217896,0.9290175437927246,0.8913830518722534,0.6813767552375793,0.6030933856964111,0.5949196815490723,0.5537331700325012,0.6893194913864136,0.2575511038303375,0.9915503837389812,1.0,0.9977347245409176,0.9572639051190962,0.897115881840873,0.9046912915517622,0.9778357922910272,0.9588463527363492,0.9605173513452554,0.8727454045498474,1.0,0.7420685916527358,0.9764898629016346,0.9337016819655056,0.8931056218878879,0.9142431878905622,0.9734806727862022,0.8024834037467967
117,0:08:24.24,0.6558504104614258,0.1534228771924972,0.1831436455249786,0.8148345351219177,0.2136435955762863,0.3921036124229431,0.203861653804779,-0.3090114295482635,-0.5048159956932068,0.0429590307176113,-0.6280490159988403,-0.3804515898227691,0.7371131124610101,0.4703160274943407,0.40986924985663,0.5703394335832376,0.0505380314992116,0.1669229656024106,0.670403640909901,0.3024048290962891,0.3126907361549422,0.626020677503086,0.4050202136887979,0.4133264871430001,0.7492347324708614,0.1146574472538649,0.3520891683386089,0.6753062994901962,0.2888751071148247,0.3888315596212436
118,0:08:25.94,0.9027591347694396,0.1093551516532898,0.2343552410602569,0.9046079516410828,0.2851636111736297,0.5224544405937195,-0.245335191488266,-0.6292374730110168,-0.146776333451271,-0.238543301820755,-0.2316798418760299,-0.6485298275947571,0.4977648295688104,0.2843520900540803,0.60125992704868,0.8962831228517556,0.0,0.2203733664043644,0.6571721468819884,0.1706112540324481,0.4489053027909538,0.4900435776214938,0.5840374326353946,0.2751944620980687,0.8825244485381232,0.1965419729449903,0.4933366085535483,0.6470359259881455,0.4290392487592329,0.3624513206802605
119,0:08:33.36,0.6102017164230347,0.5834060907363892,0.6106345653533936,0.5834060907363892,0.6106345653533936,0.6192454099655151,-0.1958898156881332,0.12209253013134,-0.1661496460437774,0.1220923364162445,-0.1661494076251983,-0.1311702728271484,0.5241111094207996,0.7206697742452082,0.590903891649374,0.5100786882942139,0.5436541368647959,0.6131024053405112,0.5184981409701653,0.6498635192930433,0.5997832971258288,0.6642452894127479,0.613633770751012,0.5417730682927909,0.4056248662311164,0.5691794015956337,0.5982187704204244,0.5607971201400953,0.5958520230888606,0.5643513491438443
120,0:08:35.43,0.8042776584625244,0.774875819683075,0.774875819683075,0.8781172633171082,0.8060407042503357,0.8818572163581848,0.0580467507243156,-0.0466098152101039,-0.0466098152101039,0.0968372225761413,0.0267459526658058,0.0525635294616222,0.6594176721699431,0.6226997526446678,0.6548041004458511,0.7662779324638991,0.7632366788329276,0.7845237559229129,0.7021617762875254,0.6789145231199717,0.7066919626366759,0.6520460400985751,0.7007535398990995,0.6364451401113893,0.84319280157585,0.7929033321215188,0.8827834789360381,0.728504744689485,0.7376134567880672,0.7349804756412488
121,0:08:38.97,0.8918251991271973,0.8918251991271973,0.8576547503471375,0.8888728618621826,0.960002064704895,0.9900310039520264,0.3273330330848694,0.3273327052593231,0.4835697114467621,0.4867220520973205,0.5290340781211853,0.4601157605648041,0.80290311728115,0.8398583033073915,0.9382124189679804,0.88184925733548,0.8973573158715191,0.8709215136124449,0.8344815733028821,0.8628579083330425,0.9112960568257662,0.8403763033971692,0.9276082733125036,0.8464435922861778,0.8591620130840294,0.9691764057539336,1.0,0.8478905872719132,0.9442355262890756,0.9078661553717068
122,0:08:40.14,0.7484608888626099,0.6510053873062134,0.9027101397514344,0.8086581826210022,0.8421585559844971,0.5807821750640869,0.1210831999778747,0.0711511969566345,-0.1427620202302932,0.2356814444065094,-0.7540361881256104,-0.1999872922897339,0.6930057662239381,0.6910867622166245,0.6034057846361134,0.6925943319453876,0.6211787955025735,0.9179465788691756,0.6928411925125179,0.6631235755310041,0.7292221023293384,0.719113458153581,0.3481190350666366,0.5063138891556597,0.7400644869449755,0.8342552967922878,0.5565402207061492,0.7274938696701387,0.5425735397568971,0.5264044217758554
123,0:08:43.96,0.6505734920501709,0.6225711703300476,0.6171751022338867,0.6749838590621948,0.6056509613990784,0.4716027379035949,0.2420569509267807,-0.0947816222906112,-0.1754696667194366,0.292154312133789,-0.1705406159162521,-0.2467193007469177,0.7574649445731534,0.5947250794374721,0.5859218596102727,0.56337338465259,0.5885696845123009,0.6199288733321497,0.679828320604928,0.5922629214674036,0.5995246650990236,0.7463921549455718,0.6116505138597076,0.4822344002114729,0.5415935662261119,0.5634735856415517,0.4382339833048539,0.6644727194577877,0.5923797425724452,0.4646342334488253
124,0:08:46.95,0.9218824505805968,0.6727467775344849,0.7635868787765503,0.8962497711181641,0.6898621916770935,0.7662740349769592,-0.0961223095655441,0.0300961919128894,-0.0261174850165843,0.0310590863227844,-0.3688145577907562,-0.0151282623410224,0.5772708355611302,0.6672450087258512,0.6657583085031993,0.9215277719584428,0.6461123960174322,0.7727412990442233,0.7149736101200552,0.6587919636424837,0.7085515047196089,0.6202725193511807,0.5221015479430106,0.6015657543084577,0.8701147670095059,0.6598885065778601,0.757538179530589,0.7202094184145107,0.5772163313969504,0.6639547243973103
125,0:08:49.70,0.5119675397872925,0.5064994096755981,0.6135414838790894,0.5046119689941406,0.4280350506305694,0.3514527380466461,-0.0498452596366405,0.1585002243518829,0.0325316153466701,0.1057834029197692,0.1804484874010086,-0.1144351065158844,0.6019289170990221,0.7418127084586794,0.6971092794122347,0.3803999576837628,0.4554555238800609,0.6161364049390988,0.5133173333329184,0.6272698346272321,0.6647201296229803,0.656367409826403,0.7701721579695687,0.5503961569524709,0.2886364912531909,0.3601180006769305,0.3080401045257693,0.5092750423971182,0.6061504950525134,0.4534537359817903
126,0:08:53.80,0.4920029938220978,0.4444952607154846,0.4389691352844238,0.509576678276062,0.4798837602138519,0.4309715628623962,0.5315585136413574,0.4453157782554626,0.4376137554645538,0.5702638030052185,0.4665225744247436,0.2676072120666504,0.9117218202756936,0.9083742696179696,0.913646588798865,0.3540448024145277,0.3843475282917687,0.4339323180756965,0.6886510131312271,0.6987635730874894,0.7217608805095975,0.8807303740190817,0.8993754129527836,0.7472501782160375,0.2960077679206276,0.4194805016001224,0.394206265583141,0.6468413315797001,0.707417448411719,0.6060326131628788
127,0:08:57.41,0.5680029392242432,0.3659560084342956,0.5570270419120789,0.6394633054733276,0.7591769695281982,0.6239336729049683,-0.1801513433456421,-0.1286438852548599,-0.4202573597431183,0.3251366913318634,-0.1445587575435638,0.0576363317668437,0.5324971352132652,0.5750603461029342,0.4550702046770704,0.4543721709917472,0.2942766395144524,0.5571513344162603,0.501247149524658,0.4627468634675414,0.4959026565727463,0.7623239883698574,0.6233850288840821,0.6390589906831349,0.488854964020844,0.7392482167277872,0.6032989463467695,0.652936378630252,0.6697303040215641,0.6247549729485887
128,0:08:59.60,0.819959282875061,0.6955702900886536,0.801456093788147,0.8280888199806213,0.8332681655883789,0.7342970967292786,-0.439021348953247,-0.5035912394523621,-0.3986401855945587,-0.0260052345693111,-0.332556664943695,-0.2713911235332489,0.3945618580987229,0.357318261276265,0.4666256998793746,0.7869792119714193,0.6722870029950261,0.8122660336139721,0.5515287996478015,0.4833057579637694,0.6048818333732136,0.5927081265745696,0.5384771582732264,0.4695218097701547,0.7689138305155934,0.8240765322224698,0.7228881451826777,0.6631904081509792,0.6527169078529238,0.570868343935164
129,0:09:04.58,0.3092428147792816,0.4850168228149414,0.5073264837265015,0.5761827826499939,0.4514031112194061,0.3243421018123626,-0.5406784415245056,-0.6744586825370789,-0.6442789435386658,-0.0759768635034561,-0.3056825399398803,-0.347441166639328,0.3403952921361529,0.2580909087699426,0.3353191068244159,0.1127834732511298,0.4308187259023101,0.5052780286281222,0.2493505645821436,0.3271820356228896,0.4033026755458985,0.5685697930923844,0.5506146589516103,0.4303356880382894,0.3949001693082089,0.3868725048763039,0.2786631682651571,0.4991019435787142,0.4851177973214877,0.3696666801290365
130,0:09:08.28,0.7478559613227844,0.7492128014564514,0.7492128014564514,0.8735959529876709,0.5822573304176331,0.5784592032432556,-0.5422350764274597,-0.4789395034313202,-0.4789394438266754,-0.6975011229515076,-0.7964237332344055,-0.570077121257782,0.3395658609079147,0.3716341921282292,0.4237016022673082,0.6917957683684081,0.7338056517573861,0.7577388335696161,0.480457823892112,0.5165027759798919,0.5573164947882314,0.2683482441491552,0.3289750124262715,0.315618598300422,0.8364798547656546,0.5366898054492553,0.5540230612220991,0.495600888395755,0.412060929635465,0.4109803834690929
131,0:09:11.96,0.9254342913627625,0.2568799257278442,0.8660654425621033,0.956555724143982,0.9366508722305298,0.8663942813873291,0.4590589106082916,-0.4601338505744934,0.2994026243686676,0.5387024879455566,0.6188781261444092,0.2243756651878357,0.873091416526954,0.3825551441331743,0.8397656064231012,0.9262165495278784,0.169185307112358,0.8796998940790739,0.8943414697273238,0.2972072093248478,0.8557393214854903,0.865484972492339,0.9681856760623924,0.7249743636410598,0.9596531144139504,0.9424412141559526,0.8660279276787651,0.9031522292609836,0.9578878912998164,0.7813957892561421
132,0:09:13.09,0.6688408851623535,0.6688615083694458,0.632297694683075,0.9804308414459229,0.9195569157600404,0.632297694683075,0.364548921585083,-0.0088955573737621,-0.2321793138980865,0.4413060247898102,0.6257908940315247,-0.2321793138980865,0.8227330851497414,0.6446014437408797,0.555607626519778,0.5874881319989634,0.6416566667270479,0.6357125765955424,0.7286351038894302,0.643423532935347,0.5876496065500838,0.8184385111745176,0.9713077767785074,0.4897263840600984,0.9951013320449336,0.922870042280778,0.6123621543266359,0.889103639522684,0.9519326829794156,0.5387806921667134
133,0:09:14.66,0.7602536082267761,0.612246572971344,0.5783745646476746,0.6253121495246887,0.5848544239997864,0.5854544639587402,-0.3711576759815216,-0.307074099779129,-0.2403833270072937,-0.1804384887218475,-0.2702105343341827,-0.2191733866930008,0.4307220710805031,0.4714410873679622,0.5512221581199039,0.7081618760523735,0.5767291635835181,0.5794321017780267,0.5416979930692513,0.5135563178541845,0.5625061355831531,0.5181105705416131,0.5666353290959102,0.4964279167072709,0.4678442502533118,0.5396632636395802,0.5616030872454385,0.4980040424262926,0.5558465029133782,0.522497984922538
134,0:09:18.45,0.8051242828369141,0.7041052579879761,0.6967441439628601,0.5731631517410278,0.4670153856277466,0.7114064693450928,0.0272569358348846,-0.2715999484062195,-0.2507916390895843,-0.0362236984074115,-0.4632583558559418,-0.0784862190485,0.6430117481266735,0.4920418879628251,0.5456583781593761,0.7673955595254239,0.6820751295947743,0.7029764161276333,0.6927652726861737,0.5680551846156048,0.608585593346679,0.5877721920641142,0.4794467019555549,0.5689194532306481,0.3904168181994975,0.4047472728585153,0.6980839872935213,0.5088300425182676,0.449566930316739,0.6205852668557974
135,0:09:29.24,0.7005417346954346,0.6442630887031555,0.6360152959823608,0.6623441576957703,0.6985413432121277,0.6759780049324036,-0.8176554441452026,-0.4301178157329559,-0.0594222210347652,-0.2813970148563385,-0.430490106344223,-0.2558736801147461,0.1928119538456901,0.399986268613609,0.6479552083094702,0.6293363570008017,0.6134465493970814,0.6395926993956963,0.3674217151077348,0.4853703809269979,0.6446102047439606,0.4693434876251083,0.4942462405683092,0.477517445300783,0.522826961682928,0.669825420054625,0.6596938981835211,0.4907368772482361,0.5644779123628355,0.5503880264538783
136,0:09:32.06,0.4580237865447998,0.3914796710014343,0.3914795517921448,0.7773791551589966,0.6363010406494141,0.2769117057323456,-0.4759424328804016,-0.2891639173030853,-0.2891643345355987,-0.6230421662330627,0.0612167045474052,-0.1957942396402359,0.3748889727410393,0.4818420154670724,0.5251461921040381,0.3091889221315533,0.3235478498392433,0.3843666436410546,0.3486089524972449,0.4185243492159407,0.4688343727188447,0.3043149549876994,0.716322001171343,0.508474433250581,0.6936234262064576,0.5985654012801149,0.2272678520351289,0.4600383434752026,0.6692193612148518,0.3959918007644001
137,0:09:34.05,0.3316119313240051,0.6593483090400696,0.5861379504203796,0.4444092512130737,0.3763020932674408,0.3544835150241852,-0.712611734867096,-0.13140170276165,-0.3657534718513489,-0.8932110667228699,-0.3650619685649872,-0.348181277513504,0.2487830313539042,0.573458806775406,0.484205345593823,0.1423128971007672,0.6307466784877289,0.5875348776590363,0.2061949776526494,0.5963739554603351,0.5255371584199084,0.1738123647052706,0.5237963772357598,0.4299543328986206,0.199251420809728,0.3008880265095822,0.3113242377832804,0.1839879871470535,0.4346330369452887,0.3825022948524845
138,0:09:38.92,0.795320987701416,0.6836892366409302,0.7131668329238892,0.8331857919692993,0.7785416841506958,0.7823994755744934,0.1217867881059646,-0.1079849898815155,-0.2590650022029876,0.0825952738523483,-0.2144574075937271,-0.269180566072464,0.6933806633588719,0.5870575262362245,0.5412358386032416,0.7544542501715016,0.6586614971165654,0.7201170519160287,0.7178100980839238,0.6156991145883608,0.6127883239283565,0.6451665984020848,0.5918158182667483,0.4706608383652177,0.7764814822271514,0.7614192196108753,0.7750116182398215,0.6976925519321115,0.6596571788043992,0.5924011503150592
139,0:09:43.63,0.7765570282936096,0.8240665197372437,0.8546961545944214,0.7354569435119629,0.7544542551040649,0.7897768616676331,0.6346704363822937,0.558081328868866,0.5048221945762634,0.6256468892097473,0.5800017714500427,0.6169077157974243,0.9666635722322456,0.9738602793532354,0.9495729679996108,0.7296839866994197,0.8196498728062366,0.8678335776256683,0.8718717380191152,0.9121761167344358,0.9168772118500336,0.907482661919068,0.9506274567191024,0.9272334037495652,0.6313800594726998,0.733841097792411,0.7830057132199322,0.7970416209405207,0.863912913148426,0.8695423275377121
140,0:09:47.19,0.8937832713127136,0.7318044900894165,0.7318045496940613,0.9526591300964355,0.7704454064369202,0.7704454064369202,-0.0187146961688995,0.1974404454231262,0.1974404007196426,0.3697583675384521,0.4739636182785034,0.4739637374877929,0.618516404276519,0.7644263496132124,0.7852615358126008,0.8844341043221142,0.7138413405193907,0.7395695493628764,0.7248834842947571,0.7441923459756837,0.7669847412327111,0.7838780766351844,0.9027361056194312,0.8535790058544171,0.9538677056107112,0.7521496486394622,0.7620582546936958,0.8518739282253951,0.8425015228274437,0.8169707053901287
141,0:09:48.99,0.8449262976646423,0.7825609445571899,0.8496147990226746,0.8737918138504028,0.7786811590194702,0.9072479009628296,0.1293015033006668,0.0689536482095718,0.0141902789473533,0.3123843967914581,0.3396652638912201,0.331104964017868,0.6973847746902916,0.6898105861339373,0.6873048885464529,0.8199381158471122,0.7720501830065851,0.8625300816285554,0.7464061111530198,0.7227064248829964,0.7573949657792939,0.7561641103581757,0.8420812427262163,0.779968511250898,0.8367706562054846,0.7615789068450018,0.9102966850739564,0.7884067286970993,0.8098803083737305,0.8320997807801214
142,0:09:52.85,0.7336528301239014,0.8412877321243286,0.427312970161438,0.8686951994895935,0.8324712514877319,0.7450497150421143,-0.0928670167922973,0.1203290969133377,-0.048487152904272,0.1214049160480499,0.0948677957057952,0.1825251430273056,0.5790053729777492,0.7196457008091861,0.6538005665626072,0.6730462446522933,0.839399613992647,0.4217665831259201,0.6166217216475669,0.7675472660825704,0.5609869731879324,0.6639132373575347,0.7315202687132757,0.7034101463317134,0.8292035354764703,0.8231641312309007,0.7345396232255063,0.730029356605109,0.7681778137203257,0.7158619370892305
143,0:09:54.58,0.7738065719604492,0.7569827437400818,0.2664185166358948,0.7525660395622253,0.7495896816253662,0.5040136575698853,0.3048132956027984,0.3832236230373382,-0.684658944606781,-0.1321979165077209,0.2395709156990051,0.4623689949512481,0.7909037888041203,0.8723156731851119,0.3137339123209643,0.7260531150608627,0.7427164267763464,0.2538383446505655,0.7649635193068172,0.8204759746216057,0.2897756852528048,0.5414127330748896,0.7968743673800252,0.8476046109174817,0.6567825298601352,0.7282715619265985,0.4733542775302027,0.5875606517889879,0.7694332451986545,0.6979044775625701
144,0:10:02.13,0.8334484696388245,0.5197523832321167,0.5712820887565613,0.8839497566223145,0.7067365050315857,0.6370773315429688,0.6358408331871033,0.3380105793476105,0.1907705068588256,0.471417635679245,0.6586291193962097,0.1995478421449661,0.9672872018691612,0.8460592340233225,0.7816961333238726,0.8047862591356512,0.4706543839723895,0.5720295657879686,0.9022868247757572,0.6958972940029493,0.697829506309511,0.8329836465010616,0.9861389194700076,0.7121813913249492,0.8518525073858566,0.6792082051804893,0.6175413425304307,0.8405311908549796,0.8633666337542003,0.6743253718071418
145,0:10:04.73,0.7505578994750977,0.8334631323814392,0.817345380783081,0.8743489980697632,0.8526732921600342,0.8602562546730042,-0.4290711879730224,-0.2384708225727081,0.0071793422102928,-0.3712741136550903,-0.375086635351181,-0.1249608993530273,0.3998636627976497,0.51128086870697,0.6835571810398193,0.6953625912581562,0.8304261563558774,0.828849948828085,0.5180632341818523,0.6389389837665329,0.7416742881551257,0.4259291857604516,0.5192688102954136,0.5449725571411552,0.8375979270087501,0.84629380345801,0.8593767957025765,0.590596682259771,0.6500788075604522,0.6707342525657238
146,0:10:08.30,0.8670629262924194,0.5316834449768066,0.5536545515060425,0.8984442353248596,0.5388461947441101,0.8402898907661438,-0.2295142561197281,-0.614139974117279,-0.5635724067687988,0.3063123524188995,-0.623560905456543,0.0756909847259521,0.5061947946362134,0.2931196166094462,0.3784609158337551,0.8491606328850433,0.4843372406865558,0.5536314096410361,0.6433811299357454,0.36960666624029,0.4485291133566675,0.7532310654462998,0.4070472357683657,0.6483619680357624,0.8733729643954523,0.4869876315242322,0.8377413536281375,0.8012878250259609,0.4390233940707123,0.7241137222727124
147,0:10:16.94,0.9017263650894164,0.9124810695648192,0.9124810695648192,0.3988308310508728,0.9270244836807252,0.8937965035438538,0.048670656979084,-0.1818485856056213,-0.1818487793207168,0.1665596663951873,-0.1518193185329437,-0.2506877183914184,0.6544217512019465,0.5441629354471154,0.5825118947114164,0.8949197657625525,0.9210460136213362,0.9281446621211108,0.7506209570261888,0.6949161667168037,0.7207650016752941,0.6857248221593916,0.6201058499741998,0.4801896032521421,0.131579554039266,0.9314197923352824,0.8957208248404107,0.4640667149113414,0.7446314269186328,0.6464020918874496
148,0:10:18.84,0.805706799030304,0.6975187063217163,0.6975187063217163,0.8776110410690308,0.7672867774963379,0.7600318789482117,-0.0468608103692531,-0.1589387655258178,-0.158938854932785,-0.0331347770988941,-0.3433214724063873,0.0893306285142898,0.6035191393256765,0.5574672885285152,0.5947584316329658,0.7681645379309634,0.6745214981897575,0.7037848398467976,0.6693772987677913,0.6042889723930122,0.6383689949184985,0.5892642669521169,0.5336153122461444,0.6553900342937072,0.8424411957850783,0.7485332787257587,0.7507742136022121,0.6905350384853015,0.6195824988379901,0.6935437060171092
149,0:10:23.48,0.8800439834594727,0.7976638078689575,0.6801857352256775,0.900838017463684,0.8845623731613159,0.8243831396102905,0.230452075600624,0.3226888179779053,0.1954168975353241,0.4560551047325134,0.0582886673510074,0.1667746305465698,0.7512814483807845,0.8371614721735375,0.7841798689315577,0.866296899234047,0.7893705455267545,0.6856941273335789,0.7972876287220895,0.8180451015148242,0.7447855722923662,0.8255629179190237,0.7149995747313169,0.6952944178692263,0.8769270960524855,0.8828041740263971,0.82050488559468,0.8461085891724084,0.782121414449349,0.7453786049594078
150,0:10:29.87,0.5185730457305908,0.5065151453018188,0.4594531655311584,0.5620144009590149,0.7599111795425415,0.5322669148445129,-0.1299843788146972,-0.0927432775497436,-0.234685868024826,-0.0932489484548568,-0.5822859406471252,-0.4255848526954651,0.5592279035706481,0.5959088014413837,0.5542677439807004,0.3891198722298277,0.4554735699117966,0.4553118438507346,0.4911846910343199,0.5397347088295489,0.5146853839287141,0.5602266720978901,0.4256887697086696,0.3900707799684652,0.3738638798814829,0.740088826706407,0.5039693516634253,0.4856815552113273,0.5514487925077646,0.4356302086464492
151,0:10:32.98,0.7224462628364563,0.6998347043991089,0.7014856338500977,0.8010464906692505,0.7426701188087463,0.6109188795089722,0.0251914523541927,0.2249692976474762,0.2351866513490677,0.0503854043781757,-0.0545242242515087,-0.2065991014242172,0.6419111840207006,0.7804130997772311,0.8054388547838853,0.6582524786728092,0.6771775459515881,0.7079251886121124,0.648447701881544,0.7391188782469739,0.7664333883151762,0.6296079186598283,0.664048462903057,0.5029070382581483,0.7287631429794837,0.7203492325689143,0.589196187830327,0.6692700083876905,0.6865687707693999,0.5374226980870198
152,0:10:36.70,0.8471190929412842,0.7493259310722351,0.7493259906768799,0.7218526005744934,0.6613722443580627,0.5961998701095581,-0.4008212983608246,-0.390889972448349,-0.390889972448349,-0.758011519908905,-0.5038641691207886,-0.5067439675331116,0.4149162230313767,0.4227669397782999,0.4707685887793018,0.8228328202942001,0.733935391788577,0.757856971056549,0.5780828619365062,0.5472343205824107,0.5856039416902007,0.2391192561803631,0.4611073853832589,0.3482521192052837,0.6111812180146624,0.6272698640384332,0.5732467502291859,0.3879440409140828,0.5275723768453286,0.4382499716148446
153,0:10:40.54,0.6998345851898193,0.6411547064781189,0.6741834878921509,0.754851758480072,0.7989804148674011,0.7499961256980896,-0.1452881544828415,-0.1764121800661087,-0.0473504029214382,-0.2555597126483917,-0.330908864736557,-0.1210129261016845,0.5510734998469351,0.5473200034004825,0.6544082180938658,0.6284028504211107,0.6098817745674677,0.6794294811663169,0.5820052400766054,0.5723447118672765,0.6644167233228463,0.4818239576493559,0.5392213751036958,0.5470068197674824,0.6601762162918453,0.7848198824391454,0.7398995265971448,0.5531648611063518,0.6374607780378756,0.6241639024993473
154,0:10:44.67,0.7137714624404907,0.5617764592170715,0.5617764592170715,0.8635175824165344,0.7109953165054321,0.7109953165054321,0.3498418033123016,0.3859774768352508,0.3859772980213165,0.507688045501709,0.2860050499439239,0.286004900932312,0.8148966020092905,0.8739149106795295,0.8860442374393062,0.6468008928584426,0.5188487041889693,0.5621083808795504,0.7476583183489514,0.7318884280833055,0.7564698948154038,0.8505037327280675,0.8178460022078706,0.7567299108503661,0.8215161472012817,0.6840841934563754,0.69763846433863,0.8389086985173531,0.7643412787072725,0.7330933322456716
155,0:10:45.99,0.5468381643295288,0.5582808256149292,0.4653120040893554,0.5825843214988708,0.6397388577461243,0.5151594281196594,-0.02975869551301,-0.3412612080574035,-0.4722950756549835,-0.3014366328716278,-0.4924279153347015,-0.4622960984706878,0.6126317630396666,0.4515877075604452,0.4272533599578685,0.4264325960291585,0.5148398192525867,0.4614268118749948,0.5381520962354633,0.4768885522373018,0.440922740724719,0.4596635353636734,0.4662724851983078,0.3711546651692967,0.4044047568425176,0.6025014186317025,0.4854317731738522,0.4375600239552111,0.5207640585716656,0.4168655083711189
156,0:10:48.47,0.5803125500679016,0.7482513785362244,0.768085777759552,0.3797793388366699,0.6601993441581726,0.6370496153831482,-0.2292235493659973,-0.3702744841575622,-0.3086500167846679,-0.1893085241317749,-0.3549106419086456,-0.3740731179714203,0.5063496936811639,0.4347389122429761,0.5147300893241219,0.4706220624570508,0.7327030665608057,0.7774368753350126,0.4920586411915187,0.553924573970108,0.6198128037284782,0.5138259819202219,0.528381149173836,0.4166131069031177,0.103293140462184,0.6259269899388,0.6175113094521436,0.3496128453370067,0.5673994854798217,0.4969723879227281
157,0:10:51.27,0.7888791561126709,0.5246332287788391,0.2071442604064941,0.8115096092224121,0.5223642587661743,0.3173366487026214,-0.0613774694502353,-0.7140716910362244,-0.2362459599971771,0.1375199109315872,-0.4358082413673401,-0.1146296858787536,0.5957841397129836,0.2350865617321526,0.5534337943081963,0.7459504017977083,0.4762518665509624,0.1919728097148953,0.6558506445468735,0.3315526836596765,0.4088494004708759,0.6716974366894228,0.4918443440436164,0.5502958965148894,0.7442980992639122,0.4681171726917973,0.2710720978194798,0.7007377017192187,0.4823534755028888,0.4386063770367255
158,0:10:52.40,0.847946047782898,0.7286041975021362,0.113178513944149,0.8305352330207825,0.7328853607177734,0.5736169219017029,0.0414756722748279,-0.2307283133268356,-0.8481486439704895,-0.1836567521095276,-0.2106644213199615,-0.4554176032543182,0.6505880038093621,0.5157771535483294,0.2263402306287915,0.8239244816467484,0.7101711604589571,0.0938991848342323,0.7199225949443167,0.5935347563125805,0.1733638123109678,0.5165560181577453,0.5935288925887735,0.3746989307590576,0.7725461051036582,0.7091464906708619,0.5487759918026489,0.6189520529361104,0.6397759318216089,0.4443297551764941
159,0:10:56.93,0.6592273712158203,0.832998514175415,0.832998514175415,0.9162713289260864,0.8563636541366577,0.8736405372619629,-0.3492473661899566,0.3574104011058807,0.3574106097221374,0.3518823981285095,0.3159746825695038,-0.2172437161207199,0.4423966745003602,0.8573252360036605,0.8707738682727202,0.5747973523946817,0.8298933199264077,0.8451873865681441,0.4953569456580888,0.8463524695727593,0.8605392755908897,0.7752432548345345,0.8313815661107794,0.4974222133948129,0.8998414707366892,0.850518963891219,0.8738799306755819,0.8250825411953964,0.8390365252229552,0.6480053003071204
160,0:10:59.61,0.2860059142112732,0.2569291889667511,0.4109280705451965,0.3115395307540893,0.4357320666313171,0.2576099634170532,-0.1367635279893875,-0.3398464024066925,-0.3531956374645233,-0.1386350989341735,-0.1749071925878524,-0.5839124917984009,0.5556157283485055,0.4524093235248244,0.4909181561587489,0.082108489531826,0.1692418034958034,0.4046653887102026,0.3662128328218337,0.339142315513216,0.4564170491793303,0.5383033116009539,0.6096783816579618,0.3084896803923292,0.00197512231736,0.3689304498800546,0.2063525902605617,0.3237720358875163,0.5133792089467989,0.2676348443396222
161,0:11:02.34,0.4795052111148834,0.4892984330654144,0.4892984628677368,0.6741459369659424,0.5037245154380798,0.5577811002731323,-0.3191297352313995,-0.4150163829326629,-0.4150165319442749,0.0552618615329265,-0.3216278851032257,-0.1778665482997894,0.4584444346978052,0.4087560796950698,0.4578716976043813,0.3375465056666816,0.4357289896170379,0.486461881025317,0.4100852630853557,0.419545243663857,0.4693077709727556,0.6319634462166364,0.5434130612173698,0.5177119913971047,0.5403494741259507,0.4467762022141283,0.5316163826147003,0.5953178573803621,0.5047583176160733,0.5232737478841429
163,0:11:10.13,0.6577655673027039,0.7345200777053833,0.7345200777053833,0.7469513416290283,0.8036364912986755,0.8442320823669434,-0.1789418458938598,-0.0054021030664443,-0.0054022558033466,-0.3317780196666717,0.1600310802459716,0.0368620380759239,0.5331415990853516,0.646630187284757,0.6768316675899674,0.5728676281139229,0.7169556481174195,0.7424037914730272,0.5490320106967801,0.674760371617822,0.7030605171431913,0.4450074089096825,0.7609507863654728,0.628354670629951,0.6484461924193127,0.790150706362661,0.8420130907568059,0.5263829223135346,0.772630754364348,0.7138180386806929
164,0:11:11.56,0.8992310762405396,0.8016687631607056,0.7293814420700073,0.9143521785736084,0.7489452958106995,0.9009299278259276,0.0769430473446846,0.0488643608987331,0.1723292022943496,0.2733809351921081,-0.4684007465839386,-0.1763514876365661,0.6694863006487483,0.6781441928315863,0.7718383043146525,0.8916257401849915,0.7939635340282195,0.7370405113132275,0.7583420764632456,0.7244719293102396,0.7579191871140825,0.7373238487312145,0.4771241790477126,0.5184926530398262,0.8969920414123905,0.7275337932564525,0.9034505641443296,0.8011911258036849,0.5772880247312085,0.6724758174816275
165,0:11:15.87,0.811016321182251,0.7701049447059631,0.8890027403831482,0.9275522232055664,0.8013108372688293,0.9161632657051086,0.2684031426906585,-0.2760762870311737,0.1309938877820968,0.4121725857257843,-0.1407316625118255,0.3654671013355255,0.7715031459218715,0.4894423568721902,0.7497424454734589,0.7751736269913387,0.7577653134079624,0.903639936349463,0.7729713383496584,0.5967715394864992,0.8113014418238605,0.8043658727072559,0.625113508175496,0.7976742066180734,0.9165906071046438,0.7874880240972131,0.9199573252563084,0.849255766466211,0.6900633145441829,0.8465874540733673
166,0:11:21.77,0.565950334072113,0.5215271711349487,0.5328285694122314,0.6444762945175171,0.64000004529953,0.6425095796585083,0.3015271127223968,0.3687388002872467,0.2944604158401489,0.5281943082809448,0.3675267994403839,0.5320079922676086,0.7891527920241213,0.8639039442619939,0.8371237409069329,0.4516625312340923,0.4726897576124006,0.5318949829905192,0.6541566877081096,0.7074182696021566,0.7150322377403674,0.8604090934296534,0.8546647001069047,0.8834873285948082,0.496297923331696,0.6028004568624471,0.6234276967001728,0.7147646253904705,0.7539190028091216,0.779463475836954
167,0:11:29.06,0.7722886800765991,0.7722886800765991,0.7722886800765991,0.7269465923309326,0.7269465923309326,0.7269465923309326,0.0062517412006855,0.0062516555190086,0.0062516555190086,-0.1120351403951644,-0.1120354086160659,-0.1120351403951644,0.6318194227125622,0.6533978405620932,0.6830612846272399,0.7240493491675374,0.7602696788045598,0.7818235149432801,0.6687113932945523,0.6961465758590799,0.722566176753656,0.5511521757168918,0.6380739599512253,0.5516327816895233,0.6187444448716888,0.7023470901326443,0.7149231790591423,0.5781890833788106,0.663783212023793,0.6169489406373709
168,0:11:31.32,0.7211000323295593,0.5501481294631958,0.5501481294631958,0.8314537405967712,0.5913771390914917,0.5913771390914917,0.1139634847640991,-0.0633004009723663,-0.0633004456758499,0.2463786602020263,0.0481259450316429,0.0481258817017078,0.6892121251310517,0.6130070773926136,0.645882097091254,0.6564753226032795,0.5055130285171733,0.549971698171163,0.6761174041199428,0.5700094578424375,0.6075179375232176,0.7242806493720897,0.7104096560259449,0.6341585640856455,0.7739098452703592,0.5471312350464891,0.5680208654326995,0.7441323277313975,0.6450982876341625,0.6077034846244671
169,0:11:32.93,0.8302097320556641,0.7945950627326965,0.7945950627326965,0.9075132012367249,0.8429902791976929,0.865733802318573,0.3922812640666961,0.2636255621910095,0.263625293970108,0.2383600026369094,0.2825920581817627,0.1969386488199234,0.8375098776029971,0.8028618396845582,0.8206407769273202,0.8005108084427424,0.7858512275573841,0.8051050604789747,0.8227102499388952,0.7960575948336885,0.814426490347982,0.7204073109495756,0.8163045496090354,0.7108369585924853,0.8868379737299041,0.8352075513499807,0.8653122361938201,0.7869795760617071,0.8238657503054135,0.7726270696330193
170,0:11:39.87,0.6614205241203308,0.6859196424484253,0.6859196424484253,0.8594483733177185,0.7886742949485779,0.8639363050460815,0.3276246190071106,0.3269352912902832,0.3269352912902832,0.2130454331636428,0.204728752374649,0.407880038022995,0.8030584847787968,0.83962751425077,0.854483237799567,0.5776925289455691,0.6612193854027426,0.6916787024286072,0.7129121024455057,0.768264262711559,0.7893614236511831,0.7081793421413358,0.7811381608644378,0.8195282179001291,0.8154744508235605,0.7730202242005355,0.8633644780391875,0.7510973856142258,0.7778909861988769,0.8370627219557525
171,0:11:43.92,0.6378511786460876,0.3994364738464355,0.6570580005645752,0.7678636312484741,0.6275525093078613,0.7173643708229065,-0.682383120059967,-0.2678326070308685,-0.6086552739143372,-0.5244631767272949,-0.45500448346138,-0.5601512789726257,0.2648899277493496,0.4942296851459213,0.3543617967062397,0.546578685402578,0.3326729214850654,0.6615553229406249,0.377565430810641,0.4296069796815789,0.4772392071999938,0.3519326247291226,0.4831745026476357,0.3207330630422091,0.6794953966689606,0.5885490536407333,0.7045399365544762,0.4829577335050579,0.5253243230448748,0.4742558124471159
172,0:11:47.21,0.743017315864563,0.5967311263084412,0.8615987300872803,0.8444567322731018,0.8444567322731018,0.8615987300872803,-0.0194492824375629,-0.2943368256092071,-0.4199023246765136,-0.3052275478839874,-0.3052275478839874,-0.4199022352695465,0.6181249902141026,0.4788379674945166,0.455259989242833,0.6854082826441386,0.5589356395797326,0.8750379113864646,0.645038307186117,0.510877036328603,0.6231711581002857,0.4578323689053706,0.5508201527634563,0.3929988485021944,0.7932158395809699,0.8368865193077647,0.8608314946751796,0.5919857571756104,0.6652466993811796,0.5801319069713885
173,0:11:48.84,0.6504840850830078,0.5317420959472656,0.5619916915893555,0.7234009504318237,0.6094524264335632,0.6061927676200867,-0.7707895040512085,-0.8019281029701233,-0.9433255791664124,-0.5835005640983582,-0.6619853973388672,-0.8061232566833496,0.2177838173063703,0.1840659635449171,0.1754632468718842,0.5632553587026965,0.4844045031684799,0.5623330225147872,0.3559724338649008,0.3042013793943422,0.3302111571290454,0.3234151604263741,0.3896930969369779,0.1939916771398309,0.6134801069381144,0.5678259499227999,0.5840749989906221,0.4394411390310702,0.4609462381313067,0.3500250058801474
174,0:11:53.34,0.9081374406814576,0.7981048822402954,0.6927968859672546,0.9091079235076904,0.8402950167655945,0.366074800491333,-0.3025334179401397,-0.4484144747257232,-0.7387645244598389,-0.233965665102005,-0.3348350822925567,-0.2865065038204193,0.4672875512237143,0.3893609031327014,0.2848116876067986,0.9033830132095824,0.7898763812648012,0.6988565967834285,0.6417257360180615,0.5495670943855413,0.4504296512774506,0.4922547627286093,0.5374481278540583,0.4617333443365414,0.8892057133898709,0.8321216979140974,0.3238844909401707,0.651035142993114,0.6553175558780739,0.4065938029779932
175,0:11:57.06,0.5537974238395691,0.6937694549560547,0.5869956016540527,0.6228065490722656,0.5841888189315796,0.4927082061767578,-0.1876331567764282,-0.3137982487678528,-0.5996761918067932,-1.0857192277908323,-0.5193331241607666,-0.5600627660751343,0.5285105551285137,0.4675361919123761,0.3591615794855135,0.4356194999169687,0.670221757703998,0.5884300226297986,0.4913541330438957,0.5486104182290248,0.4508689567432276,0.0808230768030386,0.4541209457404809,0.3207786708687701,0.4641240980542454,0.5389012006722764,0.4611037526032603,0.2341434853035213,0.4880330477131991,0.3769087035625662
176,0:11:59.97,0.8836726546287537,0.9015754461288452,0.8989197015762329,0.5608224868774414,0.9232965707778932,0.9182814359664916,0.1210642606019973,0.1131715327501297,0.0851695090532302,-0.0203644633293151,0.1967894732952118,-0.2403828501701355,0.6929956746412772,0.7154891094218079,0.725246950136698,0.8710871004364246,0.908539156641948,0.913990435000548,0.7642322449593362,0.792709128309864,0.8007443440822379,0.5954328489859039,0.7775524439267191,0.4854993677711019,0.3720942035600344,0.9271516391851932,0.9222525628973596,0.5060973908155562,0.8373921220301087,0.660200645821605
177,0:12:02.13,0.7739250063896179,0.733627438545227,0.733627438545227,0.7965940833091736,0.7676076889038086,0.7641995549201965,0.0626831501722335,0.2135002017021179,0.2135002017021179,0.4437862932682037,0.5836073756217957,0.539303719997406,0.661888113043003,0.7737526850969771,0.7938463282525192,0.7262094601024882,0.7159319459535021,0.7414721290168359,0.687616651866797,0.7506243894395871,0.7728966485582458,0.8196365819385448,0.9522559012944858,0.8872465805723988,0.7221524988060636,0.7489006958490652,0.7552902843548807,0.7806429486855524,0.8709138191163175,0.8344640620853916
178,0:12:05.05,0.6188550591468811,0.6188550591468811,0.4562784731388092,0.6474487781524658,0.6474487781524658,0.6967373490333557,0.1988244801759719,0.1988250315189361,-0.398243635892868,0.2177300751209259,0.2177303731441497,-0.4444841742515564,0.7344291246473861,0.7652304162634997,0.4668376761600795,0.521501947880606,0.5843079500630757,0.4519983641783997,0.649258253940674,0.6928614297833301,0.4609019513674076,0.7104422151399038,0.7870102471514334,0.380332572271283,0.5007112732417144,0.6113286423161036,0.6821886092332969,0.626549838380628,0.7167376052173016,0.5010749870560885
179,0:12:06.79,0.613023579120636,0.5638564825057983,0.3108422458171844,0.8592339754104614,0.5232516527175903,0.4818117022514343,-0.6710777878761292,-0.645888090133667,-0.9101684093475342,-1.0492173433303833,-0.6173444390296936,-0.768159806728363,0.2709138165501765,0.2746826256736842,0.1931874653164842,0.5138038233247525,0.5212341298309449,0.3002041355430144,0.3680698192600069,0.3733032273365885,0.2359941334070963,0.0984549747144648,0.4098548570569593,0.2135530121573881,0.8151561267885428,0.4691331656583253,0.4492963609023994,0.385135435544096,0.4335661804975057,0.3078503516553926
180,0:12:11.55,0.5986007452011108,0.7037534713745117,0.7037534713745117,0.6099178791046143,0.7505395412445068,0.608644962310791,-0.4686832129955292,-0.2068593353033065,-0.2068593353033065,-0.0985355079174041,-0.1697064489126205,-0.2245816737413406,0.3787569469549892,0.5296385156284776,0.5691424617930517,0.4947642705077661,0.6816716914155916,0.7102921686557265,0.4251598763761,0.5904517859433233,0.6256023445381217,0.5576730484117673,0.6120272592447583,0.4936412017235397,0.4449878411634748,0.7293590729364448,0.5867321836654819,0.5125989655124503,0.6589599847214329,0.5308775945003166
181,0:12:13.20,0.9491242170333862,0.6064406037330627,0.6064406037330627,0.9774165749549866,0.6064406037330627,0.6064406037330627,0.697234570980072,-0.1194068044424057,-0.1194067299365997,0.8171780109405518,-0.1194066852331161,-0.1194067299365997,1.0,0.5804245691366479,0.615890392618752,0.9574895707352926,0.5700707247224824,0.6087250972872936,0.982995828294117,0.5762830313709817,0.6130242744861687,1.0,0.6347447771433272,0.547834440579774,0.9906259456743794,0.5643776610593757,0.5843435528390475,0.9962503782697518,0.6065979307097467,0.5624380854834834
182,0:12:13.83,0.5728321075439453,0.6578460335731506,0.49379563331604,0.6341157555580139,0.5391513705253601,0.6357539892196655,-1.0052030086517334,-0.8493319749832153,-0.8573954105377197,-0.2369465827941894,-0.7418649792671204,-0.579344630241394,0.0928798461391732,0.1565372510325192,0.2213973566911461,0.4607471459653281,0.6290238293064138,0.4911556532154633,0.2400267660696352,0.345531882342077,0.329300675300873,0.4908148579892277,0.3536160719285142,0.3108433513662891,0.4809152705402522,0.4873370326518936,0.6161073760699355,0.4868550230096375,0.407104456217866,0.4329489612477477
183,0:12:15.95,0.5718122124671936,0.5587214231491089,0.6056385040283203,0.6545917391777039,0.6056385040283203,0.6056385040283203,0.4300923347473144,0.1775286048650741,-0.4489897191524505,0.5213640332221985,-0.4489897191524505,-0.4489897191524505,0.8576569800071059,0.7528630044467262,0.439711275752147,0.4594007846129097,0.515345108141187,0.6078879323785753,0.6983545018494274,0.6578558459245105,0.5069819384027183,0.8571097921929388,0.485891026659844,0.3780110110499625,0.5113166760864445,0.5634593229783328,0.5834744020121452,0.7187925457503411,0.5169183451872396,0.4601963674348355
184,0:12:17.93,0.6937863826751709,0.6589465737342834,0.6731491088867188,0.7347904443740845,0.7331857085227966,0.7134537100791931,-0.4004565179347992,-0.4095902144908905,-0.5234946608543396,-0.5150175094604492,-0.7999280691146851,-0.6131793856620789,0.4151105912009593,0.4119072026884857,0.3998845393587827,0.6204186309627152,0.6302859578290214,0.6783498824573997,0.4972338071056617,0.4992587047446999,0.5112706765982296,0.3564952669985863,0.3273923049290733,0.2934093987933305,0.6303904850052078,0.7094903641634959,0.7003023660890636,0.4660533542012349,0.4802315286228423,0.4561665857116238
185,0:12:22.98,0.7458906769752502,0.5454270243644714,0.5443214774131775,0.5745669603347778,0.6168848872184753,0.6489272713661194,-0.4386849105358124,-0.4695647358894348,-0.4571819305419922,-0.6311624646186829,-0.6885908246040344,-0.5568696856498718,0.394741124623757,0.3770783735752605,0.4353321159804976,0.6892014006218158,0.5000987405031904,0.5438903237450827,0.5125252350229805,0.4262865203464324,0.4787553990863317,0.3003925199062803,0.3776769516137785,0.322423961694831,0.392501101678157,0.5763355051991417,0.630381872124368,0.337235952615031,0.4571403730479238,0.4456071258666458
186,0:12:27.72,0.684138834476471,0.7667543888092041,0.5275564789772034,0.675216555595398,0.6730577349662781,0.7913389205932617,-0.0321594774723053,-0.0845333635807037,-0.6272857189178467,-0.1335787326097488,-0.3210748732089996,-0.2779639661312103,0.6113525398091896,0.6006765208661344,0.3444028623711896,0.6076829228135073,0.7539228074156886,0.5263924138190066,0.6098846930109167,0.6619750354859562,0.4171986829503164,0.5407457426193204,0.5436628249674591,0.4661350370656495,0.5419390588679549,0.6406487880771097,0.7846983516772873,0.5412230691187742,0.5824572102113194,0.5935603629103047
187,0:12:31.31,0.8083896040916443,0.7758739590644836,0.5855837464332581,0.8247044682502747,0.7445387840270996,0.7649695873260498,-0.503894031047821,0.0752824246883392,-0.3178605139255523,0.2774755656719208,0.1071433126926422,-0.1359182149171829,0.3599953529492527,0.6934858780634889,0.5098066032666523,0.7717061032674344,0.7643813714368913,0.5869564456666708,0.5246796530765254,0.7218440754128499,0.5406665402266597,0.7393017221389093,0.737064415573284,0.5393266076582267,0.7638889657092801,0.7224887002941709,0.7561246872331411,0.7491366195670577,0.7312341294616387,0.6260458394881925
188,0:12:35.15,0.5540882349014282,0.6982677578926086,0.5722619295120239,0.7083289623260498,0.607392430305481,0.5537378191947937,-0.0840795040130615,-0.2445906102657318,-0.4322440922260284,-0.6084949374198914,-0.3718948662281036,-1.0007574558258057,0.5836876767753889,0.5077269422262042,0.4486626775532348,0.436003398989989,0.6753805303140864,0.5730522420110807,0.524613965661229,0.5747883774613571,0.4984185033363732,0.3113418594097414,0.5207103493182134,0.0937029842045508,0.5911022016173463,0.5654674240686776,0.5272351054843655,0.4232459962927833,0.538613179218399,0.2671158327164766
189,0:12:38.71,0.3729785680770874,0.4588300585746765,0.1076044291257858,0.4790927767753601,0.350430428981781,0.1414623707532882,-1.005876541137695,-0.977098286151886,-1.2715693712234497,-1.0443028211593628,-1.5248204469680786,-0.9029766321182252,0.0925209637345519,0.0823398933154005,0.0,0.1969209075455917,0.4007870530659285,0.0880814190620185,0.1342809412589678,0.2097187572156117,0.0352325676248074,0.1008288892255571,0.0,0.144086272686093,0.2507472583711942,0.2712671023364341,0.0804956978947466,0.160796236883812,0.1085068409345736,0.1186500427695544
190,0:12:41.90,0.7935070395469666,0.6187772750854492,0.5214294195175171,0.7523586750030518,0.7739902138710022,0.5747417211532593,0.1458959877490997,-0.2405380606651306,-0.5004828572273254,0.1179473400115966,-0.5581516623497009,-0.6048824191093445,0.7062269146114271,0.5100803675511729,0.412185535991409,0.7520596610160957,0.5842187452471093,0.5199974991432466,0.7245600131732945,0.5397357186295475,0.455310321252144,0.6622430872105802,0.4365888387961549,0.2976845566770303,0.6564746484818125,0.7562081611129545,0.5499948180829842,0.6599357117190732,0.5644365677228748,0.3986086612394119
191,0:12:46.41,0.4717324078083038,0.5149388909339905,0.4654912054538727,0.6758774518966675,0.4019913971424103,0.5066412687301636,0.0572642832994461,-0.3588654398918152,0.0697330087423324,0.0145873539149761,-0.0430646538734436,-1.0184530019760132,0.6590007453003,0.4413644532862527,0.7169953440730613,0.3272856443188071,0.46513414387814,0.4616138473433802,0.5263147049077028,0.4508723295230076,0.6148427453811889,0.6123160012554234,0.669224093485188,0.0845850429485985,0.5429203146089272,0.3303001630362303,0.4762015425263504,0.5845577265968249,0.5336545213056049,0.2412316427796993
192,0:12:51.03,0.5946168303489685,0.4976100027561188,0.5682809948921204,0.6681609153747559,0.6069417595863342,0.6136500835418701,-0.4741863012313843,-0.5740827918052673,-0.4270055592060089,-0.6421851515769958,-0.9497336745262146,-1.0543971061706543,0.3758247030319561,0.3163819074117572,0.4514629438028353,0.4895051128644784,0.4452609172510835,0.568897273809521,0.421296866964965,0.3679335113474877,0.4984366758055096,0.2950681128508262,0.2597337062937665,0.0660642113357961,0.5314633042610066,0.5649514432237072,0.5921557054932769,0.3896261894148984,0.3818208010657428,0.2765008089987884
193,0:12:54.67,0.3238073587417602,0.4172884821891784,0.3466229438781738,0.4054470658302307,0.3566115200519562,0.2838453948497772,-0.282243400812149,-0.3452877998352051,-0.241428405046463,-0.4533344507217407,-0.2813778817653656,-0.7119649648666382,0.4780988042641708,0.449249356646299,0.550663509973543,0.1320100971986973,0.3531460761330635,0.3375490499582685,0.3396633214379814,0.4108080444410048,0.4654177259674332,0.3862906984022402,0.5615916788560422,0.2425083923775532,0.1414029080940456,0.2783439423833446,0.2347811594135854,0.2883355822789624,0.4482925842669631,0.2394174991919661
194,0:12:58.88,0.628147542476654,0.6955193877220154,0.6955193877220154,0.6192708015441895,0.7025865912437439,0.52924644947052,-0.3952301144599914,-0.1736662238836288,-0.1736667454242706,-0.3420923054218292,0.1215539276599884,-0.5911743640899658,0.4178954075025541,0.5489146545356947,0.5868856140877659,0.5337689356408036,0.6722286268166082,0.7016981175065183,0.4642448187578539,0.59824024344806,0.6328106154552668,0.4400251885078491,0.7435728637150287,0.3047478730244939,0.4588744506377166,0.6744568957835558,0.5006963920027823,0.4475648933597961,0.7159264765424396,0.3831272806158092
195,0:13:01.22,0.8324893712997437,0.7971506118774414,0.8297299742698669,0.7561310529708862,0.7484050393104553,0.7484050393104553,-0.2442993819713592,-0.0043571107089519,0.0879390686750412,-0.2624730765819549,0.2115428447723388,0.2115428447723388,0.4983167462438113,0.6472370426525867,0.7267274226860884,0.8035201554291602,0.7887819988099188,0.8417759566729678,0.6203981099179509,0.7038550251155196,0.7727468362808401,0.4784845210996292,0.7842156955223212,0.7183620273105807,0.6620756293481662,0.7269152440726393,0.7381754341416696,0.551920964399044,0.7612955149424485,0.7262873900430162
196,0:13:03.49,0.8909975290298462,0.6014862060546875,0.886642575263977,0.9518156051635742,0.4625732600688934,0.8708263039588928,0.5652042627334595,-0.01071223244071,0.5225611925125122,0.6567897200584412,-0.0563322119414806,0.0557793118059635,0.9296494890832576,0.6435464513210064,0.9590553778713776,0.8807566517753326,0.5643888906167812,0.901176592447366,0.9100923541600876,0.6118834270393163,0.9359038637017728,0.9225259185156408,0.6632318985754583,0.6381021285003738,0.9526152947840302,0.3996614050576052,0.870830442952301,0.9345616690229964,0.557803701168317,0.7311934542811447
197,0:13:04.41,0.7835433483123779,0.6007701754570007,0.7075836062431335,0.6064737439155579,0.152593195438385,0.858558714389801,-0.1400927156209945,0.0378089658915996,0.1780445128679275,0.1161348670721054,-0.4416588842868805,0.3111478984355926,0.5538418170857689,0.6717240254921267,0.7748934327721829,0.7389066131080643,0.563567727816625,0.7142897446287764,0.6278677354946871,0.628461506421926,0.7506519575148203,0.6613675889093634,0.4892019442484668,0.7696852823482263,0.4398742137752536,0.0447597687257977,0.8575373503915729,0.5727702388557195,0.3114250740393992,0.8048261095655649
198,0:13:15.85,0.7257144451141357,0.6995733976364136,0.6995733976364136,0.8632655143737793,0.7609232664108276,0.805924654006958,-0.2786560654640198,-0.2271668612957,-0.2271671444177627,0.249842494726181,0.3748206198215484,0.3165696561336517,0.4800102659423425,0.5178453852122903,0.5582868897752334,0.6625667992452162,0.6768778724548857,0.70592935561802,0.553032879263492,0.5814583801093285,0.6173438761123481,0.7259538226236828,0.8579589003761908,0.7724789383210503,0.821141893004982,0.7412475827899404,0.8005033721535898,0.7640290507762024,0.8112743733416907,0.7836887118540661
199,0:13:17.38,0.5219689607620239,0.6807346940040588,0.6807346940040588,0.7291157245635986,0.6128674745559692,0.7831947803497314,0.3498788177967071,0.1454931497573852,0.145492821931839,0.0061771050095558,0.0310898758471012,0.2834207415580749,0.8149163246617922,0.7342591479174572,0.7574928740380099,0.3936028125426491,0.6552731495896408,0.6862670848136485,0.646390919814135,0.7026647485863307,0.7290025583482653,0.6082535082553502,0.7027154408187513,0.7553983773011721,0.6219650309941148,0.5717358986746284,0.7758734061184985,0.613738117350856,0.6503236239611021,0.7635883888281026
200,0:13:20.14,0.9553724527359008,0.9524515867233276,0.9524515867233276,0.6696808338165283,0.683548092842102,0.6271911859512329,0.2289162576198578,0.2249640524387359,0.2249640822410583,-0.2036178410053253,0.580814003944397,-0.1420366913080215,0.7504631091596096,0.780410053742438,0.7999743640289411,0.9657378535855832,0.9668852583402232,0.9698625609690756,0.836573006929999,0.8550001355815521,0.867929642804995,0.5069139986616572,0.9509942955445464,0.5361739551300682,0.5337199800722251,0.6526593835980635,0.6068287695608486,0.5176363912258843,0.8316603307659534,0.5644358809023804
201,0:13:22.24,0.8680808544158936,0.8431150913238525,0.8431150913238525,0.8804737329483032,0.8205704689025879,0.3485122323036194,-0.1108005940914154,0.0630419552326202,0.0630422607064247,0.0566247887909412,0.2514070570468902,-0.1862495988607406,0.5694497160811426,0.6863775058914813,0.7134187939515039,0.850504397666564,0.8414952777841387,0.8557462277383118,0.6818715887153112,0.7484246146485443,0.770349767466227,0.6326217956314468,0.8022200734679075,0.5133924772147445,0.8466915340541451,0.8095387156154444,0.304853788681303,0.7182496910005262,0.8051475303269222,0.4299770018013678
202,0:13:23.44,0.8455408215522766,0.7991005182266235,0.872776448726654,0.8738967180252075,0.8939400911331177,0.7674562335014343,-0.039324976503849,-0.14756540954113,-0.0209438763558864,-0.1483248621225357,0.1132467091083526,-0.6355183720588684,0.6075345034466526,0.564072104420288,0.6685238693321237,0.8207493475427134,0.7910182029091707,0.8867042837203324,0.6928204410850769,0.6548505438158411,0.7557960350874072,0.5336227610527153,0.739820969623904,0.28189884331488,0.836926411085004,0.8935408885219495,0.758819203347248,0.6549442210656308,0.8013089371831221,0.4726669873278272
203,0:13:26.54,0.5947976112365723,0.3683325052261352,0.6738373637199402,0.7385036945343018,0.4327563047409057,0.5629948973655701,-0.6268044114112854,-0.2819225192070007,-0.3967037796974182,-0.6708478331565857,-0.5047603845596313,-0.6885152459144592,0.2945042685886079,0.4860472914900918,0.4676608087655012,0.489743761335163,0.2970020687998124,0.6790682255651481,0.37260006568723,0.41042920241398,0.55222377548536,0.2812228694353353,0.4607026162793202,0.2545912723327476,0.6359036767576507,0.3655234476733169,0.537266024457728,0.4230951923642615,0.4226309488369189,0.3676611731827397
204,0:13:29.39,0.8313839435577393,0.6343587040901184,0.6442878246307373,0.6876303553581238,0.662969172000885,0.6609209179878235,-0.0655291378498077,-0.282494455575943,-0.302927702665329,-0.2142200171947479,0.0648145079612732,0.0071581713855266,0.5935719810280151,0.4857151525485377,0.517788961538301,0.802060882584677,0.6020879395430594,0.6482268762316195,0.6769675416506798,0.5322642673463464,0.5699641274156284,0.5017927154464467,0.7179469225918661,0.6130492310996483,0.5603702594376284,0.629098214626774,0.6433781216145424,0.5252237330429194,0.6824074394058293,0.6251807873056059
205,0:13:34.79,0.6734402179718018,0.5575823187828064,0.6634616851806641,0.9093180894851683,0.6674684286117554,0.7515023946762085,0.124863252043724,-0.0454410724341869,0.1784092932939529,-0.025961983948946,0.1615258604288101,0.176632285118103,0.6950199143211134,0.6233784732325193,0.7750884267354948,0.5935597015973514,0.5140387531695907,0.6682389559296317,0.6544358292316086,0.5796425852073479,0.7323486384131496,0.5927290183869831,0.7616258928286845,0.7003737476927737,0.8895177541314535,0.634249492775509,0.7415317113743349,0.7114445126847713,0.7106753328074144,0.7168369331653982
206,0:13:41.90,0.9201773405075072,0.8588217496871948,0.8588217496871948,0.9837301969528198,0.986924171447754,0.9837301969528198,0.517665684223175,0.3573551476001739,0.3573547899723053,0.5430669784545898,0.1566392481327057,0.5430669784545898,0.9043192196105287,0.8572931487962382,0.8707440297356873,0.9192768597260406,0.8595080884159857,0.8721395303879369,0.9103022756567336,0.8581791246441373,0.8713022299965871,0.8675931992929045,0.7594188903662584,0.8891856656535996,1.0,1.0,0.9931724802027316,0.9205559195757428,0.855651334219755,0.9307803914732524
207,0:13:43.87,0.4841922521591186,0.5709109902381897,0.5709109902381897,0.8380324244499207,0.8481171727180481,0.4274240434169769,-0.1636689752340316,-0.1659158170223236,-0.1659158170223236,0.3273342549800873,0.1053418964147567,0.2296701073646545,0.5412795355058084,0.5534155257362595,0.5910288853287976,0.3437338587219151,0.5293244256115571,0.5716422440430269,0.462261264792251,0.5437790856863786,0.5832742288144893,0.7633855011786366,0.7362508191755675,0.7277024180532546,0.7836774461580381,0.841077422052285,0.3903621930305545,0.7715022791703972,0.7781814603262545,0.5927663280441746
208,0:13:46.59,0.8523339629173279,0.8563591837882996,0.8563591837882996,0.850388765335083,0.8567897081375122,0.7907437682151794,-0.0791309773921966,-0.4105401933193207,-0.4105401933193207,-0.1383849382400512,-0.5056408643722534,-0.3809206187725067,0.5863244302654488,0.4113555242506252,0.4602645316144637,0.8297169592156216,0.8566839528055257,0.8695693090753339,0.6836814418455179,0.5894868956725854,0.6239864425988118,0.538424149412081,0.4603049540550994,0.4130848117307384,0.8020233355323385,0.85100676062179,0.7840534478349287,0.6438638238601841,0.6165856766817757,0.5614722661724145
209,0:13:49.89,0.7254487872123718,0.7201845049858093,0.7201845049858093,0.764036238193512,0.673196017742157,0.6900794506072998,0.0371066927909851,0.177495390176773,0.177495390176773,-0.009353581815958,-0.0991217046976089,-0.4174006879329681,0.6482600539397079,0.7528437157775395,0.7745998983546174,0.6622161048060993,0.7005152347129092,0.7274415138955019,0.6538424742862644,0.7319123233516873,0.7557365445709712,0.6007515535302865,0.6439063392397965,0.3942878147465981,0.6738127329879499,0.6408071104630813,0.6749741471306134,0.629976025313352,0.6426666477291103,0.5065623477002043
210,0:13:55.11,0.5491009950637817,0.6623784303665161,0.6623784303665161,0.7428955435752869,0.6496199369430542,0.6760227084159851,-0.2655690014362335,-0.3048413693904876,-0.3048413693904876,-0.5424453616142273,-0.1533409357070922,-0.6799797415733337,0.4869835257414121,0.4727376943828834,0.5167660079131227,0.4294197541369964,0.6342217016519296,0.6671083447197745,0.4639580170996458,0.5373312972905018,0.5769029426357835,0.3432464965240343,0.6194186227814691,0.2589893410056037,0.6424244078869846,0.613814440260673,0.6597423386323713,0.4629176610692144,0.6171769497731506,0.4192905400563107
211,0:13:58.31,0.7654650211334229,0.5552620887756348,0.6983828544616699,0.787118136882782,0.6699824333190918,0.6048843860626221,-0.1251591891050338,-0.3476710021495819,-0.4100916981697082,-0.332531601190567,-0.753217875957489,-0.3194796741008758,0.5617989387053308,0.4478653665082521,0.4605042754178853,0.7150414513037323,0.511377852118922,0.704686765747563,0.6230959437446915,0.47327036075252,0.5581772715497564,0.4446433983197181,0.3484886197319716,0.4447433386544512,0.708083231336749,0.6371278210494355,0.5826572439336755,0.5500193315265305,0.4639443002589571,0.4999089007661409
212,0:14:06.52,0.7187016010284424,0.4245112836360931,0.4179051518440246,0.7201763987541199,0.5710554718971252,0.5028667449951172,0.1729338616132736,-0.7249780297279358,-0.5347371697425842,0.2813418805599212,-0.7595667839050293,-0.2103173434734344,0.7206336691339885,0.228752955432565,0.3938748381542139,0.6533091584714364,0.3614293755902129,0.4119474854297488,0.6937038648689677,0.2818235234956241,0.4011038970644279,0.7411693098102394,0.3456211822057515,0.5009911486725773,0.6086925028317963,0.5238646003070329,0.4721114893745027,0.6881785870188621,0.416918549446264,0.4894392849533475
213,0:14:10.32,0.7169493436813354,0.6285058259963989,0.793623149394989,0.7933849692344666,0.6660105586051941,0.7971605062484741,-0.17368745803833,-0.070730835199356,-0.0447060950100421,-0.016587808728218,0.1959064602851867,-0.0972518324851989,0.535941326474466,0.6086920229679331,0.6558217371400445,0.6509960072214571,0.5953757043677207,0.8040906582346735,0.5819631987732625,0.6033654955278482,0.7151293055778961,0.5972571270843515,0.7771536376025436,0.55925014099268,0.7173878154462202,0.6325803517244404,0.7910065898628817,0.6453094024290991,0.7193243232513022,0.6519527205407607
214,0:14:19.62,0.8377082347869873,0.8254801034927368,0.8254801034927368,0.92795991897583,0.9141687750816344,0.913500189781189,-0.1635544449090957,-0.4004859626293182,-0.4004859626293182,-0.1699408143758773,-0.1758201569318771,-0.0989507734775543,0.5413405613943464,0.4171942883524683,0.4656390367973682,0.8104095661763436,0.8212710079904958,0.8373402952955042,0.6489681633071454,0.5788249762076794,0.6143195401966226,0.5231813751072266,0.6092660480343232,0.5583747317776079,0.9171959272045942,0.9167010651053212,0.917071630837406,0.6807871959461738,0.7322400548627225,0.7018534914015271
215,0:14:21.63,0.848729133605957,0.8687024116516113,0.8480948805809021,0.8432796597480774,0.596672534942627,0.8030047416687012,-0.2333476543426513,-0.2365401089191436,-0.2282919883728027,-0.3065144419670105,-0.7034745812416077,-0.3052889108657837,0.504152221782212,0.5124020864230684,0.5576856026302774,0.8249582315998822,0.8708394925100423,0.8609437172700567,0.6324746257092801,0.655777048857858,0.6789888484861892,0.4572107466129855,0.370954812520513,0.4520553788964632,0.7914681990350897,0.5531940270354924,0.797339371209227,0.5909137275818273,0.4438504983265048,0.5901689758215687
216,0:14:36.46,0.6536573767662048,0.7613362073898315,0.4779112040996551,0.587174654006958,0.7749986052513123,0.699750542640686,0.2873209118843078,0.4943290054798126,-0.7540815472602844,0.0771501362323761,0.4163387715816498,0.3797348737716675,0.7815832157622931,0.9368375782943438,0.2766239484384982,0.5674444144002831,0.7477090938670493,0.4745768081462609,0.6959276952174891,0.8611861845234259,0.3558050923216033,0.6425363750027135,0.8767102679121366,0.8050259272048106,0.4112201832836695,0.7573626861672077,0.6854536892475936,0.550009898315096,0.828971235214165,0.7571970320219238
219,0:14:48.94,0.3972095251083374,0.522435188293457,0.522435188293457,0.8951455950737,0.5295721292495728,0.5302543640136719,-0.1316001117229461,-0.0037852339446544,-0.0037852339446544,-0.6883665919303894,-0.0187808871269226,-0.0290236845612525,0.5583669827933673,0.6475691469801091,0.6776960492247603,0.2289081431177947,0.4737310956709689,0.5210472368760037,0.4265834469231382,0.5780339264564531,0.6150365242852577,0.2727605949308697,0.6801916779299942,0.5944058937166881,0.8684753584054736,0.4763695905757508,0.5017885626561907,0.5110465003207113,0.5986628429882969,0.5573589612924891
220,0:14:52.72,0.6814302802085876,0.6241647005081177,0.6214731335639954,0.7634854316711426,0.7262911796569824,0.6587639451026917,0.1964589655399322,0.0722497403621673,-0.0029000900685787,-0.0150425694882869,-0.04379478469491,-0.1169845163822174,0.7331686931189253,0.691724716128595,0.6781692043070598,0.604107366003467,0.590397187006447,0.6244148006861493,0.6815441622727421,0.6511937044797358,0.6566674428586956,0.5980035406169656,0.6688943352757728,0.549082528698149,0.6729949313733824,0.7015966966170651,0.6410408376638893,0.6280000969195323,0.6819752798122898,0.5858658522844451
221,0:14:58.16,0.680098295211792,0.6834293007850647,0.6834293007850647,0.3102092444896698,0.7020761966705322,0.7033607363700867,0.4582976400852203,0.47502401471138,0.47502401471138,0.7307382225990295,0.6205207705497742,0.480033665895462,0.8726857841312173,0.925626647238503,0.933644303036295,0.6023490154019537,0.6583633958120219,0.6890794910849822,0.7645510766395118,0.8187213466679105,0.8358183782557698,0.9582460591815632,0.9689275643129542,0.8567066431807346,0.0,0.6738725360460236,0.689365675309468,0.5749476355089379,0.850905553006182,0.789770256032228
223,0:15:08.22,0.7094255685806274,0.4933353960514068,0.6097190380096436,0.8701779246330261,0.4718852639198303,0.3074110448360443,-0.3678659796714782,-0.674950897693634,-0.3965736627578735,-0.0897438675165176,-0.5604118704795837,-0.5894393920898438,0.4324760056146993,0.2578050660958397,0.4677303629847675,0.6410638874860193,0.4403586853876017,0.6121468541033919,0.5159111583632273,0.3308265138125446,0.5254969594322173,0.5619197690486255,0.4355680324366605,0.3056418478497721,0.831404989103132,0.4103228822986172,0.2603167680803793,0.6697138570704282,0.4254699723814431,0.287511815942015
224,0:15:10.51,0.7132673263549805,0.6670985221862793,0.6670985221862793,0.7599601149559021,0.7934823632240295,0.7002320289611816,-0.2156858891248703,-0.0994810461997985,-0.0994809865951538,-0.2837807536125183,-0.0350743494927883,-0.1511089652776718,0.5135630473969005,0.5919959966795452,0.6265417307632322,0.6461353838689764,0.6396348276108387,0.6720347836825007,0.5665919819857308,0.6110515290520626,0.6447389519309396,0.4681920446511979,0.6728328556244922,0.531499306469269,0.6677607709477149,0.7785250662638045,0.6859754251753425,0.5480195351698047,0.7151097398802171,0.5932897539516984
225,0:15:13.28,0.7000983357429504,0.411557525396347,0.4115574955940246,0.7897376418113708,0.3963515162467956,0.3911651372909546,-0.341765284538269,-0.8870937824249268,-0.8870937824249268,-0.2238921225070953,-0.7675612568855286,-0.8145522475242615,0.4463833975028835,0.1346079465924874,0.205522044242792,0.6287510269732965,0.3465736635255862,0.405322330185722,0.5193304492910487,0.2193942333657269,0.2854421586199641,0.4971206943720099,0.3420105373490218,0.1896484914205535,0.7119725014760209,0.3238429640516568,0.3510722418490811,0.5830614172136143,0.3347435080300758,0.2542179915919645
226,0:15:15.32,0.5263630151748657,0.604346752166748,0.6101271510124207,0.6892184615135193,0.7302206754684448,0.5226007699966431,-0.5189914107322693,-0.2610175907611847,-0.217607095837593,-0.1550043821334839,-0.1713627874851226,-0.2421165108680725,0.3519509244509027,0.4981873496928939,0.5633972291166642,0.3994033945600816,0.5676694404465572,0.6125728084862406,0.3709319124945743,0.5259801859943593,0.5830674608644948,0.5303962806484508,0.6112791861244419,0.4846060686173282,0.5627281759205346,0.7060956455901526,0.4934951702894511,0.5433290387572843,0.6492057699107261,0.4881617092861774
227,0:15:19.31,0.6467269659042358,0.566902756690979,0.566902756690979,0.8136369585990906,0.8235125541687012,0.7424468994140625,-0.6279478073120117,-1.11888587474823,-1.1188856363296509,-0.595392644405365,-0.5876986384391785,-0.8492181897163391,0.2938950260073821,0.0,0.0816173360084041,0.5582955935523053,0.5247276775201472,0.5674587834933812,0.3996552530253514,0.2098910710080588,0.2759539150023949,0.3176708009494046,0.4232441646056715,0.171786255250697,0.7474566489258024,0.8129071608618054,0.7317192265316541,0.4895851401399637,0.5791093631081251,0.3957594437630798
228,0:15:21.92,0.5400314927101135,0.569487452507019,0.5621343851089478,0.7670032382011414,0.6039202213287354,0.6561368107795715,-0.6254074573516846,-0.4618202149868011,-0.5738559365272522,-0.4188322126865387,-0.2346578538417816,-0.1977463364601135,0.2952486161033965,0.3815758266401911,0.372963838465089,0.4174471230958332,0.5276918749451014,0.5624819541333851,0.3441280189003712,0.4400222459621552,0.4487710847324074,0.40295668559015,0.5826924354587641,0.5074685810446932,0.6782179411656297,0.5614920308478203,0.6381940893658626,0.5130611878203419,0.5742122736143866,0.559758784373161
229,0:15:23.48,0.6167230010032654,0.3529166877269745,0.3529166877269745,0.7577651739120483,0.4394373595714569,0.7280271053314209,0.0677142888307571,0.2757116854190826,0.2757118642330169,0.4340440332889557,0.5390089750289917,0.4671064019203186,0.6645688852067625,0.809880578821377,0.8271016724969968,0.518687422395479,0.2793228021522627,0.3441179359253438,0.6062163000822491,0.5976574681537312,0.6339081778683356,0.8149306733006827,0.9321133620537418,0.8500456431457533,0.6645018655850434,0.373172705036404,0.7160940170014835,0.754759150214427,0.7085370992468066,0.7964649926880453
230,0:15:26.14,0.4745743870735168,0.470990926027298,0.5769150257110596,0.5567383170127869,0.6028062701225281,0.654733419418335,-0.3538686037063598,0.0273718535900115,-0.1307797282934188,-0.1384902894496917,0.0997767150402069,-0.3158373236656189,0.4399343124513424,0.6656629116672755,0.609810938058925,0.3310373351880717,0.4147334570352352,0.5779087565212989,0.3963755215460341,0.5652911298144594,0.5970500654438746,0.5383732604839974,0.7337373459853022,0.4466201237516931,0.3660302944125636,0.5602166484894483,0.6366733822082931,0.4694360740554238,0.6643290669869606,0.522641427134333
231,0:15:28.14,0.5191963911056519,0.5549417734146118,0.5626751780509949,0.8371074199676514,0.6728943586349487,0.5907461643218994,-0.0786397606134414,-0.1383707970380783,0.0304692424833774,-0.3130837678909302,0.0755119919776916,-0.0362462885677814,0.5865861682846599,0.5694116649563874,0.696006834681792,0.3899427491524851,0.5110105060032107,0.5630463887931757,0.50792880063179,0.5460512013751168,0.6428226563263455,0.4540374944439656,0.7227783624801546,0.5906843200230859,0.7823040598084577,0.6404617356374768,0.5673371446439957,0.5853441205897625,0.6898517117430835,0.5813454498714499
232,0:15:32.85,0.9193781614303588,0.3786070644855499,0.657885730266571,0.8576712012290955,0.7299249172210693,0.1889272332191467,0.1743838042020797,-0.5663428902626038,-0.4111582040786743,0.0611766092479229,-0.392814964056015,-0.6259253621101379,0.7214062508485742,0.320876677889228,0.4599341729692677,0.9182218651019258,0.3087852047147992,0.6624192383071532,0.8001324965499148,0.3160400886194565,0.5409281991044219,0.634820510431928,0.5112619411731262,0.2868418103438612,0.812835821569157,0.7057570267629151,0.1319283617108382,0.7060266348868196,0.5890599754090418,0.2248764308906519
233,0:15:35.85,0.8623284101486206,0.7729742527008057,0.7729742527008057,0.8916168212890625,0.8656001687049866,0.6811825633049011,0.1308552324771881,0.234736293554306,0.234736293554306,0.2594216167926788,0.3352692127227783,0.4182302951812744,0.6982126576426692,0.7860850588601226,0.805198115300504,0.8429106080504163,0.7610559115963185,0.7825390585845136,0.7560918378057679,0.776073399954601,0.7961344926141078,0.7305809290006313,0.8400957985849987,0.8248613698668507,0.8632360651485492,0.8610940121228201,0.6653335290004531,0.7836429834597984,0.8484950840001273,0.7610502335202916
234,0:15:38.05,0.5658854246139526,0.5658854246139526,0.5658854246139526,0.7798238396644592,0.7050948739051819,0.6317962408065796,0.1192324757575988,0.1192323118448257,0.1192323118448257,-0.1546648293733596,0.1395595222711563,0.1444819271564483,0.6920196335988502,0.7190087680111518,0.7434552761431545,0.4515768443944696,0.5235609742259603,0.566396976949426,0.595842517917098,0.6408296504970752,0.6726319564656631,0.5305602984708331,0.7517049579423473,0.6838077105236543,0.697253134378894,0.6773286727863387,0.6118187816650673,0.5972374328340575,0.7219544438799438,0.6550121389802195
235,0:15:39.21,0.6225377917289734,0.3559854626655578,0.4400899708271026,0.696727991104126,0.4740329682826996,0.4591300189495086,-0.5792681574821472,-0.5093879103660583,-0.5276546478271484,-0.6299523711204529,-0.6629067063331604,-0.3125952780246734,0.3198332994406484,0.3539519774615578,0.3976608116330594,0.5263635154406859,0.2828421542997233,0.435102152921947,0.4024453858406634,0.325508048196824,0.4126373481486144,0.3009770443860284,0.3892769945134888,0.4482906447659828,0.5738778358726763,0.4127818268557384,0.4247186136711686,0.4101373609806876,0.3986789274503887,0.4388618323280571
236,0:15:41.90,0.7583754658699036,0.7900338768959045,0.7900338768959045,0.8028901815414429,0.8214825987815857,0.8192179203033447,-0.1151800155639648,-0.4753258526325226,-0.4753250479698181,-0.0255121998488903,-0.411905974149704,-0.8174673914909363,0.5671162023432353,0.3737327370304857,0.4256336833846695,0.705682544264944,0.7806203391765336,0.8003444743546705,0.6225427391119188,0.536487777888905,0.5755179997726699,0.5929462824392804,0.5026396270352596,0.1881464122411283,0.7315005349870372,0.8105830291811872,0.8149078823727363,0.6483679834583831,0.6258169878936306,0.4388510002937715
237,0:15:44.42,0.5951509475708008,0.6028971076011658,0.6028971076011658,0.7762548327445984,0.7305845022201538,0.4390972852706909,-0.5443564057350159,-0.267438679933548,-0.2674385905265808,-0.2673068344593048,-0.5824189782142639,-0.5680738091468811,0.3384355401308815,0.4944584492816861,0.5367597234998345,0.4902101998891421,0.5660069497729037,0.6050266909691465,0.3991454040341858,0.5230778494781732,0.5640665104875593,0.4761496190341117,0.4256286842710538,0.3166508400854159,0.6919541055857903,0.7065121972470364,0.4030112536770034,0.5624714136547831,0.5379820894614469,0.3511950055220509
238,0:15:46.82,0.432804137468338,0.4347544610500335,0.4347544610500335,0.3966769576072693,0.4181301891803741,0.458057165145874,-0.9898343682289124,-0.4597083628177643,-0.4597083628177643,-0.4290429651737213,-0.4261784255504608,-0.5138524174690247,0.1010688121440216,0.382802236398745,0.4339816075448899,0.2758965162634448,0.3731765219759995,0.4295333919199464,0.1709998937917909,0.3789519506296468,0.4322023212949125,0.3980244759764815,0.4961935794510387,0.3445893654034875,0.1283816231720428,0.3487777503272692,0.4235560751923972,0.290167334854706,0.437227247801531,0.3761760493190513
239,0:15:48.07,0.7736974954605103,0.6786348819732666,0.6786348819732666,0.8397548794746399,0.8470049500465393,0.7645575404167175,0.5538913607597351,0.5152837634086609,0.5152837634086609,0.5036715269088745,0.4599939882755279,0.4540944695472717,0.923621566825317,0.9490065738276798,0.9551652164415468,0.7259091234019925,0.6528650296956339,0.6840754757946071,0.8445365894559873,0.8305499561748615,0.8467293201827709,0.8485635905454101,0.8964268250897836,0.8433410162302131,0.7862348350832379,0.8398040187237377,0.7556781954692727,0.8236320883605412,0.8737777025433652,0.8082758879258369
240,0:15:50.90,0.8787356615066528,0.6751063466072083,0.6734355092048645,0.8312838077545166,0.8205040693283081,0.805034339427948,0.1979875266551971,0.3416784703731537,0.2468099296092987,0.1481564193964004,-0.1187840849161148,0.2563131749629974,0.7339831656203868,0.8481892776944618,0.8116520968685403,0.8645697861672721,0.6488184121474402,0.6786488032708344,0.7862178138391409,0.7684409314756532,0.7584507794294579,0.6768353037929368,0.6350259699921695,0.741430727040045,0.773657540064956,0.809462693573215,0.7995386321742899,0.7155641983017444,0.7048006594245877,0.764673889093743
241,0:15:52.25,0.5930901765823364,0.5945001244544983,0.5945001244544983,0.8844216465950012,0.5794579386711121,0.6433265805244446,0.1051083505153656,0.2049968987703323,0.2049967497587204,0.281295508146286,0.1866609305143356,0.2629517018795013,0.6844937901751781,0.7688145867544977,0.7893007943423203,0.4874897804280636,0.5563770677317471,0.5962626188869274,0.6056921862763323,0.6838395791453975,0.7120855241601631,0.7411469100444408,0.7729779621582344,0.7448513447444627,0.8525531388524219,0.5334847325270391,0.6243129943433585,0.7857094015676332,0.6771806703057563,0.696636004584021
242,0:16:03.04,0.6725935339927673,0.5959504842758179,0.6248461008071899,0.7868822813034058,0.7612720727920532,0.7650609612464905,0.3834791183471679,0.0749485939741134,0.0826427191495895,0.4320885837078094,-0.3037330210208893,0.3847018182277679,0.8328197768469208,0.6932920135252252,0.7238962505305381,0.59244199585186,0.5580403786795705,0.6279352231443095,0.7366686644488964,0.6391913595869633,0.6855118395760467,0.8139861114542095,0.5514951448166726,0.8075852326587296,0.7077330483491022,0.7416469373600721,0.7562236995105908,0.7714848862121666,0.6275558618340324,0.7870406193994741
243,0:16:12.35,0.9154290556907654,0.9209188222885132,0.9209188222885132,0.9543544054031372,0.7529163360595703,0.8590131402015686,-0.0628867000341415,0.1407663524150848,0.1407663524150848,-0.3005583584308624,-0.1992838382720947,-0.7028787732124329,0.5949799672159335,0.7315141686654539,0.7549663321574964,0.91300865889513,0.9307226512901716,0.9369512860943576,0.722191443887612,0.8111975617153411,0.8277603137322409,0.4600877777146285,0.5986688491248201,0.2471902123700035,0.9563847398625808,0.7320803071877391,0.8580297637009511,0.6586065625738095,0.6520334323499877,0.4915260329023825
244,0:16:15.22,0.6592782735824585,0.7024931907653809,0.7024930715560913,0.9364876747131348,0.7581660747528076,0.7506811022758484,0.1861341893672943,0.3717219531536102,0.371722012758255,0.305629163980484,0.1387689262628555,0.2852692604064941,0.7276672799321185,0.8656363419365125,0.8784240517789265,0.5748645485021543,0.680226368328394,0.7089766682351455,0.6665461873601328,0.7914723524932651,0.810645098361414,0.7529010575856518,0.7513478910765157,0.7563508591362811,0.929857382956071,0.7380908254924087,0.7406417634480597,0.8236835877338196,0.7460450648428729,0.7500672208609925
245,0:16:19.51,0.7399634122848511,0.6638157367706299,0.6638157367706299,0.7618793249130249,0.5772128701210022,0.6852169632911682,0.3872634470462799,0.3993246555328369,0.3993246555328369,0.4392404854297638,0.2587782144546509,0.3729471266269684,0.8348362036885679,0.881665978885856,0.8931790888601191,0.6813768309316429,0.6358700425961541,0.6686084855096114,0.7734524545857979,0.7833476043699752,0.803350847519916,0.8174407714778772,0.8055492024358076,0.8015284211544026,0.6706102887691041,0.5309143139968642,0.669705182628283,0.7587085783943679,0.6956952470602302,0.7487991257439548
246,0:16:22.79,0.3081030249595642,0.3045580685138702,0.3045580685138702,0.8440005779266357,0.1377609223127365,0.2831021547317505,-0.0196680873632431,-0.093312531709671,-0.093312531709671,-0.1678414642810821,-0.8466344475746155,0.0155889205634593,0.6180084030568269,0.5955782201312578,0.6298390882413638,0.1112788390999042,0.2238638604631609,0.2936452343398426,0.4153165774740578,0.446892476264019,0.4953615466807553,0.5241954467667839,0.3062977130061067,0.6173933228329886,0.7925385713463323,0.0277780379519573,0.2339757885110025,0.6315326965986032,0.1948898429844469,0.4640263091041942
247,0:16:29.41,0.7555317282676697,0.5849969387054443,0.574381947517395,0.746598482131958,0.6794873476028442,0.6045060157775879,-0.2711898982524872,-0.459262877702713,-0.4144001007080078,-0.8201578855514526,-0.6977239847183228,-0.4702566564083099,0.4839885091570751,0.3830609416719643,0.4582012119129714,0.7019285322186648,0.5454785633308052,0.575264940344535,0.5711645183817109,0.4480279903355007,0.5050267032855968,0.2091000286590319,0.3735520270974555,0.3670528477388699,0.6479222896427475,0.6480101648431187,0.5822472439746076,0.3846289330525181,0.4833352821957208,0.453130606233165
248,0:16:33.38,0.5385234355926514,0.6095563173294067,0.6264424324035645,0.522712767124176,0.5214993953704834,0.5322491526603699,-0.1665337979793548,-0.2912079691886902,-0.3382708728313446,-0.2652786076068878,0.0079586394131183,-0.310391217470169,0.5397530546053553,0.4806549791696218,0.4988962130929716,0.4154563400569963,0.5736439073623366,0.6296013411933021,0.4900343687860117,0.5178505504467078,0.5511782643331038,0.4771293352688113,0.6922683882032904,0.449426325715864,0.3155113762346284,0.4671269753553975,0.5039501046584154,0.4124821516551381,0.6022118230641332,0.4712358372928845
249,0:16:35.44,0.8299251198768616,0.7206633687019348,0.8440037369728088,0.8801929950714111,0.5464545488357544,0.8563854694366455,-0.0486047603189945,0.0379004143178463,-0.2198184728622436,-0.0946126878261566,-0.0730860084295272,0.0535294748842716,0.6025898998835602,0.6717771320703227,0.5622151339721637,0.8001350925022481,0.701064408269594,0.8566737220999141,0.6816079769310354,0.6834920425500313,0.679998569223264,0.5595679303992634,0.6556651697532061,0.6369428604725137,0.8462747127572494,0.4956985701458335,0.8551824341175381,0.6742506433424579,0.5916785299102572,0.7242386899305235
250,0:16:41.16,0.7895681262016296,0.6485413908958435,0.7439140677452087,0.6702157855033875,0.7650553584098816,0.6513422131538391,-0.0633177012205123,-0.0394936949014663,-0.0829639136791229,0.031739741563797,-0.2371479868888855,0.1395494788885116,0.5947503142364807,0.6268322764631022,0.6353709586505424,0.7468599097675876,0.6183530193437738,0.7522084563640544,0.6555941524489235,0.623440573615371,0.6821059577359472,0.6206013035742368,0.5815677852033903,0.6812661798371576,0.5345142414606834,0.7459784877069577,0.6329986897585193,0.5861664787288154,0.6473320662048172,0.6619591838057023
251,0:16:46.92,0.8144775629043579,0.6415963768959045,0.7455899715423584,0.7811048626899719,0.730821967124939,0.6531006693840027,0.0829353034496307,0.0134582705795764,0.1028153300285339,-0.0562217198312282,0.1041073650121688,0.1985749006271362,0.6726791908580139,0.6575829171342157,0.7346795521141599,0.7797428049315491,0.6103882938673227,0.753957625252992,0.715504636487428,0.6387050678274585,0.7423907813696928,0.578112332651724,0.7356932521576918,0.711680066102786,0.6991551138508434,0.706784074999498,0.6349041432544895,0.6265294451313718,0.7241295812944142,0.6809696969634674
252,0:16:50.09,0.5099626183509827,0.5504395961761475,0.5504395961761475,0.5294187664985657,0.518184244632721,0.5179502964019775,0.0027482323348522,-0.0950922966003418,-0.0950921326875686,-0.0424552857875824,-0.3230578303337097,0.2877547442913055,0.6299526268080011,0.5945446624505392,0.6288877996769664,0.3777532650993843,0.5058472902413691,0.5502759068657928,0.5290728821245544,0.5590657135668711,0.597443042552497,0.5847620813770248,0.542767236982996,0.7576315484047534,0.3254680069079059,0.4633314008789519,0.4884559426892007,0.4810444515893772,0.5109929025413784,0.6499613061185323
253,0:16:52.92,0.6344202160835266,0.5110604763031006,0.634199857711792,0.8062372803688049,0.832522451877594,0.6710166931152344,-0.0041821859776973,0.1323165297508239,0.070378839969635,0.0732792168855667,0.0688830539584159,-1.0625181198120115,0.6262598499325285,0.7266071277629526,0.7173405741941357,0.5420494789173983,0.4606862755485498,0.6376978960376117,0.5925757015264764,0.6202387868771915,0.685483502931526,0.6406665631901136,0.719784451433953,0.0618797162830782,0.736470089111703,0.8232227514591549,0.6543178479955992,0.6789879735587494,0.7611597714440338,0.2988549689680866
254,0:17:02.59,0.8388224244117737,0.7788326144218445,0.6856186389923096,0.758384644985199,0.844497561454773,0.6034636497497559,-0.0790823101997375,0.1290434747934341,0.2324438095092773,-0.0418608970940113,0.097280815243721,0.2754707336425781,0.5863503619011455,0.7247063760915622,0.8039726642678373,0.8118804055639164,0.7677744355402923,0.6913645400752574,0.6765623793662539,0.7419335998710543,0.7589294145908053,0.5850491953416779,0.7326100912200316,0.7513019959551233,0.6654216158480236,0.836933265357071,0.581117741881952,0.6171981635442161,0.7743393608748474,0.6832282943258547
255,0:17:03.85,0.7773318290710449,0.6274900436401367,0.6274900436401367,0.7075183391571045,0.6788132190704346,0.7831536531448364,-0.0129226557910442,0.0846674740314483,0.0846669673919677,0.1597732305526733,0.3064207136631012,-0.5751715302467346,0.621602612324079,0.6989360304309953,0.7249783156835652,0.7307067995811967,0.5942107783342351,0.6306947506036933,0.665244287226926,0.6570459295922912,0.6872648896516165,0.6824466970508837,0.8270665864019978,0.312993614505021,0.5898986411846964,0.6472383432115072,0.7758288409055564,0.6454274747044088,0.7551352891258016,0.4981277050652352
256,0:17:04.91,0.5072774291038513,0.5228985548019409,0.504288911819458,0.653457522392273,0.5897852182388306,0.3822242319583893,-0.0855524986982345,-0.2820043861865997,-0.4168660342693329,-0.1770559400320053,-0.0010650046169757,-0.5522740483283997,0.5829028120723087,0.4859997491174979,0.4568830431624554,0.3742085524042496,0.4742624966206413,0.5021076639050707,0.499425108205085,0.4813048481187553,0.4749728914595015,0.519744479422245,0.6881929258200047,0.3247919446197522,0.5096326649487316,0.5453086168203989,0.3413839260236195,0.5156997536328396,0.6310392022201624,0.3314287371812991
257,0:17:04.97,0.6878150105476379,0.6476224064826965,0.7426851391792297,0.6878150105476379,0.6706982254981995,0.6307164430618286,-0.0939176529645919,-0.3270447850227356,0.034149382263422,-0.0939176231622695,-0.5043678283691406,-0.4349468350410461,0.578445556125921,0.4598435694986413,0.6979740593190116,0.6125358351372616,0.6172991037479352,0.7509258030172494,0.5920816677304572,0.5228257831983589,0.7191547567983068,0.5599036749608566,0.4608799113922851,0.3852468539736594,0.5606444234244188,0.6379473441240617,0.6106487187699078,0.5601999743462814,0.5317068844849957,0.4754075998921587
258,0:17:07.35,0.4623040854930877,0.6474286913871765,0.6474286913871765,0.8150627613067627,0.7986372113227844,0.755698561668396,-0.9092366695404052,-0.9606279134750366,-0.9606276154518129,-0.2956359088420868,-0.4286887943744659,-0.6120219826698303,0.1440141733777411,0.0919046848638169,0.1662144155532283,0.3148393357987381,0.6170769461602795,0.6515050515206818,0.2123442383461399,0.301973589382402,0.3603306699402097,0.4624655214915963,0.4950597898560275,0.2940057710331702,0.7495735878309067,0.7844269426553417,0.7460786548397373,0.5773087480273205,0.6108066509757533,0.474834924555797
259,0:17:08.41,0.69841468334198,0.6940606832504272,0.6940606832504272,0.7421762943267822,0.7597782015800476,0.7801244854927063,0.1318542957305908,0.0335684157907962,0.0335679985582828,0.2783638834953308,0.1490786969661712,-0.1774946749210357,0.69874499458294,0.6692614231842985,0.6976632797245437,0.6265284409688687,0.6705557460034705,0.7001756431949285,0.6698583731373116,0.6697791523119673,0.6986682251126977,0.7397308158530225,0.7560042231017524,0.5179036056933433,0.6413565134942798,0.7399365778947248,0.7725464515042039,0.7003810949095255,0.7495771650189413,0.6197607440176875
260,0:17:10.88,0.7598264813423157,0.6941525340080261,0.6941525340080261,0.6933495402336121,0.6468219757080078,0.5323675870895386,-0.0221455655992031,-0.1839546859264373,-0.183954507112503,-0.3007707297801971,-0.20377779006958,-0.3547979295253753,0.616688313283505,0.5429398659426242,0.5813862745342313,0.707598026747749,0.6706610828781097,0.7002715093704754,0.6530521986692026,0.5940283527168184,0.6289403684687289,0.4599851936972241,0.5966391888853569,0.4265449866233934,0.5688617322783359,0.6106110051562428,0.5040784395542358,0.5035358091296689,0.6022279153937112,0.4575583677957303
261,0:17:13.29,0.5630614757537842,0.5181142091751099,0.5181142687797546,0.6681827902793884,0.6042119860649109,0.6996700167655945,-0.6682306528091431,-0.1726838946342468,-0.1726838946342468,-0.650973379611969,-0.1690476685762405,-0.2287791520357132,0.2724308728175701,0.5494851197392816,0.5874109985580324,0.4478489554251001,0.4687756826988113,0.5165374207410763,0.3425981058605821,0.5172013449230934,0.55906156743125,0.2908230405257829,0.6123247925329522,0.4914783772372904,0.53149578269327,0.5618260774337388,0.6853664318523982,0.3870921373927778,0.5921253064932669,0.5690335990833335
262,0:17:16.81,0.8729260563850403,0.9091575145721436,0.9091575741767884,0.7473461627960205,0.8212859630584717,0.7473461627960205,-0.3002605140209198,-0.1006551682949066,-0.1006557941436767,-0.2619125247001648,-0.2642371952533722,-0.2619123458862304,0.4684986364215397,0.5913141521753292,0.6259137354990365,0.8569005386271591,0.9172344729789726,0.9246758742675604,0.6238593973037875,0.7216822804967866,0.745418591006446,0.4787552905050963,0.5693331437088609,0.4744059165973822,0.6490323971476857,0.8103578974780319,0.737028041376572,0.5468661331621321,0.6657430452165293,0.5794547665090581
263,0:17:19.19,0.5324178338050842,0.6203199625015259,0.6203200817108154,0.7549577951431274,0.4251319766044616,0.6569039821624756,-0.2472142279148101,-0.1014071702957153,-0.1014071702957153,-0.0754946619272232,-0.7944787740707397,-0.2721532881259918,0.4967636111789265,0.5908774442438908,0.6255120861687246,0.4073963479387692,0.5859879399190184,0.6232113411365352,0.4610167058828636,0.5889216425139419,0.6245917881558488,0.568802716106923,0.3298534389114155,0.469129091064272,0.6603336526160868,0.3567942200864396,0.6390253920553967,0.6054150907105885,0.3406297513814251,0.5370876114607218
264,0:17:22.74,0.615846574306488,0.6412480473518372,0.7389959096908569,0.683271586894989,0.7497804164886475,0.6978533864021301,-0.5121528506278992,-0.3270175158977508,-0.2752566635608673,-0.3115038573741913,-0.4808349609375,-0.3879319727420807,0.3555947559594885,0.459859405418162,0.5325805599876147,0.5175304533506564,0.6099888203466274,0.7470752923517875,0.4203690349159557,0.5199111713895482,0.6183784529332838,0.4548006556163843,0.4715083576905484,0.4094720883326242,0.5538986441935975,0.7284899376313869,0.6833979411856577,0.4944398510472695,0.5743009896668838,0.5190424294738376
265,0:17:27.94,0.5342336893081665,0.712306797504425,0.4546595513820648,0.6304458379745483,0.568229079246521,0.6807955503463745,-0.5197230577468872,-0.1876575648784637,-0.3904215693473816,-0.4009183645248413,-0.3445238471031189,-0.4520442485809326,0.3515610765290685,0.5407895038348539,0.4710189744101329,0.4097934549811062,0.6914808717190315,0.4503086684003141,0.3748540279098835,0.601066050988525,0.4627348520062053,0.4116098043717318,0.5330722685676924,0.3764371110608316,0.4754664161727017,0.5206286135741076,0.6649141638879409,0.4371524490921198,0.5280948065702585,0.4918279321916753
266,0:17:30.42,0.852818489074707,0.5676245093345642,0.5696202516555786,0.8463214635848999,0.6528984308242798,0.6480357646942139,0.1658970862627029,-0.0176070816814899,-0.2407296597957611,0.2176533341407776,-0.7591528296470642,-0.3333344757556915,0.7168842213920782,0.6395424256052731,0.551037025370913,0.8303565811800777,0.5255554025136618,0.5702950785456429,0.7622731653072781,0.5939476163686286,0.5587402466408049,0.7104051461187396,0.3458081415983329,0.4376044085231538,0.7959844710615177,0.6175680456563546,0.6294158403997655,0.7446368760958508,0.4545121032215416,0.5143289812737986
267,0:17:35.59,0.7009512782096863,0.6282663941383362,0.6282663941383362,0.7297882437705994,0.8541110754013062,0.834500789642334,-0.2000133544206619,-0.5261450409889221,-0.5261448621749878,-0.4939324557781219,-0.4044107496738434,-0.2352391183376312,0.5219139392371437,0.3442206578064437,0.3984678699812114,0.6298769945352805,0.5951011175893782,0.6315050406338677,0.5650991613563984,0.4445728417196175,0.4916827382422739,0.3666802072963004,0.5060247899809364,0.4881497660287785,0.6229635436677611,0.847939946817668,0.8314683155020408,0.4691935418448847,0.642790852715629,0.6254771858180834
268,0:17:38.56,0.8964694738388062,0.8964695334434509,0.8748233318328857,0.9092830419540404,0.9104133248329164,0.9105733036994934,-0.176415666937828,-0.1764159351587295,-0.3720201551914215,0.051861997693777,-0.247128278017044,0.0590026639401912,0.5344876383590919,0.5473178227164829,0.4808554799373356,0.887980154644681,0.9026835611246096,0.8888406499334777,0.6758846448733276,0.6894641180797336,0.6440495479357924,0.630321173413171,0.5770602602022489,0.6397630173566803,0.8894657178421596,0.9124013839628532,0.9139000731830228,0.7339789911847664,0.7111967097064906,0.7494178396872173
269,0:17:40.89,0.6322854161262512,0.59555584192276,0.5925915241241455,0.8420267701148987,0.7915608286857605,0.4124481976032257,-0.2813339233398437,-0.4119117856025696,-0.3665265738964081,-0.3021617829799652,-0.4349018037319183,-0.6389085054397583,0.4785834066686766,0.4105590034592571,0.4837920826524608,0.5392313339698079,0.5575877924063802,0.594270580725222,0.5028425775891292,0.4693705190381063,0.5279834818815653,0.4593132583062103,0.492253729927372,0.2801520174890812,0.7896079901899206,0.7763250675228769,0.3741344489039529,0.5914311510596943,0.605882264965574,0.3177449900550299
270,0:17:41.77,0.4483182728290558,0.5581769943237305,0.5751280784606934,0.7364710569381714,0.533793032169342,0.6268069744110107,0.3618071973323822,0.2521458268165588,0.1875215470790863,0.3684567511081695,-0.3297263979911804,0.0166849233210086,0.8212721955666462,0.7961952463996388,0.7799593966491689,0.2963766938248311,0.5147207427856032,0.5760436897186404,0.6113139948699202,0.6836054449540245,0.6983931138769575,0.7832493428490303,0.5397554275025046,0.6179580575224336,0.632885748972781,0.4812021766803102,0.6064124400497978,0.7231039052985306,0.5163341271736268,0.6133398105333793
271,0:17:45.94,0.6214646100997925,0.6260268688201904,0.6190289855003357,0.6480777263641357,0.6225109696388245,0.6286814212799072,-0.2671791017055511,-0.1686520278453827,-0.3423592150211334,-0.7457044124603271,-0.3688586056232452,-0.3649643957614898,0.4861256062373381,0.5518265339952367,0.4967107832012191,0.5249468106221309,0.592532770807536,0.6218638023769493,0.5016540879912552,0.5681090287201565,0.5467719908715112,0.2450640906820832,0.5220816540637999,0.4213065361605108,0.5016450945421057,0.5827769060663218,0.6084435803637178,0.3476964922260922,0.5463597548648087,0.4961613538417936
272,0:17:51.51,0.4421018958091736,0.4293398857116699,0.3747065365314483,0.7383636236190796,0.4721665382385254,0.4943367838859558,-0.079759880900383,-0.796689510345459,-0.6792821288108826,0.0150009989738464,-0.8814335465431213,-0.4217913448810577,0.5859893277900717,0.1871081561804496,0.3166080978507746,0.288170467554686,0.3669669439762995,0.3668603664206168,0.4668617836959174,0.2590516712987896,0.3367090052787115,0.6125158086778996,0.2905809561897476,0.3920254515627837,0.6356957085946561,0.4106449182207723,0.4628684704485045,0.6217877686446022,0.3386065410021576,0.420362659117072
273,0:17:58.21,0.7486397624015808,0.7486397624015808,0.7486397624015808,0.7486397624015808,0.7486397624015808,0.7486397624015808,-0.2979408204555511,-0.2979408502578735,-0.2979408204555511,-0.2979408204555511,-0.2979408502578735,-0.2979408204555511,0.4697346528306595,0.4767450127583859,0.5204547074426232,0.692830462529141,0.7331484754350102,0.7571407431012785,0.5589729767100522,0.5793063978290356,0.6151291217060854,0.4613521552403964,0.5541111360928701,0.4558416116657265,0.6509530495057593,0.7271839826743446,0.7384297787917655,0.5371925129465416,0.6233402747254599,0.5688768785161421
274,0:18:03.80,0.4902270436286926,0.361323207616806,0.361323207616806,0.9099235534667968,0.3959198594093323,0.470685750246048,0.2246640622615814,0.0080333277583122,0.0080333277583122,-0.3823678195476532,0.1726500689983368,0.2675732672214508,0.7481973860847698,0.6544325058918274,0.6840136803877525,0.3517003742878265,0.28896362118235,0.3528919616662829,0.5895985813659925,0.5082449520080364,0.5515649928991646,0.4205704736652172,0.7666500597193256,0.7472326875377704,0.8904167075781342,0.3233487525347576,0.4372403405244067,0.6085089672303841,0.5893295368454984,0.6232357487324249
275,0:18:12.76,0.7758608460426331,0.5534839630126953,0.5534839630126953,0.7636836171150208,0.7518293261528015,0.862942099571228,0.1072857826948165,-0.6256940364837646,-0.6256944537162781,-0.0833071023225784,-0.6337137222290039,-0.0713488310575485,0.685654004586136,0.286409859626948,0.3452534757434997,0.7287649579695823,0.5093386505327852,0.5534533635706822,0.7028983859395146,0.3755813759892829,0.4285334308743727,0.565028988982252,0.4024617908303161,0.5725971178740573,0.6732891841997471,0.7308357703976684,0.8622871624567597,0.60833306706925,0.533811382657257,0.6884731357071383
276,0:18:14.56,0.7137596607208252,0.6733911037445068,0.6733911037445068,0.7255586385726929,0.6733911037445068,0.6733911037445068,0.2038328647613525,-0.4653211534023285,-0.4653211534023285,0.2561586201190948,-0.4653211534023285,-0.4653211534023285,0.7370977726201754,0.3795427368719535,0.4309812813123425,0.6467853134330566,0.6468513263320654,0.6786024565474195,0.7009727889453279,0.4864661726559983,0.5300297514063733,0.7290047686164655,0.4785150546325226,0.3695959524328489,0.6166837016191383,0.641030467863635,0.6568907462894596,0.6840763418175346,0.5435212199249676,0.4845138699754931
277,0:18:15.66,0.6773576140403748,0.7850824594497681,0.7616758346557617,0.8922555446624756,0.7978687286376953,0.7783890962600708,0.0913886129856109,-0.1926986277103424,-0.3822634518146515,-0.0710268169641494,0.0028747878968715,0.1019748449325561,0.6771834191120506,0.5378620221005055,0.4753799092557995,0.5987310479339184,0.7749419228798733,0.7707467102574708,0.6458024706407978,0.6326939824122526,0.5935266296564681,0.5709608673212351,0.689972304099399,0.6619051890988019,0.8641843999718049,0.7835470932922678,0.7706659932798404,0.688250280381463,0.7274022197765465,0.7054095107712173
278,0:18:19.59,0.9015066623687744,0.8044813871383667,0.8044813871383667,0.9015066623687744,0.8488514423370361,0.8661677837371826,0.6205667853355408,0.4771154224872589,0.4771154224872589,0.6205667853355408,0.4800239503383636,-0.1733980774879455,0.959148638198484,0.9268411843841704,0.9347622684259498,0.8946297366616809,0.7971891254886185,0.8154235830014216,0.9333410775837628,0.8749803608259497,0.8870267942561385,0.9050287646966793,0.905473209970823,0.5200144495422494,0.8779198564152404,0.8419181002733126,0.8657824960712576,0.8941852013841037,0.8800511660918189,0.6583216681538526
279,0:18:20.82,0.3968552649021148,0.4131154417991638,0.4131154716014862,0.4695130586624145,0.4534158706665039,0.3663826584815979,-0.5311656594276428,-0.0313718877732753,-0.0313718877732753,0.0107365436851978,0.1498823016881942,0.0608335770666599,0.3454640455886095,0.6315488298588114,0.6629495590603419,0.2284404849623334,0.3483603232016941,0.4069484158635503,0.2986546213380991,0.5182734271959645,0.5605491017816253,0.6104559029659421,0.7563671652573509,0.6407064275340315,0.2365239174670823,0.3891769486222873,0.3242180841645856,0.4608831087663981,0.6094910786033254,0.5141110901862531
280,0:18:29.08,0.4393347203731537,0.3792669773101806,0.3792669773101806,0.9104247093200684,0.5931589603424072,0.6366738677024841,-0.4304907321929931,-0.4119980037212372,-0.4119979739189148,-0.0960785597562789,-0.3830813467502594,-0.3000822067260742,0.3991072784305291,0.4105089342623462,0.4594852726507871,0.2845175250634989,0.3095420101707161,0.3716201749153336,0.353271377083717,0.3701221646256942,0.4243392335566057,0.5588598545120815,0.5156580577586882,0.4547382247425315,0.8911607911162018,0.5491712735836591,0.6171041513327417,0.6917802291537296,0.5290633440886766,0.5196845953786156
281,0:18:34.05,0.526818037033081,0.5489588379859924,0.5220257043838501,0.4896215796470642,0.468220978975296,0.5011187791824341,-0.3997406661510467,-0.3917496800422668,-0.3804914653301239,-0.8276183009147644,-0.6271700859069824,-0.6290268898010254,0.4154920228540126,0.4222676842915085,0.4763271274805215,0.400004067961073,0.504149117641329,0.5206198516547141,0.4092968408968368,0.4550202576314367,0.4940442171501986,0.2054963439724159,0.4054171759930464,0.2852436936737583,0.2663797384495035,0.4061275779187973,0.4702174032371961,0.2298497017632509,0.4057013367633467,0.3592331774991334
282,0:18:36.21,0.5835915207862854,0.4573199450969696,0.5992938280105591,0.8921397924423218,0.5237143635749817,0.6085543036460876,0.1971208751201629,0.2061609327793121,0.1014092862606048,0.2673070132732391,0.0763494819402694,0.4313744008541107,0.7335213824201041,0.7694905728338418,0.7339279491570446,0.4749506248274116,0.3990552150468359,0.6012658876528985,0.6300930793830272,0.6213164297190394,0.6808631245553861,0.734389896887947,0.7231566086551457,0.8316341013988212,0.8640125386217897,0.4696629314696605,0.5866339464352137,0.7862389535814841,0.6217591377809516,0.7336340394133782
283,0:18:41.67,0.9318357706069946,0.4798198044300079,0.8325592279434204,0.9778550863265992,0.4802579879760742,0.7902248501777649,0.1565683484077453,-0.2062413990497589,-0.1816180646419525,0.3403034508228302,-0.0174229331314563,0.1935845017433166,0.7119135333506719,0.5299973679490265,0.5826352236139474,0.9346671288562864,0.4248586479625927,0.8447288961633544,0.8010149715529177,0.487941879954453,0.6874726926337102,0.7696501513596514,0.6808049878531581,0.7091086753426369,0.9912770187701888,0.419908961557158,0.7834911511046759,0.8583008983238662,0.576446577334758,0.7388616656474525
284,0:18:44.55,0.7971457839012146,0.2810723781585693,0.7870688438415527,0.4756178557872772,0.2810723781585693,0.8749657869338989,-0.0120880715548992,-0.6206687092781067,0.037547580897808,-0.4943675696849823,-0.6206687092781067,-0.3051029145717621,0.6220473089107611,0.2893282032569173,0.6997905718634481,0.7568631598088279,0.1969298504947791,0.7972498196482579,0.6759736492699878,0.252368862152062,0.738774270977372,0.3664700295452335,0.4083534748765341,0.4521512167569236,0.2455879222356595,0.1918578481984831,0.8753159639285614,0.3181171866214038,0.3217552242053138,0.6214171156255788
285,0:18:49.23,0.5592333674430847,0.3656936287879944,0.3562135398387909,0.8429167866706848,0.3447015881538391,0.2893972396850586,-0.1218490004539489,-0.3980129659175873,-0.3664290010929107,-0.0194341726601123,-0.4740987420082092,-0.558257520198822,0.5635627266259017,0.4186304245293305,0.4838442403514709,0.4427954776704935,0.2939757356064953,0.3475589157448451,0.5152558270437384,0.3687685489601964,0.4293301105088206,0.5958822172952335,0.4745507213698274,0.3217088555442271,0.7909294287472975,0.2647080515582992,0.240797107930818,0.6739011018760591,0.3906136534452161,0.2893441564988634
286,0:18:53.19,0.8259729743003845,0.8742405772209167,0.8742405772209167,0.8423700332641602,0.8590546250343323,0.8552142381668091,-0.5066929459571838,-0.1933369636535644,-0.1933369636535644,-0.4809457063674927,-0.0397860035300254,0.0249403342604637,0.3585039901212695,0.5374913231275937,0.5763708673028801,0.7949178734131559,0.8771908070506667,0.8882324191753191,0.5330695434380242,0.6733711166968229,0.7011154880518558,0.3729533365660399,0.6707048717714307,0.6222118031458098,0.7901176449348933,0.8535999038737444,0.8539132943576638,0.5398190599135813,0.7438628846123562,0.7148923996305514
287,0:18:56.33,0.7821250557899475,0.6350254416465759,0.7939428091049194,0.8761266469955444,0.8385875225067139,0.888260543346405,-0.3433416187763214,-0.0221930555999279,-0.1446746438741684,-0.1081271916627883,-0.4733473658561706,-0.0859296023845672,0.4455434697582978,0.6368792263300078,0.6023833885917125,0.7370343281229204,0.60285257178168,0.8044242924328943,0.5621398131041468,0.6232685645106767,0.6831997501281852,0.5530398742319371,0.4748900748763618,0.5650841191060215,0.8402372642398788,0.8301667576593871,0.8897220888293362,0.6679188302351138,0.6170007479895719,0.6949393069953473
288,0:19:01.61,0.8764376640319824,0.743791937828064,0.9016320109367372,0.924066960811615,0.8853667378425598,0.8997421264648438,0.3836901187896728,0.3758856356143951,-0.1478049606084823,0.413555771112442,0.4836892187595367,0.5147974491119385,0.8329322054940322,0.868054305123659,0.6007100727477234,0.8615362045191428,0.72758886218061,0.9168213177508806,0.8443738051040764,0.8118681279464394,0.7271545707489863,0.8050340076238668,0.9071286014651372,0.8746192936585373,0.9114159167238836,0.8837251053189344,0.9021634691247482,0.8475867712638736,0.8977672030066559,0.8856369638450217
289,0:19:04.61,0.7804969549179077,0.5504042506217957,0.5965138673782349,0.8685416579246521,0.6554613709449768,0.5404625535011292,-0.3108849823474884,-0.3539492487907409,-0.5598897337913513,-0.5392733216285706,-0.3088970482349396,0.0517529360949993,0.4628375364444287,0.4442194186241074,0.38042949459572,0.7348850755753598,0.5058067550261446,0.5983643961360208,0.5716565520968011,0.4688543531849223,0.4676034552118403,0.3447787211207852,0.5491628499492182,0.6360274676283478,0.828975566970992,0.6205024009470408,0.5128501006192894,0.5384574594608679,0.5776986703483472,0.5867565208247245
290,0:19:07.99,0.594391942024231,0.5506063103675842,0.5221555829048157,0.8913546800613403,0.7815753817558289,0.7424869537353516,-0.365466833114624,-0.2193094044923782,-0.459864467382431,-0.0322046764194965,0.2618346512317657,-0.2552833259105682,0.4337543574437625,0.5224084232138588,0.4338981615988256,0.4892082382585129,0.5060384824791146,0.520755408044407,0.4559359097696627,0.5158604469199611,0.4686410601770582,0.589713543488627,0.8069296196010327,0.4778216356833915,0.862846854943932,0.7648925534379425,0.7317626291738238,0.698966868070749,0.7901147931357966,0.5793980330795645
291,0:19:12.34,0.9258008003234864,0.650676965713501,0.6077700257301331,0.9272592067718506,0.6293684244155884,0.827669620513916,-0.2614690661430359,-0.5426047444343567,0.1329130083322525,0.0304250828921794,0.134886160492897,0.0431376062333583,0.489168119161154,0.3346620621697085,0.7507683144495593,0.9267003772384752,0.6208021529462711,0.6101126373128605,0.6641810223920825,0.4491180984803335,0.6945060435948798,0.6199662698539518,0.7495942685060994,0.6315882674526487,0.916155555407077,0.5906281268351343,0.8240660982196141,0.7384419840752019,0.6860078118377133,0.7085793997594348
292,0:19:16.68,0.6254518032073975,0.6753859519958496,0.6503415107727051,0.7387328147888184,0.7297989130020142,0.7393538951873779,-0.2137824892997741,-0.3169754445552826,-0.6155083775520325,-0.5542567372322083,-0.2738641500473022,-0.5571655035018921,0.5145772474843852,0.4656911082575303,0.3506984591366731,0.5302102958835814,0.6491390709916534,0.6545452099456025,0.5208304668440636,0.5390702933511795,0.4722371594602449,0.3375411207011668,0.5649852004613872,0.3222715363458597,0.6362438595740555,0.7056127623129392,0.7283676641693435,0.4570222162503222,0.621236225202008,0.4847099874752533
293,0:19:20.09,0.7584831118583679,0.6476037502288818,0.6382161378860474,0.8407495021820068,0.7563351988792419,0.629254162311554,-0.6337541937828064,-0.6081855893135071,-0.5602357387542725,-0.2490510046482086,-0.5864604115486145,-0.6596797108650208,0.2908011738440024,0.2965774891521355,0.3802445370864021,0.7058246475086158,0.6172777082633395,0.6418897549868025,0.4568105633098478,0.4248575767966171,0.4849026242465622,0.4849679288905902,0.423803400663481,0.2694492887190715,0.7877115860346812,0.7359946234536633,0.6090641993943862,0.6060653917482266,0.548679889779554,0.4052952529891973
294,0:19:23.49,0.4685668051242828,0.6225816607475281,0.6246618032455444,0.7212881445884705,0.358888566493988,0.3863250017166137,-0.0892019867897033,-0.049573641270399,0.0018377415835857,-0.4514307677745819,-0.1949510723352432,-0.147859126329422,0.5809582331704717,0.6209785785699407,0.6807018198353276,0.3231067388529113,0.5885817152001247,0.6277428686895457,0.4778176354434475,0.6080198332220142,0.6595182393770149,0.387210254854631,0.6006257109571718,0.5331738431221601,0.6103431505663394,0.2809509729652754,0.3458274975711757,0.4764634131393143,0.4727558157604132,0.4582353049017663
295,0:19:27.95,0.5269733667373657,0.6610748171806335,0.6610748171806335,0.8026638031005859,0.6689531207084656,0.7121296525001526,0.0900688022375106,0.1149119436740875,0.1149117648601532,-0.1976607143878936,0.0045503377914428,-0.0893417596817016,0.6764801763363931,0.7164998131880707,0.7411457208049033,0.4002091183780213,0.632726683621278,0.6657477417831187,0.5659717531530444,0.6829905613613536,0.7109865291961894,0.5097915336140733,0.6907290538718711,0.5633259450701794,0.7311644230368015,0.6359493429100633,0.6988676245813867,0.5983406893831645,0.668817169487148,0.6175426168746623
296,0:19:30.18,0.9362330436706544,0.9422861933708192,0.9422861933708192,0.8047922253608704,0.8420702815055847,0.9554860591888428,0.4851439893245697,0.4484103918075561,0.4484104514122009,0.6717454195022583,0.6151356101036072,0.5946780443191528,0.8869904874248717,0.9101713955318408,0.919417979979154,0.9404719598079152,0.9552273167704028,0.9592527695083352,0.9083830763780892,0.9281937640272656,0.9353518957908266,0.9297501309004308,0.9664953962494628,0.915779174704726,0.7343245656463232,0.8341542297864154,0.9625672879210746,0.8515799047987878,0.9135589296642438,0.9344944199912656
297,0:19:33.15,0.7576610445976257,0.734174370765686,0.7576610445976257,0.7765220999717712,0.7765220403671265,0.5352168679237366,0.1171796470880508,0.1601327806711197,0.1171796470880508,0.2759639918804168,0.275963693857193,-0.1434139162302017,0.6909258124327473,0.74276077813451,0.7423580208966619,0.7047394382413283,0.7165591822686801,0.7665564065674552,0.6964512627561797,0.732280139788178,0.7520373751649791,0.7385715703899972,0.8133108976678236,0.5354643157761834,0.6923509265402022,0.7591068938667972,0.5071659045894152,0.7200833128500792,0.791629296147413,0.5241449513014762
298,0:19:34.92,0.5715280771255493,0.5035490393638611,0.5166165828704834,0.41153085231781,0.373286098241806,0.3391954898834228,-0.3812861740589142,-0.1990597397089004,-0.3212936520576477,-0.230173572897911,-0.3218839466571808,-0.2379016876220703,0.4253252419431138,0.5341679520587354,0.5079714137575314,0.4590256981441482,0.4520719612857934,0.5149742608494685,0.4388054244235275,0.5013295557495585,0.5107725525943063,0.4940864978184989,0.5432974129019587,0.486777830394843,0.1504357176381737,0.2974349606776157,0.2947582178555418,0.3566261857463688,0.4449524320122214,0.4099699853791225
299,0:19:38.86,0.2668948173522949,0.3007645010948181,0.2174874693155288,0.7627251148223877,0.2334535121917724,0.408013105392456,-0.4260332882404327,-0.3627204298973083,-0.5682787299156189,-0.4766323566436767,-0.3240455687046051,-0.8557623624801636,0.4014823653602637,0.4391257561694838,0.375945143227686,0.056879970638291,0.2195132971569639,0.2027681902529885,0.2636414074714747,0.3512807725644759,0.306674362037807,0.3750368602829868,0.5423211322206974,0.1684142551822699,0.6718660624852293,0.1373381697410127,0.3693286073862626,0.4937685411638838,0.3803279472288235,0.2487799960638669
300,0:19:41.87,0.7476965188980103,0.7478716373443604,0.7478716373443604,0.8222899436950684,0.8322358727455139,0.8222899436950684,0.0948431491851806,0.0804271101951599,0.0804269909858703,0.0307594202458858,-0.102250263094902,0.0307594202458858,0.6790241206134526,0.6964735362920161,0.7227118294776517,0.6915852887577647,0.7322675693328198,0.7563390381017502,0.6840485878711775,0.7107911495083377,0.7361627129272911,0.6201277684224685,0.642493348875864,0.6252101895040513,0.7603040370647055,0.8228946419627103,0.8182367100177198,0.6761982758793633,0.7146538661106026,0.7024207977095187
301,0:19:43.46,0.5575369596481323,0.2687730491161346,0.2026557177305221,0.3685568571090698,0.1536504924297332,0.0671765580773353,-0.3219387233257293,-0.6557559370994568,-0.6643637418746948,-0.1635291278362274,-0.3207925260066986,-0.7945091724395752,0.4569477045135052,0.2689520996490899,0.3245827455768152,0.4405560532972142,0.1828246551174342,0.1872880424753722,0.4503910440269888,0.2345011218364276,0.269664864336238,0.526278481028694,0.5437903450023991,0.1999760382314593,0.0866307312430527,0.0459702866756067,0.0,0.3504193811144375,0.3446623216716821,0.1199856229388755
302,0:19:45.87,0.5313923954963684,0.4371001720428467,0.4495344758033752,0.5500772595405579,0.616719663143158,0.5081248879432678,-0.0080992318689823,-0.5324105620384216,-0.5417863726615906,-0.4660488367080688,-0.7616844177246094,-0.1111800074577331,0.6241727065834309,0.3405821000180754,0.3901066753984878,0.4060426689774574,0.3758666452939674,0.4449595410990067,0.5369206915410415,0.3546959181284322,0.4120478216786954,0.3801491317672269,0.344664768483702,0.5520734039694657,0.3561403905456257,0.5761463372448687,0.4778091841427898,0.3705456352785864,0.4372573959881687,0.5223677160387954
303,0:19:49.36,0.8551586270332336,0.8834555745124817,0.8834555745124817,0.926842987537384,0.8685523867607117,0.9210009574890136,0.384204626083374,0.0617061741650104,0.0617062002420425,0.2905797362327575,0.0821474641561508,0.0796778798103332,0.8332063535397572,0.6856017816430575,0.7127046006818353,0.8334457923925902,0.8877588093173576,0.8978502663342456,0.8333021290808904,0.7664645927127776,0.7867628669427994,0.7456315706099641,0.7257752246312391,0.65041628582084,0.9155375802231658,0.864474058578498,0.9251994214563432,0.8135939744552447,0.7812547582101427,0.7603295400750413
304,0:19:53.11,0.8454315662384033,0.7866033315658569,0.7893524169921875,0.879729151725769,0.7410734295845032,0.7554142475128174,-0.150668129324913,-0.1256195157766342,-0.1510807126760482,0.0688940212130546,-0.1583127230405807,-0.2940128743648529,0.5482068551811361,0.5768166793804005,0.5989590142124791,0.8206051198319436,0.7766860991896033,0.7996332232287601,0.6571661610414591,0.6567644473040817,0.6792286978189914,0.638548334951702,0.6171731516405693,0.4578655549454378,0.84558602839792,0.7185211549502044,0.7457705735850503,0.7213634123301892,0.6577123529644233,0.5730275624012828
305,0:19:56.33,0.7644595503807068,0.7369751930236816,0.7369751930236816,0.6117149591445923,0.5040363073348999,0.399752140045166,-0.0485514514148235,0.3010518848896026,0.3010518848896026,-0.0553540252149105,0.075282871723175,-0.072177916765213,0.6026183047906958,0.8245963190469455,0.840647221286637,0.7137141314712301,0.7197712392052774,0.7449662364897551,0.6470566354629095,0.7826662871102783,0.8023748273678843,0.5785314645162661,0.7226748820042607,0.5721699168871839,0.4476560284461508,0.4471331782490496,0.3603770707878121,0.52618129008822,0.6124582005021763,0.4874527784474352
306,0:20:01.70,0.9274691343307496,0.8437951803207397,0.8776554465293884,0.9274664521217346,0.8228737711906433,0.8381050229072571,-0.2099396735429763,0.1289545744657516,0.1472470164299011,-0.6365489363670349,-0.5531336069107056,-0.4948470890522003,0.5166248383401505,0.724654749263223,0.7584305815277567,0.928902741463488,0.8422752218072622,0.8917965755214804,0.6815359995894855,0.7717029382808387,0.8117769791252462,0.2977906345139622,0.4388552065862254,0.354382194999349,0.9164632597912186,0.8121758069779875,0.8353738428374019,0.5452596846248647,0.5881834467429303,0.5467788541345702
307,0:20:06.30,0.5321266055107117,0.5290776491165161,0.5860568881034851,0.543995201587677,0.5549800992012024,0.4894545376300812,-0.5996119379997253,-0.5683745741844177,-0.5950625538825989,-0.6251242756843567,-0.7676054835319519,-0.6962503790855408,0.3089933993268319,0.3196968240033633,0.3616278070567869,0.4070118980779828,0.4813488451735922,0.5874502715599164,0.3482007988272922,0.3843576324714549,0.4519567928580387,0.3033092112616348,0.3419905627098145,0.2506056089764311,0.3471101474171261,0.505459622937836,0.4575780952677823,0.3208295857238313,0.4073781868010231,0.3333946034929715
308,0:20:11.48,0.9337295293807985,0.8727055788040161,0.9258780479431152,0.8086787462234497,0.842625617980957,0.920557141304016,0.1470960229635238,-0.1044516712427139,0.2329665571451187,0.2578394114971161,0.1633215546607971,0.3266248404979706,0.7068663366621212,0.5891094200772046,0.8042520998571733,0.937167075842964,0.8754304303260829,0.9421273130494876,0.7989866323344583,0.7036378241767559,0.8594021851340989,0.7298166593565117,0.7624369049065036,0.7776600488430646,0.740095018441245,0.8347900442993884,0.9247185046801588,0.7339280029904051,0.7913781606636575,0.8364834311779022
309,0:20:16.28,0.809662938117981,0.8211212158203125,0.8769635558128357,0.901995062828064,0.9239128828048706,0.7926022410392761,-0.0852490067481994,0.4380486607551574,0.0728291422128677,0.1468522995710373,-0.0116540566086769,-0.0371925234794616,0.5830645235310459,0.9041540576402548,0.7186503871984297,0.7733870288458176,0.8162721204873385,0.891074437581345,0.6591935256569545,0.8690012827790883,0.7876200073515958,0.6762053607649272,0.683410458457273,0.5901967558492652,0.878645001575912,0.9278572656812908,0.786067278761793,0.7571812170893211,0.7811891813468801,0.6685449650142763
310,0:20:30.79,0.9627358913421632,0.7072442770004272,0.7072442770004272,0.9147995710372924,0.8931446075439453,0.6184201836585999,-0.2515629529953003,-0.7575671076774597,-0.7575674057006836,-0.1839004606008529,-0.1886500716209411,-0.1120219528675079,0.4944464535860086,0.2098275951229937,0.2747605772037974,0.9754583134508784,0.685675039501328,0.7139355810094457,0.6868511975319566,0.4001665728743274,0.4504305787260567,0.5164382970235433,0.6034715115342504,0.5516395767949959,0.8976563005747046,0.8926301253481663,0.5973245597346504,0.6689254984440078,0.7191349570598168,0.5699135699708576
311,0:20:33.32,0.8333388566970825,0.6681066751480103,0.8524467945098877,0.975655734539032,0.8670610189437866,0.8274571895599365,0.0401857867836952,0.0324832387268543,-0.259614884853363,0.2394718527793884,0.267880231142044,0.4242368042469024,0.6499007062901001,0.6686312314689454,0.5409418979482525,0.8046415593210817,0.6407910040531798,0.8654858827958241,0.7117970475024928,0.6574951405026392,0.6707594918872811,0.7209443798843654,0.8096600612526887,0.827956329262218,0.98801156462281,0.862766565294276,0.823835909206678,0.8277712537797433,0.8309026628693237,0.8263081612400021
312,0:20:36.30,0.7814543843269348,0.7814931273460388,0.7814931273460388,0.8659271001815796,0.8297927975654602,0.8550156354904175,-0.1960708498954773,-0.0765395909547805,-0.0765395164489746,0.0150314569473266,-0.1279509961605072,0.0610449127852916,0.5240146478647434,0.6053187211582908,0.6388051305205794,0.736148976130786,0.770825582027246,0.7914303508672476,0.6088683791711604,0.6715214655058729,0.6998552186592467,0.6125305211204742,0.6308858020264514,0.6408153219785099,0.8250936420902428,0.820097522154002,0.8536980895902387,0.6975557695083816,0.7065704900774716,0.7259684290232014
313,0:20:40.79,0.6038254499435425,0.6060512065887451,0.638861894607544,0.8617784976959229,0.805185854434967,0.7850382328033447,0.1573619693517685,-0.049119871109724,0.1657700389623642,0.1700717657804489,0.3356309235095978,0.2377717345952987,0.712336403217657,0.6212420951935717,0.7683320930081696,0.5016613922836758,0.5696241537932041,0.6425637421028799,0.6280663988440646,0.6005949186334246,0.7180247526460537,0.6874213093060432,0.8402591625985164,0.7318769239170237,0.8189340675877945,0.7919245995096202,0.7778709610545492,0.7400264126187437,0.8209253373629579,0.750274538772034
314,0:20:43.69,0.8610410094261169,0.860804557800293,0.8788729310035706,0.9335755705833436,0.9037244319915771,0.8709582090377808,-0.0328088589012622,0.1191187351942062,0.1073995530605316,-0.127669095993042,0.040476243942976,-0.221164733171463,0.611006525958933,0.7189428109736726,0.7371300559075094,0.8412111130559164,0.8617820251270485,0.8930672844778214,0.7030883607977264,0.7760784966350229,0.7995049473356342,0.5436003379658237,0.7069547248555366,0.4954018404247566,0.9255336805988668,0.9047431527231476,0.8709733745700415,0.696373675019041,0.786070096002581,0.6456304540828706
315,0:20:50.99,0.5786586403846741,0.5305195450782776,0.5868678092956543,0.6269068717956543,0.4888883233070373,0.5318217873573303,0.1773811727762222,0.2938881814479828,0.1442470103502273,-0.1592617332935333,0.3978970348834991,0.2779320478439331,0.7230033569479014,0.8204361624142983,0.7568269234537497,0.4684387397519543,0.4830024495437396,0.5882966436029508,0.6211775100695225,0.6854626772660748,0.6894148115134301,0.5283398065201514,0.8683811933226343,0.7525702313692719,0.4702119899132786,0.4297899845019786,0.5034870139674078,0.5050886798774024,0.6929447097943721,0.6529369444085262
316,0:20:53.80,0.471892237663269,0.5324152708053589,0.5324152708053589,0.8690345883369446,0.6339227557182312,0.6003651022911072,-0.1073998510837555,-0.2406843900680542,-0.2406843900680542,0.0690908730030059,-0.1233624517917633,-0.2376704514026641,0.5712617546294322,0.509995390103253,0.5510612243766542,0.3274966353752334,0.4851765178746286,0.5314636163057416,0.4737557069277526,0.5000678412118033,0.5432221811482891,0.6386434223893893,0.6329581843042192,0.4868969789222124,0.8297074379105518,0.5958424609686269,0.577760172903984,0.7150690285978543,0.6181118949699823,0.5232422565149211
317,0:20:57.00,0.6862119436264038,0.7095363140106201,0.7095363140106201,0.8174542784690857,0.7463979721069336,0.809320330619812,-0.1271559298038482,-0.0858306884765625,-0.0858306884765625,-0.2530294954776764,0.1419896781444549,-0.2688035070896148,0.5607350032332764,0.5999231291583135,0.6338385195726943,0.6104196298556712,0.6883036080784701,0.7163278184620617,0.5806088538822344,0.6352753207263762,0.6668342391284413,0.4830461556675467,0.752802519948796,0.4708551246351335,0.7531243565984957,0.7246173174765957,0.8041829086482485,0.5910774360399262,0.7415284389599159,0.6041862382403795
318,0:20:59.52,0.8371953964233398,0.6880860924720764,0.7932722568511963,0.8092626333236694,0.5429278016090393,0.7255299687385559,-0.5985440015792847,-0.5039791464805603,-0.3219712972640991,-0.2579589188098907,-0.6613950133323669,-0.1538834571838379,0.3095624343749382,0.3570929931577059,0.507609177422745,0.8097325693277545,0.6637039275069031,0.8037244258041448,0.5096304883560647,0.4797373668973848,0.6260552767753049,0.4806650432882672,0.3899597395263975,0.5300697007367983,0.7409619359411155,0.4916607351218883,0.713388133528713,0.5847838003494066,0.4306401377645938,0.6033970738535641
319,0:21:02.11,0.8773297071456909,0.6762148141860962,0.7564961314201355,0.8611650466918945,0.7371230125427246,0.7133863568305969,0.0677629560232162,0.2798076868057251,0.2311055362224578,-0.495289534330368,0.4335895478725433,0.5819161534309387,0.6645948168424592,0.8122592377754836,0.8032572881303766,0.8627137887632136,0.6500896320420965,0.7653405671548081,0.743842405610761,0.7473913954821287,0.7880905997401492,0.3660246830447535,0.8845014540029823,0.909203386060178,0.8180232555309686,0.713998252891998,0.7002293824794626,0.5468241120392395,0.8163001735585885,0.8256137846278919
320,0:21:06.62,0.7514157295227051,0.7785993814468384,0.7785993814468384,0.7618787884712219,0.7831538319587708,0.7102096080780029,0.0430595912039279,0.0326750315725803,0.032674852758646,-0.1326074600219726,0.0913065820932388,0.1824850142002105,0.6514319729509379,0.6687426107695744,0.6971858472011373,0.6964950109054011,0.767506957804755,0.788410099759767,0.6694571881327231,0.7082483495836467,0.7336755482245891,0.5412149068656319,0.7299118728070969,0.7033894692480553,0.6706094922952884,0.7666997488798819,0.6967870750096394,0.5929727410374945,0.7446270232362109,0.700748511552689
321,0:21:09.27,0.8946980237960815,0.9232351779937744,0.9232350587844848,0.9648216962814332,0.721432626247406,0.8674762845039368,0.5668683052062988,0.5022690892219543,0.5022690892219543,0.6464032530784607,0.1800036579370498,0.7581287026405334,0.9305361509392064,0.9414485999974108,0.9482082014269798,0.885641667157458,0.9333791091890872,0.939368780955976,0.912578357426507,0.9382208036740812,0.9446724332385782,0.9175088316403084,0.7699712540175406,1.0,0.9719258909433538,0.6960340532344351,0.8672003803027346,0.9392756553615264,0.7403963737042984,0.946880152121094
322,0:21:14.16,0.8585136532783508,0.6072689890861511,0.5630546808242798,0.8920122385025024,0.6331209540367126,0.7690845727920532,0.3883244097232818,-0.2645107507705688,-0.2450592219829559,0.4078608453273773,0.0665125027298927,-0.3116241693496704,0.8354015228746087,0.4961587770557983,0.5487226509416567,0.837874755504327,0.571020738923479,0.5634424821998644,0.836390815926496,0.5261035618028707,0.5546105834449397,0.8022831263600732,0.718713809426436,0.4487910255836566,0.8638231548478286,0.5949244640996227,0.7605836628434316,0.8268991377551753,0.6691980712957107,0.5735080804875665
323,0:21:16.69,0.8080307245254517,0.8653557896614075,0.6287049651145935,0.8967586755752563,0.5972464680671692,0.6097038388252258,0.0871134996414184,-0.1181399226188659,-0.2916093170642853,-0.4537758827209472,-0.230991393327713,-0.2738789021968841,0.6749054845076023,0.581160281727758,0.523839222761709,0.7712323471045618,0.8670014980257026,0.6319627845142533,0.7134362295463861,0.6954967682469358,0.5670886474627267,0.3860774687550619,0.5843483653530569,0.4682399380765493,0.8708703551693562,0.5538511331796822,0.5878795764305794,0.5799946233207796,0.5721494724837071,0.5160957934181614
324,0:21:21.23,0.6045086979866028,0.5680394768714905,0.6996856927871704,0.9240863919258118,0.7234662771224976,0.7294196486473083,-0.2639192938804626,-0.138608917593956,-0.2611213028430938,0.0019174106419086,-0.3544065058231354,-0.2602753043174743,0.4878625494364482,0.569273381899589,0.5401366397894677,0.5025633465927619,0.5260312982445108,0.7060465599494479,0.4937428682989737,0.5519765484375577,0.6065006078534598,0.6061959022622785,0.5286088385248013,0.4752494310462027,0.9114447667754312,0.6983624159443336,0.7176029692767987,0.7282954480675394,0.5965102694926142,0.5721908463384411
325,0:21:27.44,0.870785117149353,0.4435299634933471,0.7597380876541138,0.8176636695861816,0.792321503162384,0.4510622024536133,0.4659026563167572,-0.1299775689840316,0.333887904882431,0.5727081894874573,0.4763528406620025,-0.1927633732557296,0.8767380111124602,0.5742858398357523,0.8581997685753018,0.8540742892310094,0.3832404999434353,0.7687242512263024,0.8676725223598798,0.4978677038788255,0.8224095616357021,0.8819111123165141,0.9038151803166136,0.5100361404402878,0.7534352468779001,0.7771959771305361,0.4159763721053834,0.8305207661410685,0.8531674990421827,0.4724122331063261
326,0:21:29.37,0.7240631580352783,0.7414085865020752,0.7414085865020752,0.6585515737533569,0.675482988357544,0.5617267489433289,-0.235550194978714,-0.341870903968811,-0.3418708741664886,-0.490734189748764,-0.2933098375797272,-1.080896258354187,0.5029786286798428,0.4512336406297843,0.496971826590339,0.6603869386346498,0.724855571934456,0.7495934435872115,0.5659419526617656,0.560682413151653,0.598020473389088,0.3682251001410609,0.5562026988698769,0.0524100572966364,0.5171959803028485,0.6434255034059018,0.5358918658047463,0.427813452205776,0.5910918206842869,0.2458027806998804
327,0:21:32.65,0.6604695320129395,0.5292844176292419,0.5292844176292419,0.731124758720398,0.494127869606018,0.8363672494888306,0.0113780312240123,0.1556667983531952,0.1556666791439056,0.3664377629756927,-0.0592771284282207,0.3254367411136627,0.6345508949558506,0.7401672612318898,0.7629313257706475,0.5764371262585353,0.4815859727648469,0.5281958923583351,0.6113053874769244,0.6367347458450727,0.6690371524057225,0.7822740892926068,0.6619018487282347,0.7770478597475489,0.6249479139310925,0.4357888333549235,0.833490801122433,0.719343619148001,0.5714566425789103,0.7996250362975026
328,0:21:33.82,0.5697576999664307,0.7669219374656677,0.7669219374656677,0.7230793237686157,0.4798089563846588,0.3824649453163147,-0.617333710193634,-0.8798331618309021,-0.8798330426216125,-0.4838748276233673,-0.7124040722846985,-0.8425344824790955,0.2995505998306519,0.1388243856407427,0.2094032843801838,0.4566886269683237,0.7541149566399656,0.7762221557089715,0.3624058106857206,0.3849406140404319,0.4361308329116989,0.3715384516164771,0.3669218736405401,0.1752301529096825,0.6130025766370424,0.4193948573784007,0.3416447616938614,0.4681241016247032,0.3879110671356843,0.2417959964233541
329,0:21:35.93,0.8503370881080627,0.9546621441841124,0.8848656415939331,0.9525400996208192,0.9525400996208192,0.8345885276794434,0.2555316090583801,0.3111907243728637,-0.1665008664131164,0.4017404019832611,0.4017403423786163,0.0664893388748169,0.7646447284922807,0.8304842177668426,0.5907161462361689,0.8270808889667336,0.9694203840181882,0.8993219769863634,0.7896191926820618,0.8860586842673808,0.7141584785362467,0.7993267027723252,0.8701169948537576,0.6436206582385655,0.953690976920711,0.9606330704857576,0.8315633879563175,0.8610724124316795,0.9063234251065576,0.7187977501256664
330,0:21:37.89,0.3246853351593017,0.6974182724952698,0.7154549360275269,0.7843642830848694,0.5839401483535767,0.8111760020256042,0.1819856762886047,0.2663202583789825,-0.4951711595058441,0.2059916406869888,-0.0710534453392028,-0.485006183385849,0.7254568025159371,0.8044267227524746,0.4150249125498274,0.1331691120266515,0.6744063180250806,0.7225051834844228,0.4885417263202228,0.752418560861517,0.5380170209236657,0.7047720728818128,0.6565831619067801,0.3594528946550422,0.7039944887551836,0.5386164933471586,0.8061937039736515,0.704461039231161,0.6093964944829315,0.538149218382486
331,0:21:40.87,0.6381133198738098,0.5792121887207031,0.3243415355682373,0.5057774782180786,0.6653622984886169,0.7160919308662415,-0.7765234112739563,-0.7722935080528259,-0.8943149447441101,-1.0927867889404297,-0.8783896565437317,-1.1826105117797852,0.2147285847008685,0.2012755755292364,0.2016619603131845,0.5469247374876658,0.5388444592701406,0.3142935705663468,0.3476070458155874,0.3363031290255981,0.2467146044144494,0.0774091567133105,0.2919557066951975,0.0,0.2903669633634876,0.6318381472977909,0.7031611276184051,0.1625922793733814,0.4279086829362348,0.281264451047362
332,0:21:42.55,0.7498826384544373,0.5962050557136536,0.3087292313575744,0.8280530571937561,0.7821606397628784,0.3891770541667938,-0.2215578407049179,-0.0666147172451019,-1.1113361120224,-0.0063493587076663,-0.0159076526761055,-0.9933769106864928,0.5104342597782037,0.6110823641577516,0.085652946366751,0.694471180600594,0.5583323279278405,0.2979987469276827,0.5840490281071598,0.5899823496657872,0.1705912665911237,0.602202715735513,0.6814893531135024,0.0975059398435531,0.7688607322612118,0.7655626256396041,0.3489179659141838,0.6688659223457925,0.7151186621239431,0.1980707502718054
333,0:21:43.66,0.6402224898338318,0.4604028463363647,0.5747498869895935,0.8126175999641418,0.6692728996276855,0.5747498869895935,-0.4293735921382904,-0.5585249662399292,-0.3590023815631866,-0.4485883414745331,-0.824826180934906,-0.3590023815631866,0.3997025309498757,0.3254167581342455,0.4878141517633556,0.5497090483296201,0.4025907676091503,0.5756489649400257,0.4597051379017735,0.3562863619242074,0.5229480770340236,0.3885832626070805,0.3161472560552769,0.4243785687932332,0.7459431716817452,0.6363154634276227,0.5500036665383076,0.5315272262369464,0.4442145390042152,0.474628607891263
334,0:21:46.04,0.6627788543701172,0.3932754397392273,0.3471509516239166,0.6267035603523254,0.3112360835075378,0.2878834009170532,-0.0409923866391181,-0.1941480189561844,-0.303987979888916,0.1298491358757019,-1.055912733078003,-0.912559449672699,0.6066460471786809,0.5370203213442096,0.5172221886434687,0.5794856578603178,0.325607284854902,0.3381001404943375,0.5957818914513356,0.4524551067484865,0.4455733693838162,0.6679921396976077,0.2117787163166205,0.1391485574674431,0.4699101263371191,0.226392805789836,0.2391567205709559,0.5887593343534123,0.2176243521059067,0.1791518227088482
335,0:21:48.14,0.7716067433357239,0.6378493309020996,0.6378493309020996,0.8224526047706604,0.8005901575088501,0.1926197707653045,-0.4354945719242096,-0.4010660350322723,-0.4010660350322723,-0.8279141783714294,-0.2201440930366516,-0.7310853600502014,0.3964410521199835,0.4168574245955818,0.4653289581615918,0.7231491259057163,0.6060910825602535,0.6415069123882847,0.5271242816342767,0.4925508877814504,0.5358001398522689,0.2053534231016903,0.5892474686586604,0.2326562726071623,0.7605455456250512,0.7866629051451517,0.1359295750794946,0.4274302721110347,0.6682136432532569,0.1939655935960952
337,0:21:54.23,0.2250314950942993,0.4981626570224762,0.4349212646484375,0.4506585001945495,0.4557184278964996,0.3365441560745239,-0.8166759014129639,-0.6115493178367615,-0.545160174369812,-0.8474902510643005,-0.6700626611709595,-0.7308217883110046,0.193333889548128,0.2946240808849617,0.3883032042701639,0.0016162866998248,0.44589471575962,0.4297074876319958,0.1166468484088067,0.3551323348348251,0.4048649176148967,0.1958973821238237,0.386045060201732,0.2327920825795885,0.2085298982774616,0.3918131869547335,0.2918852471278709,0.2009503885852789,0.3883523109029326,0.2564293483989014
338,0:21:56.35,0.2500866055488586,0.3554968237876892,0.1908340752124786,0.4688090085983276,0.2668907046318054,0.303973525762558,-0.4488730430603027,-0.5849569439888,-0.5641175508499146,-0.5929333567619324,-0.7073923945426941,-0.6387225985527039,0.3893125201017816,0.3100669926893088,0.3781695081885835,0.0346914854781461,0.2822817703293845,0.1749495959942122,0.2474641062523273,0.2989529037453391,0.296881543310835,0.3188587371150241,0.3691853609907248,0.2802478092810299,0.2354785898324896,0.1756210003657963,0.2565918913255968,0.2855066782020103,0.2917596167407534,0.2707854420988567
339,0:21:59.85,0.7782639265060425,0.7761479616165161,0.7486835718154907,0.8004268407821655,0.7291304469108582,0.7062708735466003,-0.2177852839231491,-0.3929407894611358,-0.5234441757202148,-0.5515479445457458,-0.5936859250068665,-0.6518409848213196,0.5124444141176462,0.4215759747882469,0.399911526268411,0.7319372594508198,0.7646956048001077,0.7571864677210235,0.6002415522509157,0.5588238267929913,0.5428215028494561,0.3388495779717133,0.4205400507129708,0.273488330124252,0.7278431272252317,0.7048474237100637,0.6925190839423488,0.4944469976731206,0.5342629999118079,0.4411006316514907
340,0:22:04.97,0.8457145690917969,0.6718378663063049,0.6257825493812561,0.9005289077758789,0.7203642129898071,0.6113480925559998,0.4288168251514435,0.3999969661235809,-0.4566377699375152,0.4470248520374298,-0.0353336036205291,0.063693419098854,0.8569773424834161,0.8820564078568591,0.4356229979066506,0.8209787113053398,0.6450700326161517,0.6289126102202457,0.8425778900121855,0.7872618577605761,0.5129388428320887,0.8212009378188836,0.6727157654066385,0.6421800114194627,0.8764681501404471,0.6948108080755814,0.5896612807265538,0.843307822747509,0.6815537824742157,0.6211725191422991
